experiment,group,metric,mean,std
baseline_controls,cat_random,novel_roc_auc,0.7468225,0.006163851715344124
baseline_controls,cat_random,novel_pr_auc,0.5015118505022558,0.013773590425966273
baseline_controls,cat_random,fleet_roc_auc,0.7446512499999999,0.008441815701835125
baseline_controls,cat_random,fleet_pr_auc,0.49580137153377796,0.017329009132888547
baseline_controls,cat_random,spoof_roc_auc,0.7444606250000001,0.0023677501187836353
baseline_controls,cat_random,spoof_pr_auc,0.4943833105349227,0.00859941324953475
baseline_controls,lik_lam0.5,novel_roc_auc,0.9999568750000002,5.5177271135853756e-05
baseline_controls,lik_lam0.5,novel_pr_auc,0.9999205299096419,9.708250104458105e-05
baseline_controls,lik_lam0.5,fleet_roc_auc,0.9960068750000002,0.0017033484945101433
baseline_controls,lik_lam0.5,fleet_pr_auc,0.9944507760090691,0.002113446648632388
baseline_controls,lik_lam0.5,spoof_roc_auc,0.8948318749999998,0.006153030376367434
baseline_controls,lik_lam0.5,spoof_pr_auc,0.8409565054521455,0.009043078451650168
baseline_controls,lik_lam0.9,novel_roc_auc,0.999405625,0.00019972050783531695
baseline_controls,lik_lam0.9,novel_pr_auc,0.9990245029217497,0.00029564670002584837
baseline_controls,lik_lam0.9,fleet_roc_auc,0.991501875,0.0022477354923901008
baseline_controls,lik_lam0.9,fleet_pr_auc,0.9880665232037658,0.0032281701456787666
baseline_controls,lik_lam0.9,spoof_roc_auc,0.8697518750000001,0.007145681224085622
baseline_controls,lik_lam0.9,spoof_pr_auc,0.8007069755147944,0.010560522597813255
baseline_controls,lik_lam1.0,novel_roc_auc,0.9977918750000001,0.00039370337025477207
baseline_controls,lik_lam1.0,novel_pr_auc,0.996579178407031,0.0006074727397197326
baseline_controls,lik_lam1.0,fleet_roc_auc,0.9851862500000002,0.003276880185481339
baseline_controls,lik_lam1.0,fleet_pr_auc,0.9788923244994102,0.004898496369678118
baseline_controls,lik_lam1.0,spoof_roc_auc,0.8512528125000001,0.007429396806878935
baseline_controls,lik_lam1.0,spoof_pr_auc,0.7649148762803534,0.010473932908298077
baseline_controls,mp_random,novel_roc_auc,0.996708125,0.0015314038188048117
baseline_controls,mp_random,novel_pr_auc,0.9942640330872742,0.0024909049089234603
baseline_controls,mp_random,fleet_roc_auc,0.9825750000000001,0.009429578007856402
baseline_controls,mp_random,fleet_pr_auc,0.9720514568049824,0.015198605988489683
baseline_controls,mp_random,spoof_roc_auc,0.8356775000000001,0.014289893090266627
baseline_controls,mp_random,spoof_pr_auc,0.7122062723139834,0.025008416354837935
baseline_controls,mp_trained,novel_roc_auc,0.9996293749999999,0.00028502741096251655
baseline_controls,mp_trained,novel_pr_auc,0.9993146381347229,0.0005290762840732834
baseline_controls,mp_trained,fleet_roc_auc,0.9953637499999999,0.0016907799143442569
baseline_controls,mp_trained,fleet_pr_auc,0.9930041234768217,0.0021902653005223703
baseline_controls,mp_trained,spoof_roc_auc,0.8676559375,0.011646824372709929
baseline_controls,mp_trained,spoof_pr_auc,0.7873694286347426,0.018338807305182343
baseline_controls,trivial,novel_roc_auc,0.74975,0.0004999999999999894
baseline_controls,trivial,novel_pr_auc,0.49979182311222364,0.0004163537755527802
baseline_controls,trivial,fleet_roc_auc,0.75,0.0
baseline_controls,trivial,fleet_pr_auc,0.5,0.0
baseline_controls,trivial,spoof_roc_auc,0.75,0.0
baseline_controls,trivial,spoof_pr_auc,0.5,0.0
baseline_controls,mp_minus_random,spoof_roc_point,0.03197843749999998,0.013383091973876953
baseline_controls,mp_minus_random,spoof_roc_ci_lower_min,-0.00616029420776181,
baseline_controls,mp_minus_random,spoof_pr_point,0.07516315632075914,0.023011299909379456
baseline_controls,mp_minus_random,spoof_pr_ci_lower_min,0.004338246400248092,
baseline_controls,mp_minus_lik_best,spoof_roc_point,-0.02717593749999998,0.011736078172003377
baseline_controls,mp_minus_lik_best,spoof_roc_ci_lower_min,-0.049056539082001464,
baseline_controls,mp_minus_lik_best,spoof_pr_point,-0.053587076817402914,0.020679964250912685
baseline_controls,mp_minus_lik_best,spoof_pr_ci_lower_min,-0.09036461892243285,
baseline_controls,verdict,a1_trained_beats_random_pr,5/5,
baseline_controls,verdict,a1_trained_beats_random_roc,4/5,
baseline_controls,verdict,a2_mp_beats_likelihood_pr,0/5,
baseline_controls,verdict,a2_mp_beats_likelihood_roc,0/5,
h6_perevent,sg_per_event,pooled_within_cos_wv,0.7583575224623914,0.011379849751480008
h6_perevent,sg_per_event,os_within_cos_wv,0.5505443572998047,0.024861449429479668
h6_perevent,sg_per_event,os_within_cos_vocab,0.08248267620801926,0.022679260673457796
h6_perevent,sg_per_event,browser_within_cos_wv,0.7762851357460022,0.011929387290738716
h6_perevent,sg_per_event,browser_within_cos_vocab,-0.05519452914595604,0.005686506085554328
h6_perevent,sg_per_event,device_type_within_cos_wv,0.5796637952327728,0.07339842610836467
h6_perevent,sg_per_event,device_type_within_cos_vocab,-0.24662592709064485,0.07307720325179512
h6_perevent,sg_per_event,country_within_cos_wv,0.7534315109252929,0.011981642873460447
h6_perevent,sg_per_event,country_within_cos_vocab,-0.03548120222985744,0.004441300740549974
h6_perevent,sg_per_event,region_within_cos_wv,0.7058969140052795,0.014465394579937417
h6_perevent,sg_per_event,region_within_cos_vocab,0.018137337081134318,0.007146702982876208
h6_perevent,sg_per_event,asn_bucket_within_cos_wv,0.8007819175720214,0.014465276818962924
h6_perevent,sg_per_event,asn_bucket_within_cos_vocab,-0.01805703714489937,0.002102475520183938
h6_perevent,sg_per_event,rtt_bucket_within_cos_wv,0.9607151746749878,0.00908367207364444
h6_perevent,sg_per_event,rtt_bucket_within_cos_vocab,0.015279135853052139,0.04679616325333361
h6_perevent,sg_per_account,pooled_within_cos_wv,0.45867556687957245,0.01107933149352297
h6_perevent,sg_per_account,os_within_cos_wv,0.2845012903213501,0.017056591337386625
h6_perevent,sg_per_account,os_within_cos_vocab,-0.07286932840943336,0.018959248551851528
h6_perevent,sg_per_account,browser_within_cos_wv,0.42301897406578065,0.041250579170752755
h6_perevent,sg_per_account,browser_within_cos_vocab,-0.07737809866666794,0.007904081327225039
h6_perevent,sg_per_account,device_type_within_cos_wv,0.3710993766784668,0.0711686932977967
h6_perevent,sg_per_account,device_type_within_cos_vocab,-0.31712127327919004,0.04853361277617025
h6_perevent,sg_per_account,country_within_cos_wv,0.4912950754165649,0.011280084186770074
h6_perevent,sg_per_account,country_within_cos_vocab,-0.04438207894563675,0.0033780651967988164
h6_perevent,sg_per_account,region_within_cos_wv,0.41296279430389404,0.008057211099807287
h6_perevent,sg_per_account,region_within_cos_vocab,-0.0013424720149487258,0.0030836370783720716
h6_perevent,sg_per_account,asn_bucket_within_cos_wv,0.49086626768112185,0.018044953487012086
h6_perevent,sg_per_account,asn_bucket_within_cos_vocab,-0.018711004033684732,0.0008459419828265949
h6_perevent,sg_per_account,rtt_bucket_within_cos_wv,0.7855259299278259,0.02571074901011966
h6_perevent,sg_per_account,rtt_bucket_within_cos_vocab,-0.20308573246002198,0.013796091330073437
h6_perevent,cbow_per_event,pooled_within_cos_wv,0.9035296040999661,0.0032689380558295848
h6_perevent,cbow_per_event,os_within_cos_wv,0.5721381187438965,0.04570827322880846
h6_perevent,cbow_per_event,os_within_cos_vocab,0.20387633442878722,0.013841687351023696
h6_perevent,cbow_per_event,browser_within_cos_wv,0.8788429141044617,0.015386542272217595
h6_perevent,cbow_per_event,browser_within_cos_vocab,-0.00364012373611331,0.008640907986543626
h6_perevent,cbow_per_event,device_type_within_cos_wv,0.7245152831077576,0.047153518281954056
h6_perevent,cbow_per_event,device_type_within_cos_vocab,-0.18283616304397582,0.0404085998623535
h6_perevent,cbow_per_event,country_within_cos_wv,0.9373743414878846,0.0030184384354039933
h6_perevent,cbow_per_event,country_within_cos_vocab,0.07064771428704261,0.016094699745958212
h6_perevent,cbow_per_event,region_within_cos_wv,0.8224492192268371,0.008677290065921585
h6_perevent,cbow_per_event,region_within_cos_vocab,0.012797195464372635,0.0008684235371355026
h6_perevent,cbow_per_event,asn_bucket_within_cos_wv,0.9679781556129455,0.0030175654363192275
h6_perevent,cbow_per_event,asn_bucket_within_cos_vocab,-0.0003908372949808836,0.003828835383511024
h6_perevent,cbow_per_event,rtt_bucket_within_cos_wv,0.9793732166290283,0.0024535287620968916
h6_perevent,cbow_per_event,rtt_bucket_within_cos_vocab,0.14494895190000534,0.043216071802894385
h6_perevent,cbow_per_account,pooled_within_cos_wv,0.5153582376258172,0.010985349022740867
h6_perevent,cbow_per_account,os_within_cos_wv,0.26410056948661803,0.04244371368066385
h6_perevent,cbow_per_account,os_within_cos_vocab,-0.026360535807907582,0.011453628624465318
h6_perevent,cbow_per_account,browser_within_cos_wv,0.5289562702178955,0.045011684926893426
h6_perevent,cbow_per_account,browser_within_cos_vocab,-0.06873894706368447,0.006843472108946313
h6_perevent,cbow_per_account,device_type_within_cos_wv,0.32929915338754656,0.11962154178106926
h6_perevent,cbow_per_account,device_type_within_cos_vocab,-0.29280505776405336,0.07604177673645716
h6_perevent,cbow_per_account,country_within_cos_wv,0.6847366690635681,0.017813471019076235
h6_perevent,cbow_per_account,country_within_cos_vocab,-0.029840485379099845,0.004330364665374773
h6_perevent,cbow_per_account,region_within_cos_wv,0.4126077234745026,0.016483849016754745
h6_perevent,cbow_per_account,region_within_cos_vocab,0.0011441267444752157,0.003712833394267733
h6_perevent,cbow_per_account,asn_bucket_within_cos_wv,0.5659739375114441,0.021754069219689025
h6_perevent,cbow_per_account,asn_bucket_within_cos_vocab,-0.012679513916373253,0.0010445428770850468
h6_perevent,cbow_per_account,rtt_bucket_within_cos_wv,0.9226561546325683,0.0066732793465410145
h6_perevent,cbow_per_account,rtt_bucket_within_cos_vocab,-0.07741431519389153,0.023385051815814926
h6_perevent,jsd_per_event,os,0.42487166282004285,0.029582949066573414
h6_perevent,jsd_per_event,browser,0.42888140059857777,0.01490875234572104
h6_perevent,jsd_per_event,device_type,0.4171865004418388,0.05152355049142521
h6_perevent,jsd_per_event,country,0.5009188173134763,0.008483539130377762
h6_perevent,jsd_per_event,region,0.5130033630894985,0.012794594932719632
h6_perevent,jsd_per_event,asn_bucket,0.4931523073806831,0.006863451321564891
h6_perevent,jsd_per_event,rtt_bucket,0.2610370507751322,0.013191236686890026
h6_perevent,jsd_per_account,os,0.3436455865359382,0.025763856898353376
h6_perevent,jsd_per_account,browser,0.366095218649226,0.013912520808941538
h6_perevent,jsd_per_account,device_type,0.32857007233871754,0.05209278585104388
h6_perevent,jsd_per_account,country,0.4880038672009578,0.009424211774064143
h6_perevent,jsd_per_account,region,0.4926491265546238,0.0142606290683837
h6_perevent,jsd_per_account,asn_bucket,0.4683758375097614,0.007502660996769964
h6_perevent,jsd_per_account,rtt_bucket,0.25284608653200413,0.01222848725083144
h6_perevent,verdict,a3p_collapse_all,0/5,
h6_perevent,verdict,a3p_conditioned_below_threshold,5/5,
h6_perevent,verdict,a3p_rtt_max_cosine,5/5,
h6_perevent,verdict,a3p_rtt_min_jsd,5/5,
h6_likelihood,spoof_k1,lik_lam0.5_roc_auc,0.9527441257500001,0.005180344417912272
h6_likelihood,spoof_k1,lik_lam0.5_pr_auc,0.483944142149418,0.015950667377700137
h6_likelihood,spoof_k1,lik_lam0.5_top1pct_tp,978.4,25.973832986296035
h6_likelihood,spoof_k1,lik_lam0.5_top1pct_precision,0.48435643564356434,0.012858333161532688
h6_likelihood,spoof_k1,lik_lam0.5_two_stage_roc_auc,0.97331710225,0.003548595205204282
h6_likelihood,spoof_k1,lik_lam0.5_two_stage_pr_auc,0.5263233948950857,0.01339496081648903
h6_likelihood,spoof_k1,lik_lam0.5_two_stage_top1pct_tp,1019.6,28.952374686716116
h6_likelihood,spoof_k1,lik_lam0.5_two_stage_top1pct_precision,0.5047524752475248,0.01433285875580007
h6_likelihood,spoof_k1,lik_lam0.9_roc_auc,0.9867113387499999,0.001149134458079412
h6_likelihood,spoof_k1,lik_lam0.9_pr_auc,0.6581266520219581,0.01577201004767398
h6_likelihood,spoof_k1,lik_lam0.9_top1pct_tp,1186.4,40.672349329735056
h6_likelihood,spoof_k1,lik_lam0.9_top1pct_precision,0.5873267326732672,0.02013482640085893
h6_likelihood,spoof_k1,lik_lam0.9_two_stage_roc_auc,0.98227963125,0.0032701958388701405
h6_likelihood,spoof_k1,lik_lam0.9_two_stage_pr_auc,0.6882761580965272,0.014592970928258817
h6_likelihood,spoof_k1,lik_lam0.9_two_stage_top1pct_tp,1254.0,42.54879551761719
h6_likelihood,spoof_k1,lik_lam0.9_two_stage_top1pct_precision,0.6207920792079207,0.021063760157236246
h6_likelihood,spoof_k1,lik_lam1.0_roc_auc,0.9919929545,0.0007748905779405177
h6_likelihood,spoof_k1,lik_lam1.0_pr_auc,0.7658954042023918,0.011027248125679925
h6_likelihood,spoof_k1,lik_lam1.0_top1pct_tp,1469.6,22.63271967749347
h6_likelihood,spoof_k1,lik_lam1.0_top1pct_precision,0.7275247524752475,0.011204316672026478
h6_likelihood,spoof_k1,lik_lam1.0_two_stage_roc_auc,0.9850174540000001,0.0032201072470335853
h6_likelihood,spoof_k1,lik_lam1.0_two_stage_pr_auc,0.7876764185756657,0.014429866850123202
h6_likelihood,spoof_k1,lik_lam1.0_two_stage_top1pct_tp,1500.6,27.57245001808871
h6_likelihood,spoof_k1,lik_lam1.0_two_stage_top1pct_precision,0.7428712871287129,0.013649727731727094
h6_likelihood,spoof_k1,mp_raw_roc_auc,0.9949751457500001,0.001037846982844315
h6_likelihood,spoof_k1,mp_raw_pr_auc,0.887948099765995,0.02553105883938191
h6_likelihood,spoof_k1,mp_raw_top1pct_tp,1660.0,64.47945409198189
h6_likelihood,spoof_k1,mp_raw_top1pct_precision,0.8217821782178218,0.0319205218277138
h6_likelihood,spoof_k1,trivial_roc_auc,0.9501355,0.0031806506409852273
h6_likelihood,spoof_k1,trivial_pr_auc,0.1077989922959746,0.0021138478520361897
h6_likelihood,spoof_k1,trivial_top1pct_tp,225.6,5.238320341483518
h6_likelihood,spoof_k1,trivial_top1pct_precision,0.1116831683168317,0.002593227891823526
h6_likelihood,spoof_k1,two_stage_roc_auc,0.98744191825,0.0032534345118195194
h6_likelihood,spoof_k1,two_stage_pr_auc,0.9053484990827936,0.018664627922399264
h6_likelihood,spoof_k1,two_stage_top1pct_tp,1677.2,68.4233878144016
h6_likelihood,spoof_k1,two_stage_top1pct_precision,0.8302970297029703,0.03387296426455525
h6_likelihood,spoof_k2,lik_lam0.5_roc_auc,0.97932821725,0.0026035798722074104
h6_likelihood,spoof_k2,lik_lam0.5_pr_auc,0.6522059074590625,0.020239078041485975
h6_likelihood,spoof_k2,lik_lam0.5_top1pct_tp,1215.2,32.96300957133617
h6_likelihood,spoof_k2,lik_lam0.5_top1pct_precision,0.6015841584158415,0.016318321569968416
h6_likelihood,spoof_k2,lik_lam0.5_two_stage_roc_auc,0.9812820237500001,0.0025464418636067182
h6_likelihood,spoof_k2,lik_lam0.5_two_stage_pr_auc,0.6813800721447466,0.01671710027648917
h6_likelihood,spoof_k2,lik_lam0.5_two_stage_top1pct_tp,1249.2,35.346286933707766
h6_likelihood,spoof_k2,lik_lam0.5_two_stage_top1pct_precision,0.6184158415841584,0.017498161848370195
h6_likelihood,spoof_k2,lik_lam0.9_roc_auc,0.99610974825,0.0007796744628467369
h6_likelihood,spoof_k2,lik_lam0.9_pr_auc,0.8887383691008075,0.009674951389142074
h6_likelihood,spoof_k2,lik_lam0.9_top1pct_tp,1644.2,14.824304368165135
h6_likelihood,spoof_k2,lik_lam0.9_top1pct_precision,0.8139603960396039,0.007338764538695575
h6_likelihood,spoof_k2,lik_lam0.9_two_stage_roc_auc,0.9875772382499999,0.00225104828721867
h6_likelihood,spoof_k2,lik_lam0.9_two_stage_pr_auc,0.8886338392787033,0.009146838698561428
h6_likelihood,spoof_k2,lik_lam0.9_two_stage_top1pct_tp,1648.4,14.8
h6_likelihood,spoof_k2,lik_lam0.9_two_stage_top1pct_precision,0.816039603960396,0.007326732673267295
h6_likelihood,spoof_k2,lik_lam1.0_roc_auc,0.99765418225,0.0006208393231995154
h6_likelihood,spoof_k2,lik_lam1.0_pr_auc,0.9346124644963844,0.005622907530183737
h6_likelihood,spoof_k2,lik_lam1.0_top1pct_tp,1755.8,14.851262572589578
h6_likelihood,spoof_k2,lik_lam1.0_top1pct_precision,0.8692079207920793,0.007352110184450292
h6_likelihood,spoof_k2,lik_lam1.0_two_stage_roc_auc,0.9884584679999999,0.002201759097502226
h6_likelihood,spoof_k2,lik_lam1.0_two_stage_pr_auc,0.9291622923919576,0.007094185387056061
h6_likelihood,spoof_k2,lik_lam1.0_two_stage_top1pct_tp,1756.6,12.467557900406959
h6_likelihood,spoof_k2,lik_lam1.0_two_stage_top1pct_precision,0.8696039603960395,0.006172058366538105
h6_likelihood,spoof_k2,mp_raw_roc_auc,0.99781082225,0.0006389580674482077
h6_likelihood,spoof_k2,mp_raw_pr_auc,0.9508360645874779,0.012306979444398845
h6_likelihood,spoof_k2,mp_raw_top1pct_tp,1832.2,35.52126123886932
h6_likelihood,spoof_k2,mp_raw_top1pct_precision,0.9070297029702971,0.017584782791519482
h6_likelihood,spoof_k2,trivial_roc_auc,0.9506355,0.0020981631252120813
h6_likelihood,spoof_k2,trivial_pr_auc,0.10799138537693527,0.0017179864533513399
h6_likelihood,spoof_k2,trivial_top1pct_tp,227.8,6.705221845696084
h6_likelihood,spoof_k2,trivial_top1pct_precision,0.11277227722772279,0.003319416755295094
h6_likelihood,spoof_k2,two_stage_roc_auc,0.9888935847499999,0.002203630472945064
h6_likelihood,spoof_k2,two_stage_pr_auc,0.9485726943228888,0.009915990652788424
h6_likelihood,spoof_k2,two_stage_top1pct_tp,1817.0,36.066605052319524
h6_likelihood,spoof_k2,two_stage_top1pct_precision,0.8995049504950495,0.01785475497639582
h6_likelihood,spoof_k3,lik_lam0.5_roc_auc,0.978043464,0.002356484468921259
h6_likelihood,spoof_k3,lik_lam0.5_pr_auc,0.6472701477796134,0.01701333502951059
h6_likelihood,spoof_k3,lik_lam0.5_top1pct_tp,1203.2,33.629748735308745
h6_likelihood,spoof_k3,lik_lam0.5_top1pct_precision,0.5956435643564356,0.016648390463024146
h6_likelihood,spoof_k3,lik_lam0.5_two_stage_roc_auc,0.980234259,0.0015334120351684873
h6_likelihood,spoof_k3,lik_lam0.5_two_stage_pr_auc,0.6763254720950547,0.01459327835422105
h6_likelihood,spoof_k3,lik_lam0.5_two_stage_top1pct_tp,1236.8,32.88403868140286
h6_likelihood,spoof_k3,lik_lam0.5_two_stage_top1pct_precision,0.6122772277227723,0.016279227070001435
h6_likelihood,spoof_k3,lik_lam0.9_roc_auc,0.9958047575,0.0005776165398650341
h6_likelihood,spoof_k3,lik_lam0.9_pr_auc,0.8841490822384159,0.007806767430992663
h6_likelihood,spoof_k3,lik_lam0.9_top1pct_tp,1633.0,12.93058390019569
h6_likelihood,spoof_k3,lik_lam0.9_top1pct_precision,0.8084158415841584,0.0064012791585126945
h6_likelihood,spoof_k3,lik_lam0.9_two_stage_roc_auc,0.9866545344999998,0.0015599053715251124
h6_likelihood,spoof_k3,lik_lam0.9_two_stage_pr_auc,0.8835096343124267,0.006943822073582752
h6_likelihood,spoof_k3,lik_lam0.9_two_stage_top1pct_tp,1637.6,10.32666451474047
h6_likelihood,spoof_k3,lik_lam0.9_two_stage_top1pct_precision,0.8106930693069307,0.005112210155812069
h6_likelihood,spoof_k3,lik_lam1.0_roc_auc,0.9975047265000001,0.0004435499516172096
h6_likelihood,spoof_k3,lik_lam1.0_pr_auc,0.932147289646618,0.0054151683796206255
h6_likelihood,spoof_k3,lik_lam1.0_top1pct_tp,1750.6,16.572265988693278
h6_likelihood,spoof_k3,lik_lam1.0_top1pct_precision,0.8666336633663366,0.008204092073610541
h6_likelihood,spoof_k3,lik_lam1.0_two_stage_roc_auc,0.98759231125,0.001596921323618172
h6_likelihood,spoof_k3,lik_lam1.0_two_stage_pr_auc,0.9258982169359047,0.006124812283983994
h6_likelihood,spoof_k3,lik_lam1.0_two_stage_top1pct_tp,1749.8,15.276125163142646
h6_likelihood,spoof_k3,lik_lam1.0_two_stage_top1pct_precision,0.8662376237623762,0.007562438199575575
h6_likelihood,spoof_k3,mp_raw_roc_auc,0.9978709665000001,0.0005666716553467032
h6_likelihood,spoof_k3,mp_raw_pr_auc,0.951462496118185,0.01159809511721038
h6_likelihood,spoof_k3,mp_raw_top1pct_tp,1820.8,34.84479875103313
h6_likelihood,spoof_k3,mp_raw_top1pct_precision,0.9013861386138615,0.017249900371798594
h6_likelihood,spoof_k3,trivial_roc_auc,0.9498854999999999,0.00166636985690452
h6_likelihood,spoof_k3,trivial_pr_auc,0.10769493979606075,0.0016823579416137822
h6_likelihood,spoof_k3,trivial_top1pct_tp,226.4,6.2801273872430325
h6_likelihood,spoof_k3,trivial_top1pct_precision,0.1120792079207921,0.003108973954080712
h6_likelihood,spoof_k3,two_stage_roc_auc,0.9881138440000001,0.0015800117819983292
h6_likelihood,spoof_k3,two_stage_pr_auc,0.9481306750433596,0.008018366893044918
h6_likelihood,spoof_k3,two_stage_top1pct_tp,1812.4,32.824381182285826
h6_likelihood,spoof_k3,two_stage_top1pct_precision,0.8972277227722772,0.01624969365459696
h6_likelihood,novel,lik_lam0.5_roc_auc,0.9793536890000001,0.0026037355144454305
h6_likelihood,novel,lik_lam0.5_pr_auc,0.6544898430252154,0.020061961372791665
h6_likelihood,novel,lik_lam0.5_top1pct_tp,1217.4,32.5674684309358
h6_likelihood,novel,lik_lam0.5_top1pct_precision,0.6026732673267327,0.016122509124225658
h6_likelihood,novel,lik_lam0.5_two_stage_roc_auc,0.9820993977500001,0.002217323120953867
h6_likelihood,novel,lik_lam0.5_two_stage_pr_auc,0.6834389324088852,0.01752370330705542
h6_likelihood,novel,lik_lam0.5_two_stage_top1pct_tp,1254.0,29.543188724306656
h6_likelihood,novel,lik_lam0.5_two_stage_top1pct_precision,0.6207920792079208,0.01462534095262707
h6_likelihood,novel,lik_lam0.9_roc_auc,0.9964944535000001,0.00039970857925685627
h6_likelihood,novel,lik_lam0.9_pr_auc,0.893542117123209,0.007730186115064407
h6_likelihood,novel,lik_lam0.9_top1pct_tp,1654.2,12.796874618437112
h6_likelihood,novel,lik_lam0.9_top1pct_precision,0.818910891089109,0.006335086444770819
h6_likelihood,novel,lik_lam0.9_two_stage_roc_auc,0.9884361177500001,0.0018121189675626148
h6_likelihood,novel,lik_lam0.9_two_stage_pr_auc,0.8926146683148402,0.008231107652964975
h6_likelihood,novel,lik_lam0.9_two_stage_top1pct_tp,1659.8,13.570556362949898
h6_likelihood,novel,lik_lam0.9_two_stage_top1pct_precision,0.8216831683168317,0.006718097209381105
h6_likelihood,novel,lik_lam1.0_roc_auc,0.99811618175,0.00026048603606592286
h6_likelihood,novel,lik_lam1.0_pr_auc,0.9392108525723186,0.004524306454939417
h6_likelihood,novel,lik_lam1.0_top1pct_tp,1762.4,11.217842929904126
h6_likelihood,novel,lik_lam1.0_top1pct_precision,0.8724752475247526,0.005553387589061454
h6_likelihood,novel,lik_lam1.0_two_stage_roc_auc,0.98936196725,0.001738727888932056
h6_likelihood,novel,lik_lam1.0_two_stage_pr_auc,0.9333276189571619,0.005691075928903821
h6_likelihood,novel,lik_lam1.0_two_stage_top1pct_tp,1764.2,15.84171707865028
h6_likelihood,novel,lik_lam1.0_two_stage_top1pct_precision,0.8733663366336634,0.007842434197351632
h6_likelihood,novel,mp_raw_roc_auc,0.9985587445,0.0005219736622627657
h6_likelihood,novel,mp_raw_pr_auc,0.9589501879270227,0.012887788492629108
h6_likelihood,novel,mp_raw_top1pct_tp,1842.6,35.58988620380796
h6_likelihood,novel,mp_raw_top1pct_precision,0.9121782178217822,0.01761875554643956
h6_likelihood,novel,trivial_roc_auc,0.9513855,0.0018485233295796068
h6_likelihood,novel,trivial_pr_auc,0.10828883229819793,0.001730542196771786
h6_likelihood,novel,trivial_top1pct_tp,227.0,7.0710678118654755
h6_likelihood,novel,trivial_top1pct_precision,0.11237623762376239,0.0035005286197353864
h6_likelihood,novel,two_stage_roc_auc,0.98988147325,0.0017766933829433753
h6_likelihood,novel,two_stage_pr_auc,0.9555557380018204,0.009005607200799508
h6_likelihood,novel,two_stage_top1pct_tp,1830.6,37.86079766724415
h6_likelihood,novel,two_stage_top1pct_precision,0.9062376237623763,0.018742969142200052
h6_likelihood,fleet_residual,lik_lam0.5_roc_auc,0.9026531083030671,0.04529473553705674
h6_likelihood,fleet_residual,lik_lam0.5_pr_auc,0.09277290398877056,0.09528368764035051
h6_likelihood,fleet_residual,lik_lam0.5_top1pct_tp,15.2,30.400000000000002
h6_likelihood,fleet_residual,lik_lam0.5_top1pct_precision,0.07004608294930875,0.1400921658986175
h6_likelihood,fleet_residual,lik_lam0.5_two_stage_roc_auc,0.4603446179401994,0.002147917848107237
h6_likelihood,fleet_residual,lik_lam0.5_two_stage_pr_auc,0.009900990099009901,0.0
h6_likelihood,fleet_residual,lik_lam0.5_two_stage_top1pct_tp,0.0,0.0
h6_likelihood,fleet_residual,lik_lam0.5_two_stage_top1pct_precision,0.0,0.0
h6_likelihood,fleet_residual,lik_lam0.9_roc_auc,0.9601402700082943,0.018512051859430848
h6_likelihood,fleet_residual,lik_lam0.9_pr_auc,0.3386481547125224,0.21240205160145595
h6_likelihood,fleet_residual,lik_lam0.9_top1pct_tp,72.4,40.077924097937014
h6_likelihood,fleet_residual,lik_lam0.9_top1pct_precision,0.38105410074114376,0.17823371310874475
h6_likelihood,fleet_residual,lik_lam0.9_two_stage_roc_auc,0.4603446179401994,0.002147917848107237
h6_likelihood,fleet_residual,lik_lam0.9_two_stage_pr_auc,0.009900990099009901,0.0
h6_likelihood,fleet_residual,lik_lam0.9_two_stage_top1pct_tp,0.0,0.0
h6_likelihood,fleet_residual,lik_lam0.9_two_stage_top1pct_precision,0.0,0.0
h6_likelihood,fleet_residual,lik_lam1.0_roc_auc,0.968436668695896,0.01662171731575953
h6_likelihood,fleet_residual,lik_lam1.0_pr_auc,0.5352863501504566,0.19295056347438694
h6_likelihood,fleet_residual,lik_lam1.0_top1pct_tp,100.2,33.79585773434372
h6_likelihood,fleet_residual,lik_lam1.0_top1pct_precision,0.533648344126085,0.1439968870065539
h6_likelihood,fleet_residual,lik_lam1.0_two_stage_roc_auc,0.4603446179401994,0.002147917848107237
h6_likelihood,fleet_residual,lik_lam1.0_two_stage_pr_auc,0.009900990099009901,0.0
h6_likelihood,fleet_residual,lik_lam1.0_two_stage_top1pct_tp,0.0,0.0
h6_likelihood,fleet_residual,lik_lam1.0_two_stage_top1pct_precision,0.0,0.0
h6_likelihood,fleet_residual,mp_raw_roc_auc,0.9565818995065325,0.014174504610429708
h6_likelihood,fleet_residual,mp_raw_pr_auc,0.5158962343869382,0.11752971656025181
h6_likelihood,fleet_residual,mp_raw_top1pct_tp,91.0,22.67156809750927
h6_likelihood,fleet_residual,mp_raw_top1pct_precision,0.4930987393074374,0.11564059741902476
h6_likelihood,fleet_residual,trivial_roc_auc,0.4603446179401994,0.002147917848107237
h6_likelihood,fleet_residual,trivial_pr_auc,0.009900990099009901,0.0
h6_likelihood,fleet_residual,trivial_top1pct_tp,0.0,0.0
h6_likelihood,fleet_residual,trivial_top1pct_precision,0.0,0.0
h6_likelihood,fleet_residual,two_stage_roc_auc,0.4603446179401994,0.002147917848107237
h6_likelihood,fleet_residual,two_stage_pr_auc,0.009900990099009901,0.0
h6_likelihood,fleet_residual,two_stage_top1pct_tp,0.0,0.0
h6_likelihood,fleet_residual,two_stage_top1pct_precision,0.0,0.0
h6_likelihood,delta_mp_minus_lik_best,spoof_k1_roc_point,0.002982191249999966,0.001667797683028957
h6_likelihood,delta_mp_minus_lik_best,spoof_k1_roc_ci_lower_min,0.00019753464921327957,
h6_likelihood,delta_mp_minus_lik_best,spoof_k1_pr_point,0.12205269556360313,0.03287457139641871
h6_likelihood,delta_mp_minus_lik_best,spoof_k1_pr_ci_lower_min,0.05183114494145573,
h6_likelihood,verdict,a2b_lik_detects_fleet_residual,5/5,
h6_likelihood,verdict,a2b_mp_beats_lik_spoofk1_pr,5/5,
h6_likelihood,verdict,a2b_mp_beats_lik_spoofk1_roc,5/5,
a4_nosub,cat_nosub,novel_roc_auc,0.7518109374999999,0.005213085623577454
a4_nosub,cat_nosub,novel_pr_auc,0.5019226430008938,0.005569705005361507
a4_nosub,cat_nosub,fleet_roc_auc,0.5421306249999999,0.006068155351917083
a4_nosub,cat_nosub,fleet_pr_auc,0.33357785095122755,0.005504434987373583
a4_nosub,cat_nosub,spoof_roc_auc,0.7516746874999999,0.005617310229883122
a4_nosub,cat_nosub,spoof_pr_auc,0.5017803662220166,0.005853072883972613
a4_nosub,mp_nosub,novel_roc_auc,0.99958125,0.0003541991406680433
a4_nosub,mp_nosub,novel_pr_auc,0.9993836150678839,0.0003713330032258448
a4_nosub,mp_nosub,fleet_roc_auc,0.9954381250000001,0.0018910339433759337
a4_nosub,mp_nosub,fleet_pr_auc,0.9932904116672983,0.002527571343924193
a4_nosub,mp_nosub,spoof_roc_auc,0.8865381250000001,0.006795274782891403
a4_nosub,mp_nosub,spoof_pr_auc,0.8194329322398147,0.01111308134881053
a4_nosub,mp_random,novel_roc_auc,0.996708125,0.0015314038188048117
a4_nosub,mp_random,novel_pr_auc,0.9942640330872742,0.0024909049089234603
a4_nosub,mp_random,fleet_roc_auc,0.9825750000000001,0.009429578007856402
a4_nosub,mp_random,fleet_pr_auc,0.9720514568049824,0.015198605988489683
a4_nosub,mp_random,spoof_roc_auc,0.8356775000000001,0.014289893090266627
a4_nosub,mp_random,spoof_pr_auc,0.7122062723139834,0.025008416354837935
a4_nosub,mp_trained,novel_roc_auc,0.9996293749999999,0.00028502741096251655
a4_nosub,mp_trained,novel_pr_auc,0.9993146381347229,0.0005290762840732834
a4_nosub,mp_trained,fleet_roc_auc,0.9953637499999999,0.0016907799143442569
a4_nosub,mp_trained,fleet_pr_auc,0.9930041234768217,0.0021902653005223703
a4_nosub,mp_trained,spoof_roc_auc,0.8676559375,0.011646824372709929
a4_nosub,mp_trained,spoof_pr_auc,0.7873694286347426,0.018338807305182343
a4_nosub,trivial,novel_roc_auc,0.74975,0.0004999999999999894
a4_nosub,trivial,novel_pr_auc,0.49979182311222364,0.0004163537755527802
a4_nosub,trivial,fleet_roc_auc,0.75,0.0
a4_nosub,trivial,fleet_pr_auc,0.5,0.0
a4_nosub,trivial,spoof_roc_auc,0.75,0.0
a4_nosub,trivial,spoof_pr_auc,0.5,0.0
a4_nosub,mp_trained_minus_nosub,spoof_roc_point,-0.01888218749999999,0.009006617987797883
a4_nosub,mp_trained_minus_nosub,spoof_pr_point,-0.03206350360507215,0.01580774106632952
a4_nosub,mp_nosub_minus_random,spoof_roc_point,0.05086062499999997,0.009117357158875593
a4_nosub,mp_nosub_minus_random,spoof_pr_point,0.10722665992583129,0.020276911704182582
a4_nosub,verdict,a4_subwords_help_mp_roc,0/5,
a4_nosub,verdict,a4_subwords_hurt_mp_roc,4/5,
a4_nosub,verdict,a4_training_helps_nosub_pr,5/5,
a4_nosub,verdict,a4_training_helps_nosub_roc,5/5,
oov_regime,region_arb|p=0.00|spoof_k1,lik_lam0.5_roc_auc,0.9669125839999999,0.0088641018738045
oov_regime,region_arb|p=0.00|spoof_k1,lik_lam0.5_pr_auc,0.5356621293660782,0.0198646874001251
oov_regime,region_arb|p=0.00|spoof_k1,lik_lam0.5_top1pct_tp,264.2,11.685888926393234
oov_regime,region_arb|p=0.00|spoof_k1,lik_lam0.5_top1pct_precision,0.5231683168316832,0.023140374111669793
oov_regime,region_arb|p=0.00|spoof_k1,lik_lam0.9_roc_auc,0.988883568,0.002021079613655987
oov_regime,region_arb|p=0.00|spoof_k1,lik_lam0.9_pr_auc,0.6966340703462329,0.035840491032414844
oov_regime,region_arb|p=0.00|spoof_k1,lik_lam0.9_top1pct_tp,325.6,20.34305778392226
oov_regime,region_arb|p=0.00|spoof_k1,lik_lam0.9_top1pct_precision,0.6447524752475247,0.04028328274044012
oov_regime,region_arb|p=0.00|spoof_k1,lik_lam1.0_roc_auc,0.9919063359999999,0.0013027435443340668
oov_regime,region_arb|p=0.00|spoof_k1,lik_lam1.0_pr_auc,0.7641726569801057,0.035146396708273485
oov_regime,region_arb|p=0.00|spoof_k1,lik_lam1.0_top1pct_tp,366.0,14.926486525636232
oov_regime,region_arb|p=0.00|spoof_k1,lik_lam1.0_top1pct_precision,0.7247524752475247,0.029557399060665793
oov_regime,region_arb|p=0.00|spoof_k1,mp_nosub_roc_auc,0.9958038,0.0012047636756807973
oov_regime,region_arb|p=0.00|spoof_k1,mp_nosub_pr_auc,0.9136325689878021,0.02203649490324829
oov_regime,region_arb|p=0.00|spoof_k1,mp_nosub_top1pct_tp,431.0,17.977764043395386
oov_regime,region_arb|p=0.00|spoof_k1,mp_nosub_top1pct_precision,0.8534653465346536,0.03559953275919877
oov_regime,region_arb|p=0.00|spoof_k1,mp_raw_roc_auc,0.990850352,0.0020151824840286786
oov_regime,region_arb|p=0.00|spoof_k1,mp_raw_pr_auc,0.8373243229044649,0.040320466377942475
oov_regime,region_arb|p=0.00|spoof_k1,mp_raw_top1pct_tp,389.2,25.498235233050934
oov_regime,region_arb|p=0.00|spoof_k1,mp_raw_top1pct_precision,0.7706930693069307,0.05049155491693252
oov_regime,region_arb|p=0.00|spoof_k1,trivial_roc_auc,0.950854,0.005316858470939408
oov_regime,region_arb|p=0.00|spoof_k1,trivial_pr_auc,0.1084539177028778,0.0033168239014928886
oov_regime,region_arb|p=0.00|spoof_k1,trivial_top1pct_tp,55.4,4.963869458396342
oov_regime,region_arb|p=0.00|spoof_k1,trivial_top1pct_precision,0.10970297029702972,0.009829444472071965
oov_regime,region_arb|p=0.00|spoof_k1,two_stage_roc_auc,0.986709408,0.005261515259414933
oov_regime,region_arb|p=0.00|spoof_k1,two_stage_pr_auc,0.8659466909833572,0.031146882869976418
oov_regime,region_arb|p=0.00|spoof_k1,two_stage_top1pct_tp,398.8,23.111901695879553
oov_regime,region_arb|p=0.00|spoof_k1,two_stage_top1pct_precision,0.7897029702970297,0.045766141972038724
oov_regime,region_arb|p=0.00|spoof_k1,lik_best_roc_auc,0.9919063359999999,0.0013027435443340668
oov_regime,region_arb|p=0.00|spoof_k1,lik_best_pr_auc,0.7641726569801057,0.035146396708273485
oov_regime,region_arb|p=0.00|spoof_k1,lik_best_top1pct_tp,366.0,14.926486525636232
oov_regime,region_arb|p=0.00|spoof_k1,lik_best_top1pct_precision,0.7247524752475247,0.029557399060665793
oov_regime,region_arb|p=0.00|spoof_k2,lik_lam0.5_roc_auc,0.986511756,0.0023694283653707907
oov_regime,region_arb|p=0.00|spoof_k2,lik_lam0.5_pr_auc,0.7125835611834364,0.033889347072496884
oov_regime,region_arb|p=0.00|spoof_k2,lik_lam0.5_top1pct_tp,326.8,16.004999218994044
oov_regime,region_arb|p=0.00|spoof_k2,lik_lam0.5_top1pct_precision,0.6471287128712871,0.031693067760384275
oov_regime,region_arb|p=0.00|spoof_k2,lik_lam0.9_roc_auc,0.996889836,0.0007273355702452198
oov_regime,region_arb|p=0.00|spoof_k2,lik_lam0.9_pr_auc,0.9035186237485782,0.01540897894096504
oov_regime,region_arb|p=0.00|spoof_k2,lik_lam0.9_top1pct_tp,420.2,8.795453370918407
oov_regime,region_arb|p=0.00|spoof_k2,lik_lam0.9_top1pct_precision,0.8320792079207922,0.017416739348353263
oov_regime,region_arb|p=0.00|spoof_k2,lik_lam1.0_roc_auc,0.9975827479999999,0.0008053769879603224
oov_regime,region_arb|p=0.00|spoof_k2,lik_lam1.0_pr_auc,0.9309826271887648,0.01166642728353674
oov_regime,region_arb|p=0.00|spoof_k2,lik_lam1.0_top1pct_tp,437.8,7.11055553385247
oov_regime,region_arb|p=0.00|spoof_k2,lik_lam1.0_top1pct_precision,0.866930693069307,0.014080307987826689
oov_regime,region_arb|p=0.00|spoof_k2,mp_nosub_roc_auc,0.9983180919999999,0.0009847006903297387
oov_regime,region_arb|p=0.00|spoof_k2,mp_nosub_pr_auc,0.9656282417903002,0.013390907742667801
oov_regime,region_arb|p=0.00|spoof_k2,mp_nosub_top1pct_tp,465.4,11.943198901466893
oov_regime,region_arb|p=0.00|spoof_k2,mp_nosub_top1pct_precision,0.9215841584158415,0.02364989881478591
oov_regime,region_arb|p=0.00|spoof_k2,mp_raw_roc_auc,0.9965295160000001,0.0015569424887721746
oov_regime,region_arb|p=0.00|spoof_k2,mp_raw_pr_auc,0.9356360962416519,0.021926291088746445
oov_regime,region_arb|p=0.00|spoof_k2,mp_raw_top1pct_tp,445.8,14.386104406683554
oov_regime,region_arb|p=0.00|spoof_k2,mp_raw_top1pct_precision,0.8827722772277229,0.028487335458779343
oov_regime,region_arb|p=0.00|spoof_k2,trivial_roc_auc,0.950454,0.0038642184203277093
oov_regime,region_arb|p=0.00|spoof_k2,trivial_pr_auc,0.10827154864857809,0.0023125392833686234
oov_regime,region_arb|p=0.00|spoof_k2,trivial_top1pct_tp,56.0,6.2289646009589745
oov_regime,region_arb|p=0.00|spoof_k2,trivial_top1pct_precision,0.1108910891089109,0.012334583368235594
oov_regime,region_arb|p=0.00|spoof_k2,two_stage_roc_auc,0.988107304,0.0043813654196361955
oov_regime,region_arb|p=0.00|spoof_k2,two_stage_pr_auc,0.935609075902002,0.02221993902732873
oov_regime,region_arb|p=0.00|spoof_k2,two_stage_top1pct_tp,445.6,15.818975946628154
oov_regime,region_arb|p=0.00|spoof_k2,two_stage_top1pct_precision,0.8823762376237625,0.031324704844808246
oov_regime,region_arb|p=0.00|spoof_k2,lik_best_roc_auc,0.9975827479999999,0.0008053769879603224
oov_regime,region_arb|p=0.00|spoof_k2,lik_best_pr_auc,0.9309826271887648,0.01166642728353674
oov_regime,region_arb|p=0.00|spoof_k2,lik_best_top1pct_tp,437.8,7.11055553385247
oov_regime,region_arb|p=0.00|spoof_k2,lik_best_top1pct_precision,0.866930693069307,0.014080307987826689
oov_regime,region_arb|p=0.00|novel,lik_lam0.5_roc_auc,0.9847515120000001,0.002376699771754114
oov_regime,region_arb|p=0.00|novel,lik_lam0.5_pr_auc,0.7029443055764453,0.021969690086299298
oov_regime,region_arb|p=0.00|novel,lik_lam0.5_top1pct_tp,324.6,13.57350360076572
oov_regime,region_arb|p=0.00|novel,lik_lam0.5_top1pct_precision,0.6427722772277228,0.026878224952011354
oov_regime,region_arb|p=0.00|novel,lik_lam0.9_roc_auc,0.9966318639999999,0.0006376206157771363
oov_regime,region_arb|p=0.00|novel,lik_lam0.9_pr_auc,0.9029722453023992,0.016735408594111843
oov_regime,region_arb|p=0.00|novel,lik_lam0.9_top1pct_tp,417.6,9.624967532412771
oov_regime,region_arb|p=0.00|novel,lik_lam0.9_top1pct_precision,0.826930693069307,0.0190593416483421
oov_regime,region_arb|p=0.00|novel,lik_lam1.0_roc_auc,0.9977842880000001,0.0004781175377832918
oov_regime,region_arb|p=0.00|novel,lik_lam1.0_pr_auc,0.9344324007210265,0.01335982067582485
oov_regime,region_arb|p=0.00|novel,lik_lam1.0_top1pct_tp,439.6,9.068627239003707
oov_regime,region_arb|p=0.00|novel,lik_lam1.0_top1pct_precision,0.8704950495049506,0.017957677700997456
oov_regime,region_arb|p=0.00|novel,mp_nosub_roc_auc,0.998942456,0.0005709389345139941
oov_regime,region_arb|p=0.00|novel,mp_nosub_pr_auc,0.9725637251086457,0.011738882968591593
oov_regime,region_arb|p=0.00|novel,mp_nosub_top1pct_tp,469.2,12.4
oov_regime,region_arb|p=0.00|novel,mp_nosub_top1pct_precision,0.929108910891089,0.024554455445544524
oov_regime,region_arb|p=0.00|novel,mp_raw_roc_auc,0.9974559359999999,0.0010282343927645735
oov_regime,region_arb|p=0.00|novel,mp_raw_pr_auc,0.9415517375570964,0.020875168839602113
oov_regime,region_arb|p=0.00|novel,mp_raw_top1pct_tp,446.0,13.62350909274112
oov_regime,region_arb|p=0.00|novel,mp_raw_top1pct_precision,0.8831683168316833,0.026977245728200264
oov_regime,region_arb|p=0.00|novel,trivial_roc_auc,0.951854,0.0029238645659469664
oov_regime,region_arb|p=0.00|novel,trivial_pr_auc,0.10883457455220986,0.0024826749885397364
oov_regime,region_arb|p=0.00|novel,trivial_top1pct_tp,55.8,6.368673331236263
oov_regime,region_arb|p=0.00|novel,trivial_top1pct_precision,0.11049504950495051,0.012611234319279728
oov_regime,region_arb|p=0.00|novel,two_stage_roc_auc,0.989840908,0.00263680370186637
oov_regime,region_arb|p=0.00|novel,two_stage_pr_auc,0.9431841419105529,0.017047214194271517
oov_regime,region_arb|p=0.00|novel,two_stage_top1pct_tp,448.6,14.759403781996076
oov_regime,region_arb|p=0.00|novel,two_stage_top1pct_precision,0.8883168316831684,0.029226542142566512
oov_regime,region_arb|p=0.00|novel,lik_best_roc_auc,0.9977842880000001,0.0004781175377832918
oov_regime,region_arb|p=0.00|novel,lik_best_pr_auc,0.9344324007210265,0.01335982067582485
oov_regime,region_arb|p=0.00|novel,lik_best_top1pct_tp,439.6,9.068627239003707
oov_regime,region_arb|p=0.00|novel,lik_best_top1pct_precision,0.8704950495049506,0.017957677700997456
oov_regime,region_arb|p=0.00,delta_mp_minus_likbest_roc_point,-0.0010559839999999543,0.0018743622867055253
oov_regime,region_arb|p=0.00,delta_mp_minus_likbest_roc_ci_lower_min,-0.0052363768061332305,
oov_regime,region_arb|p=0.00,delta_mp_minus_likbest_pr_point,0.07315166592435918,0.04134376182788665
oov_regime,region_arb|p=0.00,delta_mp_minus_likbest_pr_ci_lower_min,-0.024038881599664785,
oov_regime,region_arb|p=0.00,delta_mp_minus_nosub_roc_point,-0.004953447999999927,0.0010079126013381391
oov_regime,region_arb|p=0.00,delta_mp_minus_nosub_pr_point,-0.07630824608333711,0.025998724985579976
oov_regime,region_arb|p=0.10|spoof_k1,lik_lam0.5_roc_auc,0.944723668,0.011518303352738079
oov_regime,region_arb|p=0.10|spoof_k1,lik_lam0.5_pr_auc,0.3890074669777964,0.022807418225231774
oov_regime,region_arb|p=0.10|spoof_k1,lik_lam0.5_top1pct_tp,199.8,11.232096865679178
oov_regime,region_arb|p=0.10|spoof_k1,lik_lam0.5_top1pct_precision,0.39564356435643566,0.022241775971641932
oov_regime,region_arb|p=0.10|spoof_k1,lik_lam0.9_roc_auc,0.981252684,0.0026933550433435216
oov_regime,region_arb|p=0.10|spoof_k1,lik_lam0.9_pr_auc,0.49562180437189635,0.03893200928306204
oov_regime,region_arb|p=0.10|spoof_k1,lik_lam0.9_top1pct_tp,243.8,13.16662447250623
oov_regime,region_arb|p=0.10|spoof_k1,lik_lam0.9_top1pct_precision,0.48277227722772276,0.026072523707933132
oov_regime,region_arb|p=0.10|spoof_k1,lik_lam1.0_roc_auc,0.9869194519999999,0.0015725518471885217
oov_regime,region_arb|p=0.10|spoof_k1,lik_lam1.0_pr_auc,0.5644305778437094,0.04446312994383374
oov_regime,region_arb|p=0.10|spoof_k1,lik_lam1.0_top1pct_tp,287.6,11.146299834474219
oov_regime,region_arb|p=0.10|spoof_k1,lik_lam1.0_top1pct_precision,0.5695049504950495,0.022071880860344964
oov_regime,region_arb|p=0.10|spoof_k1,mp_nosub_roc_auc,0.994737956,0.0013585576969948672
oov_regime,region_arb|p=0.10|spoof_k1,mp_nosub_pr_auc,0.8757313348605263,0.03513775852256465
oov_regime,region_arb|p=0.10|spoof_k1,mp_nosub_top1pct_tp,410.2,24.709512338368803
oov_regime,region_arb|p=0.10|spoof_k1,mp_nosub_top1pct_precision,0.8122772277227723,0.0489297274027105
oov_regime,region_arb|p=0.10|spoof_k1,mp_raw_roc_auc,0.9890149600000001,0.002310377964437883
oov_regime,region_arb|p=0.10|spoof_k1,mp_raw_pr_auc,0.7773163687789785,0.05357439852321956
oov_regime,region_arb|p=0.10|spoof_k1,mp_raw_top1pct_tp,367.0,25.915246477701114
oov_regime,region_arb|p=0.10|spoof_k1,mp_raw_top1pct_precision,0.7267326732673267,0.051317319757824
oov_regime,region_arb|p=0.10|spoof_k1,trivial_roc_auc,0.9056599999999999,0.0050115067594487025
oov_regime,region_arb|p=0.10|spoof_k1,trivial_pr_auc,0.053613703402123694,0.0011250635498477536
oov_regime,region_arb|p=0.10|spoof_k1,trivial_top1pct_tp,28.2,5.844655678480984
oov_regime,region_arb|p=0.10|spoof_k1,trivial_top1pct_precision,0.05584158415841585,0.011573575600952445
oov_regime,region_arb|p=0.10|spoof_k1,two_stage_roc_auc,0.984194292,0.005262938995969488
oov_regime,region_arb|p=0.10|spoof_k1,two_stage_pr_auc,0.7877111659226098,0.04469396484228049
oov_regime,region_arb|p=0.10|spoof_k1,two_stage_top1pct_tp,364.0,26.290682760247975
oov_regime,region_arb|p=0.10|spoof_k1,two_stage_top1pct_precision,0.7207920792079208,0.052060757941085105
oov_regime,region_arb|p=0.10|spoof_k1,lik_best_roc_auc,0.9869194519999999,0.0015725518471885217
oov_regime,region_arb|p=0.10|spoof_k1,lik_best_pr_auc,0.5644305778437094,0.04446312994383374
oov_regime,region_arb|p=0.10|spoof_k1,lik_best_top1pct_tp,287.6,11.146299834474219
oov_regime,region_arb|p=0.10|spoof_k1,lik_best_top1pct_precision,0.5695049504950495,0.022071880860344964
oov_regime,region_arb|p=0.10|spoof_k2,lik_lam0.5_roc_auc,0.9742012599999998,0.004386077080034098
oov_regime,region_arb|p=0.10|spoof_k2,lik_lam0.5_pr_auc,0.5729203093317294,0.0384578165668817
oov_regime,region_arb|p=0.10|spoof_k2,lik_lam0.5_top1pct_tp,273.2,20.836506425022407
oov_regime,region_arb|p=0.10|spoof_k2,lik_lam0.5_top1pct_precision,0.540990099009901,0.04126040876242059
oov_regime,region_arb|p=0.10|spoof_k2,lik_lam0.9_roc_auc,0.99409706,0.0009727004643157427
oov_regime,region_arb|p=0.10|spoof_k2,lik_lam0.9_pr_auc,0.8069847562431288,0.02119307879996171
oov_regime,region_arb|p=0.10|spoof_k2,lik_lam0.9_top1pct_tp,366.0,10.449880382090505
oov_regime,region_arb|p=0.10|spoof_k2,lik_lam0.9_top1pct_precision,0.7247524752475247,0.020692832439783197
oov_regime,region_arb|p=0.10|spoof_k2,lik_lam1.0_roc_auc,0.9957913920000001,0.0010591352702728537
oov_regime,region_arb|p=0.10|spoof_k2,lik_lam1.0_pr_auc,0.8616288238331699,0.015502195647767983
oov_regime,region_arb|p=0.10|spoof_k2,lik_lam1.0_top1pct_tp,389.6,6.151422599691879
oov_regime,region_arb|p=0.10|spoof_k2,lik_lam1.0_top1pct_precision,0.7714851485148515,0.01218103485087502
oov_regime,region_arb|p=0.10|spoof_k2,mp_nosub_roc_auc,0.997807252,0.0012325268828938208
oov_regime,region_arb|p=0.10|spoof_k2,mp_nosub_pr_auc,0.9466215573159087,0.01994383371252666
oov_regime,region_arb|p=0.10|spoof_k2,mp_nosub_top1pct_tp,446.2,14.878171930717832
oov_regime,region_arb|p=0.10|spoof_k2,mp_nosub_top1pct_precision,0.8835643564356437,0.02946172659548088
oov_regime,region_arb|p=0.10|spoof_k2,mp_raw_roc_auc,0.9956779160000002,0.0019133113461389073
oov_regime,region_arb|p=0.10|spoof_k2,mp_raw_pr_auc,0.9018348910503864,0.028980583077956604
oov_regime,region_arb|p=0.10|spoof_k2,mp_raw_top1pct_tp,424.0,20.600970850908944
oov_regime,region_arb|p=0.10|spoof_k2,mp_raw_top1pct_precision,0.8396039603960397,0.040794001684968204
oov_regime,region_arb|p=0.10|spoof_k2,trivial_roc_auc,0.9043240000000001,0.0031303967799625482
oov_regime,region_arb|p=0.10|spoof_k2,trivial_pr_auc,0.05306200425735317,0.0006505129751760237
oov_regime,region_arb|p=0.10|spoof_k2,trivial_top1pct_tp,27.6,5.953150426454887
oov_regime,region_arb|p=0.10|spoof_k2,trivial_top1pct_precision,0.05465346534653466,0.011788416686049281
oov_regime,region_arb|p=0.10|spoof_k2,two_stage_roc_auc,0.9865991919999999,0.004577805125508934
oov_regime,region_arb|p=0.10|spoof_k2,two_stage_pr_auc,0.8949056477788002,0.029348438231033162
oov_regime,region_arb|p=0.10|spoof_k2,two_stage_top1pct_tp,417.6,21.987269043698902
oov_regime,region_arb|p=0.10|spoof_k2,two_stage_top1pct_precision,0.826930693069307,0.043539146621185944
oov_regime,region_arb|p=0.10|spoof_k2,lik_best_roc_auc,0.9957913920000001,0.0010591352702728537
oov_regime,region_arb|p=0.10|spoof_k2,lik_best_pr_auc,0.8616288238331699,0.015502195647767983
oov_regime,region_arb|p=0.10|spoof_k2,lik_best_top1pct_tp,389.6,6.151422599691879
oov_regime,region_arb|p=0.10|spoof_k2,lik_best_top1pct_precision,0.7714851485148515,0.01218103485087502
oov_regime,region_arb|p=0.10|novel,lik_lam0.5_roc_auc,0.9729875280000002,0.0045128545386103214
oov_regime,region_arb|p=0.10|novel,lik_lam0.5_pr_auc,0.5643407750209742,0.03455509379439111
oov_regime,region_arb|p=0.10|novel,lik_lam0.5_top1pct_tp,271.2,12.983065893693986
oov_regime,region_arb|p=0.10|novel,lik_lam0.5_top1pct_precision,0.5370297029702971,0.025709041373651428
oov_regime,region_arb|p=0.10|novel,lik_lam0.9_roc_auc,0.994016096,0.0010378547541077554
oov_regime,region_arb|p=0.10|novel,lik_lam0.9_pr_auc,0.8132039344926983,0.02256896898287029
oov_regime,region_arb|p=0.10|novel,lik_lam0.9_top1pct_tp,370.8,8.930845424706442
oov_regime,region_arb|p=0.10|novel,lik_lam0.9_top1pct_precision,0.7342574257425742,0.017684842425161287
oov_regime,region_arb|p=0.10|novel,lik_lam1.0_roc_auc,0.99620288,0.000677772405811856
oov_regime,region_arb|p=0.10|novel,lik_lam1.0_pr_auc,0.8697057487217406,0.018759834759739028
oov_regime,region_arb|p=0.10|novel,lik_lam1.0_top1pct_tp,390.8,9.019977827023745
oov_regime,region_arb|p=0.10|novel,lik_lam1.0_top1pct_precision,0.7738613861386139,0.017861342231730207
oov_regime,region_arb|p=0.10|novel,mp_nosub_roc_auc,0.998544824,0.0007045207990002602
oov_regime,region_arb|p=0.10|novel,mp_nosub_pr_auc,0.9548106499427798,0.016118248504055546
oov_regime,region_arb|p=0.10|novel,mp_nosub_top1pct_tp,451.4,13.27554142022087
oov_regime,region_arb|p=0.10|novel,mp_nosub_top1pct_precision,0.893861386138614,0.02628820083212056
oov_regime,region_arb|p=0.10|novel,mp_raw_roc_auc,0.9966423800000002,0.0012331486092438716
oov_regime,region_arb|p=0.10|novel,mp_raw_pr_auc,0.908544375876535,0.02645448602928924
oov_regime,region_arb|p=0.10|novel,mp_raw_top1pct_tp,424.8,18.659046063504963
oov_regime,region_arb|p=0.10|novel,mp_raw_top1pct_precision,0.8411881188118813,0.03694860606634646
oov_regime,region_arb|p=0.10|novel,trivial_roc_auc,0.9062439999999998,0.002833666176528213
oov_regime,region_arb|p=0.10|novel,trivial_pr_auc,0.053635661804799215,0.000790403181312485
oov_regime,region_arb|p=0.10|novel,trivial_top1pct_tp,27.4,6.118823416311342
oov_regime,region_arb|p=0.10|novel,trivial_top1pct_precision,0.054257425742574264,0.012116482012497709
oov_regime,region_arb|p=0.10|novel,two_stage_roc_auc,0.98858468,0.002574822794772422
oov_regime,region_arb|p=0.10|novel,two_stage_pr_auc,0.9030379730559966,0.02206492318818072
oov_regime,region_arb|p=0.10|novel,two_stage_top1pct_tp,420.8,18.410866356584094
oov_regime,region_arb|p=0.10|novel,two_stage_top1pct_precision,0.8332673267326733,0.03645716110214671
oov_regime,region_arb|p=0.10|novel,lik_best_roc_auc,0.99620288,0.000677772405811856
oov_regime,region_arb|p=0.10|novel,lik_best_pr_auc,0.8697057487217406,0.018759834759739028
oov_regime,region_arb|p=0.10|novel,lik_best_top1pct_tp,390.8,9.019977827023745
oov_regime,region_arb|p=0.10|novel,lik_best_top1pct_precision,0.7738613861386139,0.017861342231730207
oov_regime,region_arb|p=0.10,delta_mp_minus_likbest_roc_point,0.0020955079999999348,0.0025507814699217307
oov_regime,region_arb|p=0.10,delta_mp_minus_likbest_roc_ci_lower_min,-0.003290911493806542,
oov_regime,region_arb|p=0.10,delta_mp_minus_likbest_pr_point,0.21288579093526896,0.05924582929176548
oov_regime,region_arb|p=0.10,delta_mp_minus_likbest_pr_ci_lower_min,0.09073132737377328,
oov_regime,region_arb|p=0.10,delta_mp_minus_nosub_roc_point,-0.005722996000000013,0.0011539602805920534
oov_regime,region_arb|p=0.10,delta_mp_minus_nosub_pr_point,-0.09841496608154801,0.027645506061393037
oov_regime,region_arb|p=0.25|spoof_k1,lik_lam0.5_roc_auc,0.9232656520000001,0.013451935641877575
oov_regime,region_arb|p=0.25|spoof_k1,lik_lam0.5_pr_auc,0.34403429143168257,0.017223554421832658
oov_regime,region_arb|p=0.25|spoof_k1,lik_lam0.5_top1pct_tp,187.0,8.246211251235321
oov_regime,region_arb|p=0.25|spoof_k1,lik_lam0.5_top1pct_precision,0.3702970297029703,0.01632913119056501
oov_regime,region_arb|p=0.25|spoof_k1,lik_lam0.9_roc_auc,0.972751908,0.0034671322418298287
oov_regime,region_arb|p=0.25|spoof_k1,lik_lam0.9_pr_auc,0.3970221249785818,0.04419894782995022
oov_regime,region_arb|p=0.25|spoof_k1,lik_lam0.9_top1pct_tp,215.2,11.63443165779919
oov_regime,region_arb|p=0.25|spoof_k1,lik_lam0.9_top1pct_precision,0.4261386138613862,0.023038478530295427
oov_regime,region_arb|p=0.25|spoof_k1,lik_lam1.0_roc_auc,0.980992072,0.002003311109722039
oov_regime,region_arb|p=0.25|spoof_k1,lik_lam1.0_pr_auc,0.4430170686092822,0.05294290226789841
oov_regime,region_arb|p=0.25|spoof_k1,lik_lam1.0_top1pct_tp,218.8,15.612815249018993
oov_regime,region_arb|p=0.25|spoof_k1,lik_lam1.0_top1pct_precision,0.4332673267326732,0.03091646583964157
oov_regime,region_arb|p=0.25|spoof_k1,mp_nosub_roc_auc,0.993187356,0.0016315611779838695
oov_regime,region_arb|p=0.25|spoof_k1,mp_nosub_pr_auc,0.8356526629674533,0.04325613033136481
oov_regime,region_arb|p=0.25|spoof_k1,mp_nosub_top1pct_tp,386.0,26.65332999833229
oov_regime,region_arb|p=0.25|spoof_k1,mp_nosub_top1pct_precision,0.7643564356435644,0.0527788712838263
oov_regime,region_arb|p=0.25|spoof_k1,mp_raw_roc_auc,0.9861769240000001,0.0029775383047450196
oov_regime,region_arb|p=0.25|spoof_k1,mp_raw_pr_auc,0.7087156375198536,0.06364774869743055
oov_regime,region_arb|p=0.25|spoof_k1,mp_raw_top1pct_tp,329.4,31.42355804169859
oov_regime,region_arb|p=0.25|spoof_k1,mp_raw_top1pct_precision,0.6522772277227723,0.06222486740930411
oov_regime,region_arb|p=0.25|spoof_k1,trivial_roc_auc,0.8386039999999999,0.0027180846197276346
oov_regime,region_arb|p=0.25|spoof_k1,trivial_pr_auc,0.030578426938891724,0.00029840830731528683
oov_regime,region_arb|p=0.25|spoof_k1,trivial_top1pct_tp,16.8,4.261455150532504
oov_regime,region_arb|p=0.25|spoof_k1,trivial_top1pct_precision,0.03326732673267327,0.008438525050559411
oov_regime,region_arb|p=0.25|spoof_k1,two_stage_roc_auc,0.9827988879999999,0.003024519205998823
oov_regime,region_arb|p=0.25|spoof_k1,two_stage_pr_auc,0.7111265157611186,0.05814363565553456
oov_regime,region_arb|p=0.25|spoof_k1,two_stage_top1pct_tp,326.6,30.473595127585455
oov_regime,region_arb|p=0.25|spoof_k1,two_stage_top1pct_precision,0.6467326732673268,0.06034375272789196
oov_regime,region_arb|p=0.25|spoof_k1,lik_best_roc_auc,0.980992072,0.002003311109722039
oov_regime,region_arb|p=0.25|spoof_k1,lik_best_pr_auc,0.4430170686092822,0.05294290226789841
oov_regime,region_arb|p=0.25|spoof_k1,lik_best_top1pct_tp,218.8,15.612815249018993
oov_regime,region_arb|p=0.25|spoof_k1,lik_best_top1pct_precision,0.4332673267326732,0.03091646583964157
oov_regime,region_arb|p=0.25|spoof_k2,lik_lam0.5_roc_auc,0.961685936,0.007937132961581566
oov_regime,region_arb|p=0.25|spoof_k2,lik_lam0.5_pr_auc,0.5258612450594783,0.03617621007197505
oov_regime,region_arb|p=0.25|spoof_k2,lik_lam0.5_top1pct_tp,258.2,17.045820602130014
oov_regime,region_arb|p=0.25|spoof_k2,lik_lam0.5_top1pct_precision,0.5112871287128713,0.033754100202237666
oov_regime,region_arb|p=0.25|spoof_k2,lik_lam0.9_roc_auc,0.9910114160000001,0.0013368782313075743
oov_regime,region_arb|p=0.25|spoof_k2,lik_lam0.9_pr_auc,0.751627629987899,0.024042555240710445
oov_regime,region_arb|p=0.25|spoof_k2,lik_lam0.9_top1pct_tp,345.0,12.649110640673518
oov_regime,region_arb|p=0.25|spoof_k2,lik_lam0.9_top1pct_precision,0.6831683168316831,0.025047743842917837
oov_regime,region_arb|p=0.25|spoof_k2,lik_lam1.0_roc_auc,0.9937111040000002,0.001272317017438635
oov_regime,region_arb|p=0.25|spoof_k2,lik_lam1.0_pr_auc,0.814698683762154,0.019492822821443087
oov_regime,region_arb|p=0.25|spoof_k2,lik_lam1.0_top1pct_tp,366.8,9.987992791347018
oov_regime,region_arb|p=0.25|spoof_k2,lik_lam1.0_top1pct_precision,0.7263366336633663,0.019778203547221835
oov_regime,region_arb|p=0.25|spoof_k2,mp_nosub_roc_auc,0.9970319200000001,0.001445422801591285
oov_regime,region_arb|p=0.25|spoof_k2,mp_nosub_pr_auc,0.9268511637054251,0.02553256208408441
oov_regime,region_arb|p=0.25|spoof_k2,mp_nosub_top1pct_tp,434.2,19.63058837630701
oov_regime,region_arb|p=0.25|spoof_k2,mp_nosub_top1pct_precision,0.8598019801980199,0.03887245223031092
oov_regime,region_arb|p=0.25|spoof_k2,mp_raw_roc_auc,0.9943532039999999,0.002079360722006623
oov_regime,region_arb|p=0.25|spoof_k2,mp_raw_pr_auc,0.8677199774483466,0.037068303993297684
oov_regime,region_arb|p=0.25|spoof_k2,mp_raw_top1pct_tp,403.0,23.98332754227403
oov_regime,region_arb|p=0.25|spoof_k2,mp_raw_top1pct_precision,0.7980198019801981,0.047491737707473315
oov_regime,region_arb|p=0.25|spoof_k2,trivial_roc_auc,0.837588,0.0034058385164302423
oov_regime,region_arb|p=0.25|spoof_k2,trivial_pr_auc,0.03054659911466512,0.0004223691830142354
oov_regime,region_arb|p=0.25|spoof_k2,trivial_top1pct_tp,16.8,4.707440918375927
oov_regime,region_arb|p=0.25|spoof_k2,trivial_top1pct_precision,0.03326732673267327,0.009321665184902829
oov_regime,region_arb|p=0.25|spoof_k2,two_stage_roc_auc,0.9857897640000001,0.004525983270926191
oov_regime,region_arb|p=0.25|spoof_k2,two_stage_pr_auc,0.8587369672854,0.03796836634388101
oov_regime,region_arb|p=0.25|spoof_k2,two_stage_top1pct_tp,397.4,24.912647390432035
oov_regime,region_arb|p=0.25|spoof_k2,two_stage_top1pct_precision,0.786930693069307,0.04933197503055848
oov_regime,region_arb|p=0.25|spoof_k2,lik_best_roc_auc,0.9937111040000002,0.001272317017438635
oov_regime,region_arb|p=0.25|spoof_k2,lik_best_pr_auc,0.814698683762154,0.019492822821443087
oov_regime,region_arb|p=0.25|spoof_k2,lik_best_top1pct_tp,366.8,9.987992791347018
oov_regime,region_arb|p=0.25|spoof_k2,lik_best_top1pct_precision,0.7263366336633663,0.019778203547221835
oov_regime,region_arb|p=0.25|novel,lik_lam0.5_roc_auc,0.9601604160000001,0.004859677856161263
oov_regime,region_arb|p=0.25|novel,lik_lam0.5_pr_auc,0.524339075055514,0.023073137418810157
oov_regime,region_arb|p=0.25|novel,lik_lam0.5_top1pct_tp,257.4,11.689311356961966
oov_regime,region_arb|p=0.25|novel,lik_lam0.5_top1pct_precision,0.5097029702970297,0.023147151201904904
oov_regime,region_arb|p=0.25|novel,lik_lam0.9_roc_auc,0.9909157439999999,0.001039734064029843
oov_regime,region_arb|p=0.25|novel,lik_lam0.9_pr_auc,0.7591213031104442,0.019506631894885867
oov_regime,region_arb|p=0.25|novel,lik_lam0.9_top1pct_tp,350.2,12.4
oov_regime,region_arb|p=0.25|novel,lik_lam0.9_top1pct_precision,0.6934653465346534,0.024554455445544535
oov_regime,region_arb|p=0.25|novel,lik_lam1.0_roc_auc,0.99418994,0.0006853920577304784
oov_regime,region_arb|p=0.25|novel,lik_lam1.0_pr_auc,0.8215621106934794,0.017463894200420917
oov_regime,region_arb|p=0.25|novel,lik_lam1.0_top1pct_tp,370.2,8.749857141690944
oov_regime,region_arb|p=0.25|novel,lik_lam1.0_top1pct_precision,0.733069306930693,0.017326449785526638
oov_regime,region_arb|p=0.25|novel,mp_nosub_roc_auc,0.997975448,0.0008879101660505673
oov_regime,region_arb|p=0.25|novel,mp_nosub_pr_auc,0.9336920395036985,0.021590363505496618
oov_regime,region_arb|p=0.25|novel,mp_nosub_top1pct_tp,438.4,17.23484841824842
oov_regime,region_arb|p=0.25|novel,mp_nosub_top1pct_precision,0.8681188118811882,0.03412841270940284
oov_regime,region_arb|p=0.25|novel,mp_raw_roc_auc,0.995472528,0.0014869891756754568
oov_regime,region_arb|p=0.25|novel,mp_raw_pr_auc,0.8731428188134729,0.03457414766298633
oov_regime,region_arb|p=0.25|novel,mp_raw_top1pct_tp,402.4,23.243063481391605
oov_regime,region_arb|p=0.25|novel,mp_raw_top1pct_precision,0.7968316831683169,0.04602586827998337
oov_regime,region_arb|p=0.25|novel,trivial_roc_auc,0.838116,0.0018284703989947528
oov_regime,region_arb|p=0.25|novel,trivial_pr_auc,0.030556714265134222,0.0002550418101379809
oov_regime,region_arb|p=0.25|novel,trivial_top1pct_tp,17.0,4.381780460041329
oov_regime,region_arb|p=0.25|novel,trivial_top1pct_precision,0.033663366336633666,0.008676792990180848
oov_regime,region_arb|p=0.25|novel,two_stage_roc_auc,0.9876183959999999,0.002251719711168334
oov_regime,region_arb|p=0.25|novel,two_stage_pr_auc,0.8647954199646023,0.033293195845733196
oov_regime,region_arb|p=0.25|novel,two_stage_top1pct_tp,398.0,23.125743231299616
oov_regime,region_arb|p=0.25|novel,two_stage_top1pct_precision,0.7881188118811882,0.04579355095306854
oov_regime,region_arb|p=0.25|novel,lik_best_roc_auc,0.99418994,0.0006853920577304784
oov_regime,region_arb|p=0.25|novel,lik_best_pr_auc,0.8215621106934794,0.017463894200420917
oov_regime,region_arb|p=0.25|novel,lik_best_top1pct_tp,370.2,8.749857141690944
oov_regime,region_arb|p=0.25|novel,lik_best_top1pct_precision,0.733069306930693,0.017326449785526638
oov_regime,region_arb|p=0.25,delta_mp_minus_likbest_roc_point,0.005184851999999962,0.003219541955958264
oov_regime,region_arb|p=0.25,delta_mp_minus_likbest_roc_ci_lower_min,-0.0014309363039148038,
oov_regime,region_arb|p=0.25,delta_mp_minus_likbest_pr_point,0.2656985689105713,0.07865781557370043
oov_regime,region_arb|p=0.25,delta_mp_minus_likbest_pr_ci_lower_min,0.14728142085808596,
oov_regime,region_arb|p=0.25,delta_mp_minus_nosub_roc_point,-0.007010431999999911,0.0017049390091894855
oov_regime,region_arb|p=0.25,delta_mp_minus_nosub_pr_point,-0.1269370254475997,0.03170417944801369
oov_regime,region_arb|p=0.50|spoof_k1,lik_lam0.5_roc_auc,0.906795168,0.019051634900547933
oov_regime,region_arb|p=0.50|spoof_k1,lik_lam0.5_pr_auc,0.31795259391023045,0.026197978140132222
oov_regime,region_arb|p=0.50|spoof_k1,lik_lam0.5_top1pct_tp,189.4,11.740528097151337
oov_regime,region_arb|p=0.50|spoof_k1,lik_lam0.5_top1pct_precision,0.37504950495049505,0.02324857048940859
oov_regime,region_arb|p=0.50|spoof_k1,lik_lam0.9_roc_auc,0.964930664,0.004504498656932172
oov_regime,region_arb|p=0.50|spoof_k1,lik_lam0.9_pr_auc,0.32508487749193743,0.040512148679509384
oov_regime,region_arb|p=0.50|spoof_k1,lik_lam0.9_top1pct_tp,193.4,15.869467539901898
oov_regime,region_arb|p=0.50|spoof_k1,lik_lam0.9_top1pct_precision,0.382970297029703,0.03142468819782555
oov_regime,region_arb|p=0.50|spoof_k1,lik_lam1.0_roc_auc,0.974747392,0.0021945959812083777
oov_regime,region_arb|p=0.50|spoof_k1,lik_lam1.0_pr_auc,0.34863079583659096,0.04947670200864251
oov_regime,region_arb|p=0.50|spoof_k1,lik_lam1.0_top1pct_tp,135.4,21.629609335353237
oov_regime,region_arb|p=0.50|spoof_k1,lik_lam1.0_top1pct_precision,0.26811881188118813,0.04283090957495691
oov_regime,region_arb|p=0.50|spoof_k1,mp_nosub_roc_auc,0.9903029999999999,0.0024992199539856505
oov_regime,region_arb|p=0.50|spoof_k1,mp_nosub_pr_auc,0.7769124240225198,0.062207683549490286
oov_regime,region_arb|p=0.50|spoof_k1,mp_nosub_top1pct_tp,360.4,35.10327620037766
oov_regime,region_arb|p=0.50|spoof_k1,mp_nosub_top1pct_precision,0.7136633663366337,0.06951143802054982
oov_regime,region_arb|p=0.50|spoof_k1,mp_raw_roc_auc,0.9813304080000002,0.004119309961371678
oov_regime,region_arb|p=0.50|spoof_k1,mp_raw_pr_auc,0.6201138275055726,0.09289926500962056
oov_regime,region_arb|p=0.50|spoof_k1,mp_raw_top1pct_tp,292.2,50.40396809775993
oov_regime,region_arb|p=0.50|spoof_k1,mp_raw_top1pct_precision,0.5786138613861387,0.0998098378173464
oov_regime,region_arb|p=0.50|spoof_k1,trivial_roc_auc,0.726342,0.0027556226156714545
oov_regime,region_arb|p=0.50|spoof_k1,trivial_pr_auc,0.018002415259830196,0.00015401257314562878
oov_regime,region_arb|p=0.50|spoof_k1,trivial_top1pct_tp,8.6,3.006659275674582
oov_regime,region_arb|p=0.50|spoof_k1,trivial_top1pct_precision,0.017029702970297027,0.005953780743910063
oov_regime,region_arb|p=0.50|spoof_k1,two_stage_roc_auc,0.97783302,0.004457498488883647
oov_regime,region_arb|p=0.50|spoof_k1,two_stage_pr_auc,0.6178125275963676,0.08879410520414315
oov_regime,region_arb|p=0.50|spoof_k1,two_stage_top1pct_tp,290.0,49.36800583373811
oov_regime,region_arb|p=0.50|spoof_k1,two_stage_top1pct_precision,0.5742574257425743,0.09775842739354083
oov_regime,region_arb|p=0.50|spoof_k1,lik_best_roc_auc,0.974747392,0.0021945959812083777
oov_regime,region_arb|p=0.50|spoof_k1,lik_best_pr_auc,0.34863079583659096,0.04947670200864251
oov_regime,region_arb|p=0.50|spoof_k1,lik_best_top1pct_tp,135.4,21.629609335353237
oov_regime,region_arb|p=0.50|spoof_k1,lik_best_top1pct_precision,0.26811881188118813,0.04283090957495691
oov_regime,region_arb|p=0.50|spoof_k2,lik_lam0.5_roc_auc,0.9517085,0.007957685303634499
oov_regime,region_arb|p=0.50|spoof_k2,lik_lam0.5_pr_auc,0.5120986628198259,0.037850126320132
oov_regime,region_arb|p=0.50|spoof_k2,lik_lam0.5_top1pct_tp,260.6,14.59588983241515
oov_regime,region_arb|p=0.50|spoof_k2,lik_lam0.5_top1pct_precision,0.516039603960396,0.02890275214339636
oov_regime,region_arb|p=0.50|spoof_k2,lik_lam0.9_roc_auc,0.988214724,0.0016416105185044023
oov_regime,region_arb|p=0.50|spoof_k2,lik_lam0.9_pr_auc,0.7142389328118577,0.021835165051813085
oov_regime,region_arb|p=0.50|spoof_k2,lik_lam0.9_top1pct_tp,330.8,11.754148203932091
oov_regime,region_arb|p=0.50|spoof_k2,lik_lam0.9_top1pct_precision,0.6550495049504951,0.023275540997885348
oov_regime,region_arb|p=0.50|spoof_k2,lik_lam1.0_roc_auc,0.9916275600000001,0.0013448792735111926
oov_regime,region_arb|p=0.50|spoof_k2,lik_lam1.0_pr_auc,0.7729137329030861,0.018324633846412742
oov_regime,region_arb|p=0.50|spoof_k2,lik_lam1.0_top1pct_tp,357.8,14.190137420053409
oov_regime,region_arb|p=0.50|spoof_k2,lik_lam1.0_top1pct_precision,0.7085148514851485,0.028099282019907718
oov_regime,region_arb|p=0.50|spoof_k2,mp_nosub_roc_auc,0.995936188,0.0015809785616559895
oov_regime,region_arb|p=0.50|spoof_k2,mp_nosub_pr_auc,0.8946382807417581,0.03431278272682733
oov_regime,region_arb|p=0.50|spoof_k2,mp_nosub_top1pct_tp,420.0,21.06181378704123
oov_regime,region_arb|p=0.50|spoof_k2,mp_nosub_top1pct_precision,0.8316831683168318,0.04170656195453708
oov_regime,region_arb|p=0.50|spoof_k2,mp_raw_roc_auc,0.99226484,0.002291694070123644
oov_regime,region_arb|p=0.50|spoof_k2,mp_raw_pr_auc,0.8151504259919283,0.04420192191810422
oov_regime,region_arb|p=0.50|spoof_k2,mp_raw_top1pct_tp,375.6,26.74771018236888
oov_regime,region_arb|p=0.50|spoof_k2,mp_raw_top1pct_precision,0.7437623762376238,0.052965762737364135
oov_regime,region_arb|p=0.50|spoof_k2,trivial_roc_auc,0.726436,0.00143241893313376
oov_regime,region_arb|p=0.50|spoof_k2,trivial_pr_auc,0.01800524889424494,8.01432928334107e-05
oov_regime,region_arb|p=0.50|spoof_k2,trivial_top1pct_tp,8.8,3.249615361854384
oov_regime,region_arb|p=0.50|spoof_k2,trivial_top1pct_precision,0.017425742574257424,0.006434881904662146
oov_regime,region_arb|p=0.50|spoof_k2,two_stage_roc_auc,0.986997416,0.003680650518620867
oov_regime,region_arb|p=0.50|spoof_k2,two_stage_pr_auc,0.8094189934778777,0.045084373647462726
oov_regime,region_arb|p=0.50|spoof_k2,two_stage_top1pct_tp,373.0,27.033312782565144
oov_regime,region_arb|p=0.50|spoof_k2,two_stage_top1pct_precision,0.7386138613861386,0.053531312440723025
oov_regime,region_arb|p=0.50|spoof_k2,lik_best_roc_auc,0.9916275600000001,0.0013448792735111926
oov_regime,region_arb|p=0.50|spoof_k2,lik_best_pr_auc,0.7729137329030861,0.018324633846412742
oov_regime,region_arb|p=0.50|spoof_k2,lik_best_top1pct_tp,357.8,14.190137420053409
oov_regime,region_arb|p=0.50|spoof_k2,lik_best_top1pct_precision,0.7085148514851485,0.028099282019907718
oov_regime,region_arb|p=0.50|novel,lik_lam0.5_roc_auc,0.946881344,0.009169552026103795
oov_regime,region_arb|p=0.50|novel,lik_lam0.5_pr_auc,0.50385195492466,0.028564062819909263
oov_regime,region_arb|p=0.50|novel,lik_lam0.5_top1pct_tp,258.0,15.987495113369073
oov_regime,region_arb|p=0.50|novel,lik_lam0.5_top1pct_precision,0.5108910891089109,0.031658406165087284
oov_regime,region_arb|p=0.50|novel,lik_lam0.9_roc_auc,0.987531736,0.0016912226926764965
oov_regime,region_arb|p=0.50|novel,lik_lam0.9_pr_auc,0.7166561454637872,0.02426272133301614
oov_regime,region_arb|p=0.50|novel,lik_lam0.9_top1pct_tp,332.8,10.067770358922576
oov_regime,region_arb|p=0.50|novel,lik_lam0.9_top1pct_precision,0.659009900990099,0.019936178928559572
oov_regime,region_arb|p=0.50|novel,lik_lam1.0_roc_auc,0.99209474,0.0010337038206371903
oov_regime,region_arb|p=0.50|novel,lik_lam1.0_pr_auc,0.78036909517233,0.022942708033881692
oov_regime,region_arb|p=0.50|novel,lik_lam1.0_top1pct_tp,358.2,14.469277798148738
oov_regime,region_arb|p=0.50|novel,lik_lam1.0_top1pct_precision,0.7093069306930693,0.02865203524385888
oov_regime,region_arb|p=0.50|novel,mp_nosub_roc_auc,0.9967879359999999,0.0013360196735318231
oov_regime,region_arb|p=0.50|novel,mp_nosub_pr_auc,0.9020923246709918,0.03167502583444416
oov_regime,region_arb|p=0.50|novel,mp_nosub_top1pct_tp,420.8,20.36074654819906
oov_regime,region_arb|p=0.50|novel,mp_nosub_top1pct_precision,0.8332673267326733,0.040318309996433765
oov_regime,region_arb|p=0.50|novel,mp_raw_roc_auc,0.9931817799999999,0.0023631928683710986
oov_regime,region_arb|p=0.50|novel,mp_raw_pr_auc,0.8214080285777158,0.046804775107994814
oov_regime,region_arb|p=0.50|novel,mp_raw_top1pct_tp,376.6,28.51385628076287
oov_regime,region_arb|p=0.50|novel,mp_raw_top1pct_precision,0.7457425742574257,0.056463081744084875
oov_regime,region_arb|p=0.50|novel,trivial_roc_auc,0.72545,0.002758144303694092
oov_regime,region_arb|p=0.50|novel,trivial_pr_auc,0.017955452456440847,0.00016757211653317393
oov_regime,region_arb|p=0.50|novel,trivial_top1pct_tp,8.4,3.3823069050575527
oov_regime,region_arb|p=0.50|novel,trivial_top1pct_precision,0.01663366336633663,0.00669763743575753
oov_regime,region_arb|p=0.50|novel,two_stage_roc_auc,0.9861284840000002,0.0022944769829624377
oov_regime,region_arb|p=0.50|novel,two_stage_pr_auc,0.8136585014017154,0.0448930581781813
oov_regime,region_arb|p=0.50|novel,two_stage_top1pct_tp,373.4,27.96140196771256
oov_regime,region_arb|p=0.50|novel,two_stage_top1pct_precision,0.7394059405940594,0.0553691128073516
oov_regime,region_arb|p=0.50|novel,lik_best_roc_auc,0.99209474,0.0010337038206371903
oov_regime,region_arb|p=0.50|novel,lik_best_pr_auc,0.78036909517233,0.022942708033881692
oov_regime,region_arb|p=0.50|novel,lik_best_top1pct_tp,358.2,14.469277798148738
oov_regime,region_arb|p=0.50|novel,lik_best_top1pct_precision,0.7093069306930693,0.02865203524385888
oov_regime,region_arb|p=0.50,delta_mp_minus_likbest_roc_point,0.00658301600000002,0.004749198038951824
oov_regime,region_arb|p=0.50,delta_mp_minus_likbest_roc_ci_lower_min,-0.002807312723553354,
oov_regime,region_arb|p=0.50,delta_mp_minus_likbest_pr_point,0.27148303166898163,0.10550810809681462
oov_regime,region_arb|p=0.50,delta_mp_minus_likbest_pr_ci_lower_min,0.1036265094782145,
oov_regime,region_arb|p=0.50,delta_mp_minus_nosub_roc_point,-0.008972591999999936,0.001937935491087315
oov_regime,region_arb|p=0.50,delta_mp_minus_nosub_pr_point,-0.1567985965169471,0.04319283251463465
oov_regime,region_arb|p=0.75|spoof_k1,lik_lam0.5_roc_auc,0.9113775239999999,0.020114862455680484
oov_regime,region_arb|p=0.75|spoof_k1,lik_lam0.5_pr_auc,0.3243531099716343,0.019542031525915736
oov_regime,region_arb|p=0.75|spoof_k1,lik_lam0.5_top1pct_tp,202.6,12.753038853543888
oov_regime,region_arb|p=0.75|spoof_k1,lik_lam0.5_top1pct_precision,0.4011881188118812,0.025253542284245326
oov_regime,region_arb|p=0.75|spoof_k1,lik_lam0.9_roc_auc,0.960656044,0.006812306245005718
oov_regime,region_arb|p=0.75|spoof_k1,lik_lam0.9_pr_auc,0.30380050091014665,0.037661415925524744
oov_regime,region_arb|p=0.75|spoof_k1,lik_lam0.9_top1pct_tp,163.8,14.48309359218534
oov_regime,region_arb|p=0.75|spoof_k1,lik_lam0.9_top1pct_precision,0.3243564356435643,0.02867939325185215
oov_regime,region_arb|p=0.75|spoof_k1,lik_lam1.0_roc_auc,0.970189732,0.0036291815941911477
oov_regime,region_arb|p=0.75|spoof_k1,lik_lam1.0_pr_auc,0.30849815300965294,0.04527025361667648
oov_regime,region_arb|p=0.75|spoof_k1,lik_lam1.0_top1pct_tp,126.4,20.22473732833136
oov_regime,region_arb|p=0.75|spoof_k1,lik_lam1.0_top1pct_precision,0.2502970297029703,0.04004898480857695
oov_regime,region_arb|p=0.75|spoof_k1,mp_nosub_roc_auc,0.987162652,0.00307196843055658
oov_regime,region_arb|p=0.75|spoof_k1,mp_nosub_pr_auc,0.7156435926003836,0.0820842009819281
oov_regime,region_arb|p=0.75|spoof_k1,mp_nosub_top1pct_tp,339.6,35.262444611796276
oov_regime,region_arb|p=0.75|spoof_k1,mp_nosub_top1pct_precision,0.6724752475247525,0.069826622993656
oov_regime,region_arb|p=0.75|spoof_k1,mp_raw_roc_auc,0.975448164,0.005329702568097366
oov_regime,region_arb|p=0.75|spoof_k1,mp_raw_pr_auc,0.5359288613895438,0.10224268182457309
oov_regime,region_arb|p=0.75|spoof_k1,mp_raw_top1pct_tp,257.6,53.36890480420223
oov_regime,region_arb|p=0.75|spoof_k1,mp_raw_top1pct_precision,0.5100990099009901,0.10568099961228163
oov_regime,region_arb|p=0.75|spoof_k1,trivial_roc_auc,0.612632,0.0013138553953917318
oov_regime,region_arb|p=0.75|spoof_k1,trivial_pr_auc,0.01274682114789028,3.9952035273026267e-05
oov_regime,region_arb|p=0.75|spoof_k1,trivial_top1pct_tp,5.8,2.9257477676655586
oov_regime,region_arb|p=0.75|spoof_k1,trivial_top1pct_precision,0.011485148514851487,0.005793559935971403
oov_regime,region_arb|p=0.75|spoof_k1,two_stage_roc_auc,0.9732534640000001,0.005046163355570642
oov_regime,region_arb|p=0.75|spoof_k1,two_stage_pr_auc,0.5336960411953655,0.100983090812478
oov_regime,region_arb|p=0.75|spoof_k1,two_stage_top1pct_tp,255.8,53.0033961176074
oov_regime,region_arb|p=0.75|spoof_k1,two_stage_top1pct_precision,0.5065346534653465,0.10495722003486614
oov_regime,region_arb|p=0.75|spoof_k1,lik_best_roc_auc,0.970189732,0.0036291815941911477
oov_regime,region_arb|p=0.75|spoof_k1,lik_best_pr_auc,0.30849815300965294,0.04527025361667648
oov_regime,region_arb|p=0.75|spoof_k1,lik_best_top1pct_tp,126.4,20.22473732833136
oov_regime,region_arb|p=0.75|spoof_k1,lik_best_top1pct_precision,0.2502970297029703,0.04004898480857695
oov_regime,region_arb|p=0.75|spoof_k2,lik_lam0.5_roc_auc,0.9563345679999999,0.006579074270960579
oov_regime,region_arb|p=0.75|spoof_k2,lik_lam0.5_pr_auc,0.5304708539967573,0.030102169230769454
oov_regime,region_arb|p=0.75|spoof_k2,lik_lam0.5_top1pct_tp,268.4,16.304600577751053
oov_regime,region_arb|p=0.75|spoof_k2,lik_lam0.5_top1pct_precision,0.5314851485148515,0.032286337777724855
oov_regime,region_arb|p=0.75|spoof_k2,lik_lam0.9_roc_auc,0.987255864,0.0016278887703230556
oov_regime,region_arb|p=0.75|spoof_k2,lik_lam0.9_pr_auc,0.7101682077838973,0.020942018998333704
oov_regime,region_arb|p=0.75|spoof_k2,lik_lam0.9_top1pct_tp,329.6,10.650821564555477
oov_regime,region_arb|p=0.75|spoof_k2,lik_lam0.9_top1pct_precision,0.6526732673267327,0.021090735771397005
oov_regime,region_arb|p=0.75|spoof_k2,lik_lam1.0_roc_auc,0.9903428959999999,0.0014784877242588308
oov_regime,region_arb|p=0.75|spoof_k2,lik_lam1.0_pr_auc,0.75742235273485,0.01876146744401836
oov_regime,region_arb|p=0.75|spoof_k2,lik_lam1.0_top1pct_tp,347.8,9.846826900072937
oov_regime,region_arb|p=0.75|spoof_k2,lik_lam1.0_top1pct_precision,0.6887128712871287,0.019498667128857273
oov_regime,region_arb|p=0.75|spoof_k2,mp_nosub_roc_auc,0.9943895359999999,0.0024849773951293812
oov_regime,region_arb|p=0.75|spoof_k2,mp_nosub_pr_auc,0.8685912790376245,0.04563413990107263
oov_regime,region_arb|p=0.75|spoof_k2,mp_nosub_top1pct_tp,406.8,24.33433787880821
oov_regime,region_arb|p=0.75|spoof_k2,mp_nosub_top1pct_precision,0.8055445544554456,0.048186807680808325
oov_regime,region_arb|p=0.75|spoof_k2,mp_raw_roc_auc,0.9893216199999999,0.0035246194681184803
oov_regime,region_arb|p=0.75|spoof_k2,mp_raw_pr_auc,0.7669338791717262,0.05288079338887012
oov_regime,region_arb|p=0.75|spoof_k2,mp_raw_top1pct_tp,353.2,27.874002224294955
oov_regime,region_arb|p=0.75|spoof_k2,mp_raw_top1pct_precision,0.6994059405940595,0.055196044008504856
oov_regime,region_arb|p=0.75|spoof_k2,trivial_roc_auc,0.6134459999999999,0.0014783044341406806
oov_regime,region_arb|p=0.75|spoof_k2,trivial_pr_auc,0.012772405787038685,4.557900029706456e-05
oov_regime,region_arb|p=0.75|spoof_k2,trivial_top1pct_tp,6.2,2.9257477676655586
oov_regime,region_arb|p=0.75|spoof_k2,trivial_top1pct_precision,0.012277227722772278,0.005793559935971403
oov_regime,region_arb|p=0.75|spoof_k2,two_stage_roc_auc,0.9870451480000002,0.00404380320406616
oov_regime,region_arb|p=0.75|spoof_k2,two_stage_pr_auc,0.7642806781681506,0.05178672526567837
oov_regime,region_arb|p=0.75|spoof_k2,two_stage_top1pct_tp,352.4,27.853904573685895
oov_regime,region_arb|p=0.75|spoof_k2,two_stage_top1pct_precision,0.6978217821782179,0.05515624668056613
oov_regime,region_arb|p=0.75|spoof_k2,lik_best_roc_auc,0.9903428959999999,0.0014784877242588308
oov_regime,region_arb|p=0.75|spoof_k2,lik_best_pr_auc,0.75742235273485,0.01876146744401836
oov_regime,region_arb|p=0.75|spoof_k2,lik_best_top1pct_tp,347.8,9.846826900072937
oov_regime,region_arb|p=0.75|spoof_k2,lik_best_top1pct_precision,0.6887128712871287,0.019498667128857273
oov_regime,region_arb|p=0.75|novel,lik_lam0.5_roc_auc,0.95326416,0.00793104342314676
oov_regime,region_arb|p=0.75|novel,lik_lam0.5_pr_auc,0.515595772509435,0.022620525324448117
oov_regime,region_arb|p=0.75|novel,lik_lam0.5_top1pct_tp,261.6,14.008568806269967
oov_regime,region_arb|p=0.75|novel,lik_lam0.5_top1pct_precision,0.518019801980198,0.027739740210435588
oov_regime,region_arb|p=0.75|novel,lik_lam0.9_roc_auc,0.987036928,0.0021928716210703816
oov_regime,region_arb|p=0.75|novel,lik_lam0.9_pr_auc,0.7129653279050341,0.019576627134551126
oov_regime,region_arb|p=0.75|novel,lik_lam0.9_top1pct_tp,329.2,7.277362159464101
oov_regime,region_arb|p=0.75|novel,lik_lam0.9_top1pct_precision,0.6518811881188119,0.014410618137552688
oov_regime,region_arb|p=0.75|novel,lik_lam1.0_roc_auc,0.991188752,0.0013786255571459395
oov_regime,region_arb|p=0.75|novel,lik_lam1.0_pr_auc,0.7653671978043408,0.021548128665901355
oov_regime,region_arb|p=0.75|novel,lik_lam1.0_top1pct_tp,349.0,12.049896265113654
oov_regime,region_arb|p=0.75|novel,lik_lam1.0_top1pct_precision,0.6910891089108911,0.023861180722997314
oov_regime,region_arb|p=0.75|novel,mp_nosub_roc_auc,0.9957868879999999,0.0016606825157674968
oov_regime,region_arb|p=0.75|novel,mp_nosub_pr_auc,0.8786859998657206,0.03761428203985429
oov_regime,region_arb|p=0.75|novel,mp_nosub_top1pct_tp,408.4,22.25848152952038
oov_regime,region_arb|p=0.75|novel,mp_nosub_top1pct_precision,0.8087128712871288,0.0440762010485552
oov_regime,region_arb|p=0.75|novel,mp_raw_roc_auc,0.9912119799999999,0.0028026801202848386
oov_regime,region_arb|p=0.75|novel,mp_raw_pr_auc,0.7769076454841815,0.05297708557290877
oov_regime,region_arb|p=0.75|novel,mp_raw_top1pct_tp,356.6,31.180763300471014
oov_regime,region_arb|p=0.75|novel,mp_raw_top1pct_precision,0.7061386138613862,0.06174408574350697
oov_regime,region_arb|p=0.75|novel,trivial_roc_auc,0.611828,0.000980497832736032
oov_regime,region_arb|p=0.75|novel,trivial_pr_auc,0.012721969093198605,3.0102672272222263e-05
oov_regime,region_arb|p=0.75|novel,trivial_top1pct_tp,5.6,3.2619012860600183
oov_regime,region_arb|p=0.75|novel,trivial_top1pct_precision,0.01108910891089109,0.006459210467445581
oov_regime,region_arb|p=0.75|novel,two_stage_roc_auc,0.986334888,0.0028926210583372445
oov_regime,region_arb|p=0.75|novel,two_stage_pr_auc,0.7717889906523168,0.05295057448796663
oov_regime,region_arb|p=0.75|novel,two_stage_top1pct_tp,354.4,30.78051331605761
oov_regime,region_arb|p=0.75|novel,two_stage_top1pct_precision,0.7017821782178219,0.06095151151694578
oov_regime,region_arb|p=0.75|novel,lik_best_roc_auc,0.991188752,0.0013786255571459395
oov_regime,region_arb|p=0.75|novel,lik_best_pr_auc,0.7653671978043408,0.021548128665901355
oov_regime,region_arb|p=0.75|novel,lik_best_top1pct_tp,349.0,12.049896265113654
oov_regime,region_arb|p=0.75|novel,lik_best_top1pct_precision,0.6910891089108911,0.023861180722997314
oov_regime,region_arb|p=0.75,delta_mp_minus_likbest_roc_point,0.005258431999999957,0.007589325979469845
oov_regime,region_arb|p=0.75,delta_mp_minus_likbest_roc_ci_lower_min,-0.006757698571506124,
oov_regime,region_arb|p=0.75,delta_mp_minus_likbest_pr_point,0.2274307083798909,0.12031453725797055
oov_regime,region_arb|p=0.75,delta_mp_minus_likbest_pr_ci_lower_min,0.0699676099813201,
oov_regime,region_arb|p=0.75,delta_mp_minus_nosub_roc_point,-0.01171448799999999,0.002926565603203788
oov_regime,region_arb|p=0.75,delta_mp_minus_nosub_pr_point,-0.1797147312108397,0.043913710495372175
oov_regime,region_arb|p=1.00|spoof_k1,lik_lam0.5_roc_auc,0.9337815240000001,0.014776684065845884
oov_regime,region_arb|p=1.00|spoof_k1,lik_lam0.5_pr_auc,0.3380916808636343,0.02085155361788738
oov_regime,region_arb|p=1.00|spoof_k1,lik_lam0.5_top1pct_tp,208.2,8.997777503361593
oov_regime,region_arb|p=1.00|spoof_k1,lik_lam0.5_top1pct_precision,0.4122772277227723,0.017817381194775436
oov_regime,region_arb|p=1.00|spoof_k1,lik_lam0.9_roc_auc,0.963266044,0.0053398564071241
oov_regime,region_arb|p=1.00|spoof_k1,lik_lam0.9_pr_auc,0.29492096572995596,0.04360470236467315
oov_regime,region_arb|p=1.00|spoof_k1,lik_lam0.9_top1pct_tp,137.8,16.70209567689037
oov_regime,region_arb|p=1.00|spoof_k1,lik_lam0.9_top1pct_precision,0.2728712871287129,0.03307345678592152
oov_regime,region_arb|p=1.00|spoof_k1,lik_lam1.0_roc_auc,0.9686098999999999,0.003379747436836162
oov_regime,region_arb|p=1.00|spoof_k1,lik_lam1.0_pr_auc,0.2843556205688587,0.04900070497073096
oov_regime,region_arb|p=1.00|spoof_k1,lik_lam1.0_top1pct_tp,122.2,20.75957610357206
oov_regime,region_arb|p=1.00|spoof_k1,lik_lam1.0_top1pct_precision,0.24198019801980197,0.0411080714922219
oov_regime,region_arb|p=1.00|spoof_k1,mp_nosub_roc_auc,0.9836368600000001,0.00419329459475481
oov_regime,region_arb|p=1.00|spoof_k1,mp_nosub_pr_auc,0.6619522814017426,0.10568136494239219
oov_regime,region_arb|p=1.00|spoof_k1,mp_nosub_top1pct_tp,327.8,40.17661011085928
oov_regime,region_arb|p=1.00|spoof_k1,mp_nosub_top1pct_precision,0.6491089108910891,0.07955764378387975
oov_regime,region_arb|p=1.00|spoof_k1,mp_raw_roc_auc,0.969407396,0.0071088650153385185
oov_regime,region_arb|p=1.00|spoof_k1,mp_raw_pr_auc,0.47230783476848315,0.11911164988271325
oov_regime,region_arb|p=1.00|spoof_k1,mp_raw_top1pct_tp,232.0,62.469192407137776
oov_regime,region_arb|p=1.00|spoof_k1,mp_raw_top1pct_precision,0.4594059405940595,0.1237013711032431
oov_regime,region_arb|p=1.00|spoof_k1,trivial_roc_auc,0.5,0.0
oov_regime,region_arb|p=1.00|spoof_k1,trivial_pr_auc,0.009900990099009901,0.0
oov_regime,region_arb|p=1.00|spoof_k1,trivial_top1pct_tp,4.8,2.3151673805580453
oov_regime,region_arb|p=1.00|spoof_k1,trivial_top1pct_precision,0.009504950495049505,0.004584489862491178
oov_regime,region_arb|p=1.00|spoof_k1,two_stage_roc_auc,0.969407396,0.0071088650153385185
oov_regime,region_arb|p=1.00|spoof_k1,two_stage_pr_auc,0.47230783476848315,0.11911164988271325
oov_regime,region_arb|p=1.00|spoof_k1,two_stage_top1pct_tp,232.0,62.469192407137776
oov_regime,region_arb|p=1.00|spoof_k1,two_stage_top1pct_precision,0.4594059405940595,0.1237013711032431
oov_regime,region_arb|p=1.00|spoof_k1,lik_best_roc_auc,0.9686098999999999,0.003379747436836162
oov_regime,region_arb|p=1.00|spoof_k1,lik_best_pr_auc,0.2843556205688587,0.04900070497073096
oov_regime,region_arb|p=1.00|spoof_k1,lik_best_top1pct_tp,122.2,20.75957610357206
oov_regime,region_arb|p=1.00|spoof_k1,lik_best_top1pct_precision,0.24198019801980197,0.0411080714922219
oov_regime,region_arb|p=1.00|spoof_k2,lik_lam0.5_roc_auc,0.970519784,0.005587646422305631
oov_regime,region_arb|p=1.00|spoof_k2,lik_lam0.5_pr_auc,0.5645002133130547,0.030703663561216538
oov_regime,region_arb|p=1.00|spoof_k2,lik_lam0.5_top1pct_tp,281.2,14.878171930717832
oov_regime,region_arb|p=1.00|spoof_k2,lik_lam0.5_top1pct_precision,0.5568316831683169,0.02946172659548084
oov_regime,region_arb|p=1.00|spoof_k2,lik_lam0.9_roc_auc,0.988695664,0.001688485344983496
oov_regime,region_arb|p=1.00|spoof_k2,lik_lam0.9_pr_auc,0.7240410993257654,0.022680960924762107
oov_regime,region_arb|p=1.00|spoof_k2,lik_lam0.9_top1pct_tp,335.4,10.480458005259122
oov_regime,region_arb|p=1.00|spoof_k2,lik_lam0.9_top1pct_precision,0.6641584158415842,0.02075338218863194
oov_regime,region_arb|p=1.00|spoof_k2,lik_lam1.0_roc_auc,0.9907471280000001,0.001349724095100901
oov_regime,region_arb|p=1.00|spoof_k2,lik_lam1.0_pr_auc,0.7574017398354767,0.022020437248718314
oov_regime,region_arb|p=1.00|spoof_k2,lik_lam1.0_top1pct_tp,351.4,8.777243302996675
oov_regime,region_arb|p=1.00|spoof_k2,lik_lam1.0_top1pct_precision,0.6958415841584158,0.017380679807914193
oov_regime,region_arb|p=1.00|spoof_k2,mp_nosub_roc_auc,0.9931414000000001,0.0024263722019838745
oov_regime,region_arb|p=1.00|spoof_k2,mp_nosub_pr_auc,0.8436801371337893,0.056531083689118494
oov_regime,region_arb|p=1.00|spoof_k2,mp_nosub_top1pct_tp,393.0,31.924911902775865
oov_regime,region_arb|p=1.00|spoof_k2,mp_nosub_top1pct_precision,0.7782178217821782,0.06321764733222944
oov_regime,region_arb|p=1.00|spoof_k2,mp_raw_roc_auc,0.9869371800000002,0.00375842979730635
oov_regime,region_arb|p=1.00|spoof_k2,mp_raw_pr_auc,0.7229627783748641,0.06648694339131665
oov_regime,region_arb|p=1.00|spoof_k2,mp_raw_top1pct_tp,333.8,36.65187580465699
oov_regime,region_arb|p=1.00|spoof_k2,mp_raw_top1pct_precision,0.660990099009901,0.07257797189040989
oov_regime,region_arb|p=1.00|spoof_k2,trivial_roc_auc,0.5,0.0
oov_regime,region_arb|p=1.00|spoof_k2,trivial_pr_auc,0.009900990099009901,0.0
oov_regime,region_arb|p=1.00|spoof_k2,trivial_top1pct_tp,4.8,2.3151673805580453
oov_regime,region_arb|p=1.00|spoof_k2,trivial_top1pct_precision,0.009504950495049505,0.004584489862491178
oov_regime,region_arb|p=1.00|spoof_k2,two_stage_roc_auc,0.9869371800000002,0.00375842979730635
oov_regime,region_arb|p=1.00|spoof_k2,two_stage_pr_auc,0.7229627783748641,0.06648694339131665
oov_regime,region_arb|p=1.00|spoof_k2,two_stage_top1pct_tp,333.8,36.65187580465699
oov_regime,region_arb|p=1.00|spoof_k2,two_stage_top1pct_precision,0.660990099009901,0.07257797189040989
oov_regime,region_arb|p=1.00|spoof_k2,lik_best_roc_auc,0.9907471280000001,0.001349724095100901
oov_regime,region_arb|p=1.00|spoof_k2,lik_best_pr_auc,0.7574017398354767,0.022020437248718314
oov_regime,region_arb|p=1.00|spoof_k2,lik_best_top1pct_tp,351.4,8.777243302996675
oov_regime,region_arb|p=1.00|spoof_k2,lik_best_top1pct_precision,0.6958415841584158,0.017380679807914193
oov_regime,region_arb|p=1.00|novel,lik_lam0.5_roc_auc,0.9696133439999999,0.005408007490681222
oov_regime,region_arb|p=1.00|novel,lik_lam0.5_pr_auc,0.5503941943049735,0.026924534558668715
oov_regime,region_arb|p=1.00|novel,lik_lam0.5_top1pct_tp,276.4,17.269626515938324
oov_regime,region_arb|p=1.00|novel,lik_lam0.5_top1pct_precision,0.5473267326732674,0.03419728022958083
oov_regime,region_arb|p=1.00|novel,lik_lam0.9_roc_auc,0.989014448,0.001820211644028187
oov_regime,region_arb|p=1.00|novel,lik_lam0.9_pr_auc,0.7282985188378281,0.022028169094362057
oov_regime,region_arb|p=1.00|novel,lik_lam0.9_top1pct_tp,340.2,8.749857141690942
oov_regime,region_arb|p=1.00|novel,lik_lam0.9_top1pct_precision,0.6736633663366337,0.0173264497855266
oov_regime,region_arb|p=1.00|novel,lik_lam1.0_roc_auc,0.991659516,0.0011476782927213947
oov_regime,region_arb|p=1.00|novel,lik_lam1.0_pr_auc,0.7652416539483262,0.021669268741674616
oov_regime,region_arb|p=1.00|novel,lik_lam1.0_top1pct_tp,354.8,7.730459236035076
oov_regime,region_arb|p=1.00|novel,lik_lam1.0_top1pct_precision,0.7025742574257425,0.015307840071356599
oov_regime,region_arb|p=1.00|novel,mp_nosub_roc_auc,0.994491848,0.0019784060459915043
oov_regime,region_arb|p=1.00|novel,mp_nosub_pr_auc,0.8518158743296649,0.05027234675124142
oov_regime,region_arb|p=1.00|novel,mp_nosub_top1pct_tp,394.0,30.44339008717656
oov_regime,region_arb|p=1.00|novel,mp_nosub_top1pct_precision,0.7801980198019802,0.06028394076668626
oov_regime,region_arb|p=1.00|novel,mp_raw_roc_auc,0.9886357799999999,0.0036108889151786395
oov_regime,region_arb|p=1.00|novel,mp_raw_pr_auc,0.7350915689904306,0.06473309937539698
oov_regime,region_arb|p=1.00|novel,mp_raw_top1pct_tp,335.6,37.92940811560339
oov_regime,region_arb|p=1.00|novel,mp_raw_top1pct_precision,0.6645544554455446,0.075107738842779
oov_regime,region_arb|p=1.00|novel,trivial_roc_auc,0.5,0.0
oov_regime,region_arb|p=1.00|novel,trivial_pr_auc,0.009900990099009901,0.0
oov_regime,region_arb|p=1.00|novel,trivial_top1pct_tp,4.8,2.3151673805580453
oov_regime,region_arb|p=1.00|novel,trivial_top1pct_precision,0.009504950495049505,0.004584489862491178
oov_regime,region_arb|p=1.00|novel,two_stage_roc_auc,0.9886357799999999,0.0036108889151786395
oov_regime,region_arb|p=1.00|novel,two_stage_pr_auc,0.7350915689904306,0.06473309937539698
oov_regime,region_arb|p=1.00|novel,two_stage_top1pct_tp,335.6,37.92940811560339
oov_regime,region_arb|p=1.00|novel,two_stage_top1pct_precision,0.6645544554455446,0.075107738842779
oov_regime,region_arb|p=1.00|novel,lik_best_roc_auc,0.991659516,0.0011476782927213947
oov_regime,region_arb|p=1.00|novel,lik_best_pr_auc,0.7652416539483262,0.021669268741674616
oov_regime,region_arb|p=1.00|novel,lik_best_top1pct_tp,354.8,7.730459236035076
oov_regime,region_arb|p=1.00|novel,lik_best_top1pct_precision,0.7025742574257425,0.015307840071356599
oov_regime,region_arb|p=1.00,delta_mp_minus_likbest_roc_point,0.0007974960000000752,0.008160565961739655
oov_regime,region_arb|p=1.00,delta_mp_minus_likbest_roc_ci_lower_min,-0.012043896390423303,
oov_regime,region_arb|p=1.00,delta_mp_minus_likbest_pr_point,0.1879522141996244,0.13645060412814528
oov_regime,region_arb|p=1.00,delta_mp_minus_likbest_pr_ci_lower_min,0.020887275303302033,
oov_regime,region_arb|p=1.00,delta_mp_minus_nosub_roc_point,-0.01422946399999998,0.0036459385489369003
oov_regime,region_arb|p=1.00,delta_mp_minus_nosub_pr_point,-0.1896444466332594,0.04536327427231062
oov_regime,region_morph|p=0.00|spoof_k1,lik_lam0.5_roc_auc,0.9669125839999999,0.0088641018738045
oov_regime,region_morph|p=0.00|spoof_k1,lik_lam0.5_pr_auc,0.5356621293660782,0.0198646874001251
oov_regime,region_morph|p=0.00|spoof_k1,lik_lam0.5_top1pct_tp,264.2,11.685888926393234
oov_regime,region_morph|p=0.00|spoof_k1,lik_lam0.5_top1pct_precision,0.5231683168316832,0.023140374111669793
oov_regime,region_morph|p=0.00|spoof_k1,lik_lam0.9_roc_auc,0.988883568,0.002021079613655987
oov_regime,region_morph|p=0.00|spoof_k1,lik_lam0.9_pr_auc,0.6966340703462329,0.035840491032414844
oov_regime,region_morph|p=0.00|spoof_k1,lik_lam0.9_top1pct_tp,325.6,20.34305778392226
oov_regime,region_morph|p=0.00|spoof_k1,lik_lam0.9_top1pct_precision,0.6447524752475247,0.04028328274044012
oov_regime,region_morph|p=0.00|spoof_k1,lik_lam1.0_roc_auc,0.9919063359999999,0.0013027435443340668
oov_regime,region_morph|p=0.00|spoof_k1,lik_lam1.0_pr_auc,0.7641726569801057,0.035146396708273485
oov_regime,region_morph|p=0.00|spoof_k1,lik_lam1.0_top1pct_tp,366.0,14.926486525636232
oov_regime,region_morph|p=0.00|spoof_k1,lik_lam1.0_top1pct_precision,0.7247524752475247,0.029557399060665793
oov_regime,region_morph|p=0.00|spoof_k1,mp_nosub_roc_auc,0.9958038,0.0012047636756807973
oov_regime,region_morph|p=0.00|spoof_k1,mp_nosub_pr_auc,0.9136325689878021,0.02203649490324829
oov_regime,region_morph|p=0.00|spoof_k1,mp_nosub_top1pct_tp,431.0,17.977764043395386
oov_regime,region_morph|p=0.00|spoof_k1,mp_nosub_top1pct_precision,0.8534653465346536,0.03559953275919877
oov_regime,region_morph|p=0.00|spoof_k1,mp_raw_roc_auc,0.990850352,0.0020151824840286786
oov_regime,region_morph|p=0.00|spoof_k1,mp_raw_pr_auc,0.8373243229044649,0.040320466377942475
oov_regime,region_morph|p=0.00|spoof_k1,mp_raw_top1pct_tp,389.2,25.498235233050934
oov_regime,region_morph|p=0.00|spoof_k1,mp_raw_top1pct_precision,0.7706930693069307,0.05049155491693252
oov_regime,region_morph|p=0.00|spoof_k1,trivial_roc_auc,0.950854,0.005316858470939408
oov_regime,region_morph|p=0.00|spoof_k1,trivial_pr_auc,0.1084539177028778,0.0033168239014928886
oov_regime,region_morph|p=0.00|spoof_k1,trivial_top1pct_tp,55.4,4.963869458396342
oov_regime,region_morph|p=0.00|spoof_k1,trivial_top1pct_precision,0.10970297029702972,0.009829444472071965
oov_regime,region_morph|p=0.00|spoof_k1,two_stage_roc_auc,0.986709408,0.005261515259414933
oov_regime,region_morph|p=0.00|spoof_k1,two_stage_pr_auc,0.8659466909833572,0.031146882869976418
oov_regime,region_morph|p=0.00|spoof_k1,two_stage_top1pct_tp,398.8,23.111901695879553
oov_regime,region_morph|p=0.00|spoof_k1,two_stage_top1pct_precision,0.7897029702970297,0.045766141972038724
oov_regime,region_morph|p=0.00|spoof_k1,lik_best_roc_auc,0.9919063359999999,0.0013027435443340668
oov_regime,region_morph|p=0.00|spoof_k1,lik_best_pr_auc,0.7641726569801057,0.035146396708273485
oov_regime,region_morph|p=0.00|spoof_k1,lik_best_top1pct_tp,366.0,14.926486525636232
oov_regime,region_morph|p=0.00|spoof_k1,lik_best_top1pct_precision,0.7247524752475247,0.029557399060665793
oov_regime,region_morph|p=0.00|spoof_k2,lik_lam0.5_roc_auc,0.986511756,0.0023694283653707907
oov_regime,region_morph|p=0.00|spoof_k2,lik_lam0.5_pr_auc,0.7125835611834364,0.033889347072496884
oov_regime,region_morph|p=0.00|spoof_k2,lik_lam0.5_top1pct_tp,326.8,16.004999218994044
oov_regime,region_morph|p=0.00|spoof_k2,lik_lam0.5_top1pct_precision,0.6471287128712871,0.031693067760384275
oov_regime,region_morph|p=0.00|spoof_k2,lik_lam0.9_roc_auc,0.996889836,0.0007273355702452198
oov_regime,region_morph|p=0.00|spoof_k2,lik_lam0.9_pr_auc,0.9035186237485782,0.01540897894096504
oov_regime,region_morph|p=0.00|spoof_k2,lik_lam0.9_top1pct_tp,420.2,8.795453370918407
oov_regime,region_morph|p=0.00|spoof_k2,lik_lam0.9_top1pct_precision,0.8320792079207922,0.017416739348353263
oov_regime,region_morph|p=0.00|spoof_k2,lik_lam1.0_roc_auc,0.9975827479999999,0.0008053769879603224
oov_regime,region_morph|p=0.00|spoof_k2,lik_lam1.0_pr_auc,0.9309826271887648,0.01166642728353674
oov_regime,region_morph|p=0.00|spoof_k2,lik_lam1.0_top1pct_tp,437.8,7.11055553385247
oov_regime,region_morph|p=0.00|spoof_k2,lik_lam1.0_top1pct_precision,0.866930693069307,0.014080307987826689
oov_regime,region_morph|p=0.00|spoof_k2,mp_nosub_roc_auc,0.9983180919999999,0.0009847006903297387
oov_regime,region_morph|p=0.00|spoof_k2,mp_nosub_pr_auc,0.9656282417903002,0.013390907742667801
oov_regime,region_morph|p=0.00|spoof_k2,mp_nosub_top1pct_tp,465.4,11.943198901466893
oov_regime,region_morph|p=0.00|spoof_k2,mp_nosub_top1pct_precision,0.9215841584158415,0.02364989881478591
oov_regime,region_morph|p=0.00|spoof_k2,mp_raw_roc_auc,0.9965295160000001,0.0015569424887721746
oov_regime,region_morph|p=0.00|spoof_k2,mp_raw_pr_auc,0.9356360962416519,0.021926291088746445
oov_regime,region_morph|p=0.00|spoof_k2,mp_raw_top1pct_tp,445.8,14.386104406683554
oov_regime,region_morph|p=0.00|spoof_k2,mp_raw_top1pct_precision,0.8827722772277229,0.028487335458779343
oov_regime,region_morph|p=0.00|spoof_k2,trivial_roc_auc,0.950454,0.0038642184203277093
oov_regime,region_morph|p=0.00|spoof_k2,trivial_pr_auc,0.10827154864857809,0.0023125392833686234
oov_regime,region_morph|p=0.00|spoof_k2,trivial_top1pct_tp,56.0,6.2289646009589745
oov_regime,region_morph|p=0.00|spoof_k2,trivial_top1pct_precision,0.1108910891089109,0.012334583368235594
oov_regime,region_morph|p=0.00|spoof_k2,two_stage_roc_auc,0.988107304,0.0043813654196361955
oov_regime,region_morph|p=0.00|spoof_k2,two_stage_pr_auc,0.935609075902002,0.02221993902732873
oov_regime,region_morph|p=0.00|spoof_k2,two_stage_top1pct_tp,445.6,15.818975946628154
oov_regime,region_morph|p=0.00|spoof_k2,two_stage_top1pct_precision,0.8823762376237625,0.031324704844808246
oov_regime,region_morph|p=0.00|spoof_k2,lik_best_roc_auc,0.9975827479999999,0.0008053769879603224
oov_regime,region_morph|p=0.00|spoof_k2,lik_best_pr_auc,0.9309826271887648,0.01166642728353674
oov_regime,region_morph|p=0.00|spoof_k2,lik_best_top1pct_tp,437.8,7.11055553385247
oov_regime,region_morph|p=0.00|spoof_k2,lik_best_top1pct_precision,0.866930693069307,0.014080307987826689
oov_regime,region_morph|p=0.00|novel,lik_lam0.5_roc_auc,0.9847515120000001,0.002376699771754114
oov_regime,region_morph|p=0.00|novel,lik_lam0.5_pr_auc,0.7029443055764453,0.021969690086299298
oov_regime,region_morph|p=0.00|novel,lik_lam0.5_top1pct_tp,324.6,13.57350360076572
oov_regime,region_morph|p=0.00|novel,lik_lam0.5_top1pct_precision,0.6427722772277228,0.026878224952011354
oov_regime,region_morph|p=0.00|novel,lik_lam0.9_roc_auc,0.9966318639999999,0.0006376206157771363
oov_regime,region_morph|p=0.00|novel,lik_lam0.9_pr_auc,0.9029722453023992,0.016735408594111843
oov_regime,region_morph|p=0.00|novel,lik_lam0.9_top1pct_tp,417.6,9.624967532412771
oov_regime,region_morph|p=0.00|novel,lik_lam0.9_top1pct_precision,0.826930693069307,0.0190593416483421
oov_regime,region_morph|p=0.00|novel,lik_lam1.0_roc_auc,0.9977842880000001,0.0004781175377832918
oov_regime,region_morph|p=0.00|novel,lik_lam1.0_pr_auc,0.9344324007210265,0.01335982067582485
oov_regime,region_morph|p=0.00|novel,lik_lam1.0_top1pct_tp,439.6,9.068627239003707
oov_regime,region_morph|p=0.00|novel,lik_lam1.0_top1pct_precision,0.8704950495049506,0.017957677700997456
oov_regime,region_morph|p=0.00|novel,mp_nosub_roc_auc,0.998942456,0.0005709389345139941
oov_regime,region_morph|p=0.00|novel,mp_nosub_pr_auc,0.9725637251086457,0.011738882968591593
oov_regime,region_morph|p=0.00|novel,mp_nosub_top1pct_tp,469.2,12.4
oov_regime,region_morph|p=0.00|novel,mp_nosub_top1pct_precision,0.929108910891089,0.024554455445544524
oov_regime,region_morph|p=0.00|novel,mp_raw_roc_auc,0.9974559359999999,0.0010282343927645735
oov_regime,region_morph|p=0.00|novel,mp_raw_pr_auc,0.9415517375570964,0.020875168839602113
oov_regime,region_morph|p=0.00|novel,mp_raw_top1pct_tp,446.0,13.62350909274112
oov_regime,region_morph|p=0.00|novel,mp_raw_top1pct_precision,0.8831683168316833,0.026977245728200264
oov_regime,region_morph|p=0.00|novel,trivial_roc_auc,0.951854,0.0029238645659469664
oov_regime,region_morph|p=0.00|novel,trivial_pr_auc,0.10883457455220986,0.0024826749885397364
oov_regime,region_morph|p=0.00|novel,trivial_top1pct_tp,55.8,6.368673331236263
oov_regime,region_morph|p=0.00|novel,trivial_top1pct_precision,0.11049504950495051,0.012611234319279728
oov_regime,region_morph|p=0.00|novel,two_stage_roc_auc,0.989840908,0.00263680370186637
oov_regime,region_morph|p=0.00|novel,two_stage_pr_auc,0.9431841419105529,0.017047214194271517
oov_regime,region_morph|p=0.00|novel,two_stage_top1pct_tp,448.6,14.759403781996076
oov_regime,region_morph|p=0.00|novel,two_stage_top1pct_precision,0.8883168316831684,0.029226542142566512
oov_regime,region_morph|p=0.00|novel,lik_best_roc_auc,0.9977842880000001,0.0004781175377832918
oov_regime,region_morph|p=0.00|novel,lik_best_pr_auc,0.9344324007210265,0.01335982067582485
oov_regime,region_morph|p=0.00|novel,lik_best_top1pct_tp,439.6,9.068627239003707
oov_regime,region_morph|p=0.00|novel,lik_best_top1pct_precision,0.8704950495049506,0.017957677700997456
oov_regime,region_morph|p=0.00,delta_mp_minus_likbest_roc_point,-0.0010559839999999543,0.0018743622867055253
oov_regime,region_morph|p=0.00,delta_mp_minus_likbest_roc_ci_lower_min,-0.005141480371016488,
oov_regime,region_morph|p=0.00,delta_mp_minus_likbest_pr_point,0.07315166592435918,0.04134376182788665
oov_regime,region_morph|p=0.00,delta_mp_minus_likbest_pr_ci_lower_min,-0.017125311491540878,
oov_regime,region_morph|p=0.00,delta_mp_minus_nosub_roc_point,-0.004953447999999927,0.0010079126013381391
oov_regime,region_morph|p=0.00,delta_mp_minus_nosub_pr_point,-0.07630824608333711,0.025998724985579976
oov_regime,region_morph|p=0.10|spoof_k1,lik_lam0.5_roc_auc,0.947622888,0.010868839439392609
oov_regime,region_morph|p=0.10|spoof_k1,lik_lam0.5_pr_auc,0.39060726935317724,0.017413650071535884
oov_regime,region_morph|p=0.10|spoof_k1,lik_lam0.5_top1pct_tp,207.0,11.15347479487895
oov_regime,region_morph|p=0.10|spoof_k1,lik_lam0.5_top1pct_precision,0.40990099009900993,0.022086088702730586
oov_regime,region_morph|p=0.10|spoof_k1,lik_lam0.9_roc_auc,0.982076008,0.0028104471658324955
oov_regime,region_morph|p=0.10|spoof_k1,lik_lam0.9_pr_auc,0.4999090972937087,0.035322723719021426
oov_regime,region_morph|p=0.10|spoof_k1,lik_lam0.9_top1pct_tp,245.2,11.923086848631105
oov_regime,region_morph|p=0.10|spoof_k1,lik_lam0.9_top1pct_precision,0.48554455445544553,0.023610072967586344
oov_regime,region_morph|p=0.10|spoof_k1,lik_lam1.0_roc_auc,0.987387652,0.0016097701222522241
oov_regime,region_morph|p=0.10|spoof_k1,lik_lam1.0_pr_auc,0.5678805858898947,0.041908554780724826
oov_regime,region_morph|p=0.10|spoof_k1,lik_lam1.0_top1pct_tp,291.0,11.189280584559492
oov_regime,region_morph|p=0.10|spoof_k1,lik_lam1.0_top1pct_precision,0.5762376237623762,0.022156991256553436
oov_regime,region_morph|p=0.10|spoof_k1,mp_nosub_roc_auc,0.99462608,0.001408720789368842
oov_regime,region_morph|p=0.10|spoof_k1,mp_nosub_pr_auc,0.8770131591629091,0.0353664189905278
oov_regime,region_morph|p=0.10|spoof_k1,mp_nosub_top1pct_tp,409.8,23.523605165875406
oov_regime,region_morph|p=0.10|spoof_k1,mp_nosub_top1pct_precision,0.8114851485148515,0.046581396368070106
oov_regime,region_morph|p=0.10|spoof_k1,mp_raw_roc_auc,0.990349344,0.0020912036063243343
oov_regime,region_morph|p=0.10|spoof_k1,mp_raw_pr_auc,0.826204122956289,0.04212798149412919
oov_regime,region_morph|p=0.10|spoof_k1,mp_raw_top1pct_tp,383.4,24.8
oov_regime,region_morph|p=0.10|spoof_k1,mp_raw_top1pct_precision,0.7592079207920792,0.04910891089108908
oov_regime,region_morph|p=0.10|spoof_k1,trivial_roc_auc,0.9055399999999999,0.005259699611194539
oov_regime,region_morph|p=0.10|spoof_k1,trivial_pr_auc,0.05346922482956714,0.0012700402011052137
oov_regime,region_morph|p=0.10|spoof_k1,trivial_top1pct_tp,27.8,5.418486873657627
oov_regime,region_morph|p=0.10|spoof_k1,trivial_top1pct_precision,0.05504950495049506,0.010729676977539857
oov_regime,region_morph|p=0.10|spoof_k1,two_stage_roc_auc,0.9856670879999999,0.005626837155356146
oov_regime,region_morph|p=0.10|spoof_k1,two_stage_pr_auc,0.843959235919608,0.03543529199073949
oov_regime,region_morph|p=0.10|spoof_k1,two_stage_top1pct_tp,386.0,23.706539182259394
oov_regime,region_morph|p=0.10|spoof_k1,two_stage_top1pct_precision,0.7643564356435644,0.04694364194506808
oov_regime,region_morph|p=0.10|spoof_k1,lik_best_roc_auc,0.987387652,0.0016097701222522241
oov_regime,region_morph|p=0.10|spoof_k1,lik_best_pr_auc,0.5678805858898947,0.041908554780724826
oov_regime,region_morph|p=0.10|spoof_k1,lik_best_top1pct_tp,291.0,11.189280584559492
oov_regime,region_morph|p=0.10|spoof_k1,lik_best_top1pct_precision,0.5762376237623762,0.022156991256553436
oov_regime,region_morph|p=0.10|spoof_k2,lik_lam0.5_roc_auc,0.9748125839999998,0.004488014707701358
oov_regime,region_morph|p=0.10|spoof_k2,lik_lam0.5_pr_auc,0.5777555441795387,0.039781645717721956
oov_regime,region_morph|p=0.10|spoof_k2,lik_lam0.5_top1pct_tp,274.0,21.97271034715563
oov_regime,region_morph|p=0.10|spoof_k2,lik_lam0.5_top1pct_precision,0.5425742574257426,0.04351031751912005
oov_regime,region_morph|p=0.10|spoof_k2,lik_lam0.9_roc_auc,0.9942335919999999,0.0009171463890656189
oov_regime,region_morph|p=0.10|spoof_k2,lik_lam0.9_pr_auc,0.809441044122767,0.020854421217690718
oov_regime,region_morph|p=0.10|spoof_k2,lik_lam0.9_top1pct_tp,366.0,10.256705123966467
oov_regime,region_morph|p=0.10|spoof_k2,lik_lam0.9_top1pct_precision,0.7247524752475247,0.02031030717617124
oov_regime,region_morph|p=0.10|spoof_k2,lik_lam1.0_roc_auc,0.9958718919999999,0.0009651341111866151
oov_regime,region_morph|p=0.10|spoof_k2,lik_lam1.0_pr_auc,0.863389984505314,0.015315424253483785
oov_regime,region_morph|p=0.10|spoof_k2,lik_lam1.0_top1pct_tp,387.6,7.914543574963751
oov_regime,region_morph|p=0.10|spoof_k2,lik_lam1.0_top1pct_precision,0.7675247524752475,0.015672363514779717
oov_regime,region_morph|p=0.10|spoof_k2,mp_nosub_roc_auc,0.997837672,0.0011079853707770752
oov_regime,region_morph|p=0.10|spoof_k2,mp_nosub_pr_auc,0.9470570904133762,0.018371856402888104
oov_regime,region_morph|p=0.10|spoof_k2,mp_nosub_top1pct_tp,447.0,13.490737563232042
oov_regime,region_morph|p=0.10|spoof_k2,mp_nosub_top1pct_precision,0.8851485148514853,0.026714331808380305
oov_regime,region_morph|p=0.10|spoof_k2,mp_raw_roc_auc,0.9963214,0.001545895051392515
oov_regime,region_morph|p=0.10|spoof_k2,mp_raw_pr_auc,0.9297135542435516,0.02289166986075785
oov_regime,region_morph|p=0.10|spoof_k2,mp_raw_top1pct_tp,443.6,15.932357013323548
oov_regime,region_morph|p=0.10|spoof_k2,mp_raw_top1pct_precision,0.8784158415841585,0.03154922180856151
oov_regime,region_morph|p=0.10|spoof_k2,trivial_roc_auc,0.904848,0.0031680366159500028
oov_regime,region_morph|p=0.10|spoof_k2,trivial_pr_auc,0.05320809960062458,0.0006018426583972666
oov_regime,region_morph|p=0.10|spoof_k2,trivial_top1pct_tp,27.2,6.046486583132389
oov_regime,region_morph|p=0.10|spoof_k2,trivial_top1pct_precision,0.05386138613861387,0.011973240758678
oov_regime,region_morph|p=0.10|spoof_k2,two_stage_roc_auc,0.9876720319999999,0.0043528855683300826
oov_regime,region_morph|p=0.10|spoof_k2,two_stage_pr_auc,0.9260447735358222,0.024138688069899748
oov_regime,region_morph|p=0.10|spoof_k2,two_stage_top1pct_tp,440.0,17.899720668211557
oov_regime,region_morph|p=0.10|spoof_k2,two_stage_top1pct_precision,0.8712871287128714,0.035444991422201096
oov_regime,region_morph|p=0.10|spoof_k2,lik_best_roc_auc,0.9958718919999999,0.0009651341111866151
oov_regime,region_morph|p=0.10|spoof_k2,lik_best_pr_auc,0.863389984505314,0.015315424253483785
oov_regime,region_morph|p=0.10|spoof_k2,lik_best_top1pct_tp,387.6,7.914543574963751
oov_regime,region_morph|p=0.10|spoof_k2,lik_best_top1pct_precision,0.7675247524752475,0.015672363514779717
oov_regime,region_morph|p=0.10|novel,lik_lam0.5_roc_auc,0.9727244160000001,0.0037241640626890053
oov_regime,region_morph|p=0.10|novel,lik_lam0.5_pr_auc,0.557175709022344,0.030850128722800064
oov_regime,region_morph|p=0.10|novel,lik_lam0.5_top1pct_tp,267.2,10.283968105745952
oov_regime,region_morph|p=0.10|novel,lik_lam0.5_top1pct_precision,0.5291089108910891,0.020364293278704877
oov_regime,region_morph|p=0.10|novel,lik_lam0.9_roc_auc,0.9940172799999999,0.0009347262789930022
oov_regime,region_morph|p=0.10|novel,lik_lam0.9_pr_auc,0.8064859549072331,0.02362017207266506
oov_regime,region_morph|p=0.10|novel,lik_lam0.9_top1pct_tp,366.2,8.908422980528034
oov_regime,region_morph|p=0.10|novel,lik_lam0.9_top1pct_precision,0.7251485148514851,0.017640441545600086
oov_regime,region_morph|p=0.10|novel,lik_lam1.0_roc_auc,0.996247236,0.0006326445468222953
oov_regime,region_morph|p=0.10|novel,lik_lam1.0_pr_auc,0.8654214514223085,0.019026709681660946
oov_regime,region_morph|p=0.10|novel,lik_lam1.0_top1pct_tp,388.4,8.452218643646175
oov_regime,region_morph|p=0.10|novel,lik_lam1.0_top1pct_precision,0.7691089108910891,0.01673706662108155
oov_regime,region_morph|p=0.10|novel,mp_nosub_roc_auc,0.9985967600000002,0.0006927545301475127
oov_regime,region_morph|p=0.10|novel,mp_nosub_pr_auc,0.9550504876591507,0.01710322677845587
oov_regime,region_morph|p=0.10|novel,mp_nosub_top1pct_tp,450.4,13.33566646253572
oov_regime,region_morph|p=0.10|novel,mp_nosub_top1pct_precision,0.891881188118812,0.02640726032185294
oov_regime,region_morph|p=0.10|novel,mp_raw_roc_auc,0.997292928,0.0010306048142406446
oov_regime,region_morph|p=0.10|novel,mp_raw_pr_auc,0.9359899763294413,0.02189555502091262
oov_regime,region_morph|p=0.10|novel,mp_raw_top1pct_tp,443.8,15.011995203836166
oov_regime,region_morph|p=0.10|novel,mp_raw_top1pct_precision,0.8788118811881189,0.029726723175913225
oov_regime,region_morph|p=0.10|novel,trivial_roc_auc,0.906348,0.002655344798703177
oov_regime,region_morph|p=0.10|novel,trivial_pr_auc,0.05361708423077347,0.0007380043034984567
oov_regime,region_morph|p=0.10|novel,trivial_top1pct_tp,26.8,5.844655678480984
oov_regime,region_morph|p=0.10|novel,trivial_top1pct_precision,0.053069306930693075,0.011573575600952443
oov_regime,region_morph|p=0.10|novel,two_stage_roc_auc,0.98940484,0.002774590762184513
oov_regime,region_morph|p=0.10|novel,two_stage_pr_auc,0.9339350118715943,0.01880712519805294
oov_regime,region_morph|p=0.10|novel,two_stage_top1pct_tp,442.4,15.147276983009192
oov_regime,region_morph|p=0.10|novel,two_stage_top1pct_precision,0.8760396039603962,0.02999460788714694
oov_regime,region_morph|p=0.10|novel,lik_best_roc_auc,0.996247236,0.0006326445468222953
oov_regime,region_morph|p=0.10|novel,lik_best_pr_auc,0.8654214514223085,0.019026709681660946
oov_regime,region_morph|p=0.10|novel,lik_best_top1pct_tp,388.4,8.452218643646175
oov_regime,region_morph|p=0.10|novel,lik_best_top1pct_precision,0.7691089108910891,0.01673706662108155
oov_regime,region_morph|p=0.10,delta_mp_minus_likbest_roc_point,0.002961692000000027,0.0021242731405014216
oov_regime,region_morph|p=0.10,delta_mp_minus_likbest_roc_ci_lower_min,-0.0015904593514811966,
oov_regime,region_morph|p=0.10,delta_mp_minus_likbest_pr_point,0.2583235370663942,0.037862643638079625
oov_regime,region_morph|p=0.10,delta_mp_minus_likbest_pr_ci_lower_min,0.17683381018747948,
oov_regime,region_morph|p=0.10,delta_mp_minus_nosub_roc_point,-0.004276735999999936,0.001029273564832942
oov_regime,region_morph|p=0.10,delta_mp_minus_nosub_pr_point,-0.05080903620662027,0.027953121087872134
oov_regime,region_morph|p=0.25|spoof_k1,lik_lam0.5_roc_auc,0.924518916,0.015026512287752779
oov_regime,region_morph|p=0.25|spoof_k1,lik_lam0.5_pr_auc,0.34283598305364393,0.014521050403702173
oov_regime,region_morph|p=0.25|spoof_k1,lik_lam0.5_top1pct_tp,184.2,9.019977827023745
oov_regime,region_morph|p=0.25|spoof_k1,lik_lam0.5_top1pct_precision,0.36475247524752474,0.017861342231730186
oov_regime,region_morph|p=0.25|spoof_k1,lik_lam0.9_roc_auc,0.9734594679999999,0.003843499460785154
oov_regime,region_morph|p=0.25|spoof_k1,lik_lam0.9_pr_auc,0.396043742144834,0.04184598558555695
oov_regime,region_morph|p=0.25|spoof_k1,lik_lam0.9_top1pct_tp,210.8,9.927738916792684
oov_regime,region_morph|p=0.25|spoof_k1,lik_lam0.9_top1pct_precision,0.41742574257425746,0.019658888944143926
oov_regime,region_morph|p=0.25|spoof_k1,lik_lam1.0_roc_auc,0.9815474960000001,0.0021025280326844756
oov_regime,region_morph|p=0.25|spoof_k1,lik_lam1.0_pr_auc,0.4418235798318498,0.05024818246459644
oov_regime,region_morph|p=0.25|spoof_k1,lik_lam1.0_top1pct_tp,218.0,16.769019053003667
oov_regime,region_morph|p=0.25|spoof_k1,lik_lam1.0_top1pct_precision,0.43168316831683173,0.03320597832277955
oov_regime,region_morph|p=0.25|spoof_k1,mp_nosub_roc_auc,0.9931647,0.0018011064562429221
oov_regime,region_morph|p=0.25|spoof_k1,mp_nosub_pr_auc,0.8348681591794636,0.04697250856678818
oov_regime,region_morph|p=0.25|spoof_k1,mp_nosub_top1pct_tp,386.6,28.260219390514294
oov_regime,region_morph|p=0.25|spoof_k1,mp_nosub_top1pct_precision,0.7655445544554456,0.05596083047626592
oov_regime,region_morph|p=0.25|spoof_k1,mp_raw_roc_auc,0.98984372,0.002165828672079124
oov_regime,region_morph|p=0.25|spoof_k1,mp_raw_pr_auc,0.813428625923313,0.046428904299507245
oov_regime,region_morph|p=0.25|spoof_k1,mp_raw_top1pct_tp,378.6,25.74956310308973
oov_regime,region_morph|p=0.25|spoof_k1,mp_raw_top1pct_precision,0.7497029702970297,0.05098923386750439
oov_regime,region_morph|p=0.25|spoof_k1,trivial_roc_auc,0.837674,0.003732894855202922
oov_regime,region_morph|p=0.25|spoof_k1,trivial_pr_auc,0.030543844902691374,0.00038842465295026624
oov_regime,region_morph|p=0.25|spoof_k1,trivial_top1pct_tp,16.8,4.874423042781577
oov_regime,region_morph|p=0.25|spoof_k1,trivial_top1pct_precision,0.03326732673267327,0.00965232285699322
oov_regime,region_morph|p=0.25|spoof_k1,two_stage_roc_auc,0.984304284,0.004972676547331849
oov_regime,region_morph|p=0.25|spoof_k1,two_stage_pr_auc,0.8217233810273669,0.040779081770215206
oov_regime,region_morph|p=0.25|spoof_k1,two_stage_top1pct_tp,378.2,26.01076700137849
oov_regime,region_morph|p=0.25|spoof_k1,two_stage_top1pct_precision,0.7489108910891089,0.051506469309660345
oov_regime,region_morph|p=0.25|spoof_k1,lik_best_roc_auc,0.9815474960000001,0.0021025280326844756
oov_regime,region_morph|p=0.25|spoof_k1,lik_best_pr_auc,0.4418235798318498,0.05024818246459644
oov_regime,region_morph|p=0.25|spoof_k1,lik_best_top1pct_tp,218.0,16.769019053003667
oov_regime,region_morph|p=0.25|spoof_k1,lik_best_top1pct_precision,0.43168316831683173,0.03320597832277955
oov_regime,region_morph|p=0.25|spoof_k2,lik_lam0.5_roc_auc,0.9609151920000001,0.008311591163329428
oov_regime,region_morph|p=0.25|spoof_k2,lik_lam0.5_pr_auc,0.51614513361001,0.03785097542818708
oov_regime,region_morph|p=0.25|spoof_k2,lik_lam0.5_top1pct_tp,256.6,14.82700239428051
oov_regime,region_morph|p=0.25|spoof_k2,lik_lam0.5_top1pct_precision,0.5081188118811881,0.02936040078075349
oov_regime,region_morph|p=0.25|spoof_k2,lik_lam0.9_roc_auc,0.9904518240000002,0.0014876564370794648
oov_regime,region_morph|p=0.25|spoof_k2,lik_lam0.9_pr_auc,0.7418257168030609,0.028297655223858457
oov_regime,region_morph|p=0.25|spoof_k2,lik_lam0.9_top1pct_tp,343.6,14.71869559437928
oov_regime,region_morph|p=0.25|spoof_k2,lik_lam0.9_top1pct_precision,0.6803960396039603,0.029145931870057963
oov_regime,region_morph|p=0.25|spoof_k2,lik_lam1.0_roc_auc,0.99330614,0.0013420466767440956
oov_regime,region_morph|p=0.25|spoof_k2,lik_lam1.0_pr_auc,0.8056146274735395,0.02270589558745527
oov_regime,region_morph|p=0.25|spoof_k2,lik_lam1.0_top1pct_tp,363.4,11.217842929904126
oov_regime,region_morph|p=0.25|spoof_k2,lik_lam1.0_top1pct_precision,0.7196039603960396,0.02221355035624578
oov_regime,region_morph|p=0.25|spoof_k2,mp_nosub_roc_auc,0.9970401760000002,0.001489031768816246
oov_regime,region_morph|p=0.25|spoof_k2,mp_nosub_pr_auc,0.9257091936371417,0.025094465771078687
oov_regime,region_morph|p=0.25|spoof_k2,mp_nosub_top1pct_tp,433.0,19.328735085359313
oov_regime,region_morph|p=0.25|spoof_k2,mp_nosub_top1pct_precision,0.8574257425742575,0.03827472294130557
oov_regime,region_morph|p=0.25|spoof_k2,mp_raw_roc_auc,0.9960419,0.001636073485244484
oov_regime,region_morph|p=0.25|spoof_k2,mp_raw_pr_auc,0.9222665719419719,0.02374204658078372
oov_regime,region_morph|p=0.25|spoof_k2,mp_raw_top1pct_tp,438.6,15.317963311093285
oov_regime,region_morph|p=0.25|spoof_k2,mp_raw_top1pct_precision,0.8685148514851486,0.030332600616026335
oov_regime,region_morph|p=0.25|spoof_k2,trivial_roc_auc,0.837358,0.0025998876898819844
oov_regime,region_morph|p=0.25|spoof_k2,trivial_pr_auc,0.030465283202815968,0.0002745460773894766
oov_regime,region_morph|p=0.25|spoof_k2,trivial_top1pct_tp,17.0,4.69041575982343
oov_regime,region_morph|p=0.25|spoof_k2,trivial_top1pct_precision,0.033663366336633666,0.009287951999650356
oov_regime,region_morph|p=0.25|spoof_k2,two_stage_roc_auc,0.987842096,0.0041624061739603925
oov_regime,region_morph|p=0.25|spoof_k2,two_stage_pr_auc,0.916778426456162,0.025225477937529224
oov_regime,region_morph|p=0.25|spoof_k2,two_stage_top1pct_tp,433.4,17.6136310850432
oov_regime,region_morph|p=0.25|spoof_k2,two_stage_top1pct_precision,0.8582178217821783,0.03487847739612514
oov_regime,region_morph|p=0.25|spoof_k2,lik_best_roc_auc,0.99330614,0.0013420466767440956
oov_regime,region_morph|p=0.25|spoof_k2,lik_best_pr_auc,0.8056146274735395,0.02270589558745527
oov_regime,region_morph|p=0.25|spoof_k2,lik_best_top1pct_tp,363.4,11.217842929904126
oov_regime,region_morph|p=0.25|spoof_k2,lik_best_top1pct_precision,0.7196039603960396,0.02221355035624578
oov_regime,region_morph|p=0.25|novel,lik_lam0.5_roc_auc,0.958773936,0.006194587352537965
oov_regime,region_morph|p=0.25|novel,lik_lam0.5_pr_auc,0.5076000275681742,0.028880176001509036
oov_regime,region_morph|p=0.25|novel,lik_lam0.5_top1pct_tp,251.4,10.32666451474047
oov_regime,region_morph|p=0.25|novel,lik_lam0.5_top1pct_precision,0.4978217821782178,0.02044884062324845
oov_regime,region_morph|p=0.25|novel,lik_lam0.9_roc_auc,0.99049532,0.0013432724635605903
oov_regime,region_morph|p=0.25|novel,lik_lam0.9_pr_auc,0.747477000600648,0.02503040628040057
oov_regime,region_morph|p=0.25|novel,lik_lam0.9_top1pct_tp,348.8,14.538225476308998
oov_regime,region_morph|p=0.25|novel,lik_lam0.9_top1pct_precision,0.6906930693069308,0.02878856529962176
oov_regime,region_morph|p=0.25|novel,lik_lam1.0_roc_auc,0.9940490519999999,0.001023139343909648
oov_regime,region_morph|p=0.25|novel,lik_lam1.0_pr_auc,0.8140646602087906,0.02204633844717845
oov_regime,region_morph|p=0.25|novel,lik_lam1.0_top1pct_tp,367.8,10.087616170334794
oov_regime,region_morph|p=0.25|novel,lik_lam1.0_top1pct_precision,0.7283168316831683,0.019975477565019408
oov_regime,region_morph|p=0.25|novel,mp_nosub_roc_auc,0.9979001440000002,0.000943370512356566
oov_regime,region_morph|p=0.25|novel,mp_nosub_pr_auc,0.9314346208653308,0.02257844665927149
oov_regime,region_morph|p=0.25|novel,mp_nosub_top1pct_tp,437.4,17.715529910222838
oov_regime,region_morph|p=0.25|novel,mp_nosub_top1pct_precision,0.8661386138613862,0.03508025724796605
oov_regime,region_morph|p=0.25|novel,mp_raw_roc_auc,0.996999328,0.0011183257100934663
oov_regime,region_morph|p=0.25|novel,mp_raw_pr_auc,0.927932717534676,0.02300354670522467
oov_regime,region_morph|p=0.25|novel,mp_raw_top1pct_tp,437.4,15.818975946628154
oov_regime,region_morph|p=0.25|novel,mp_raw_top1pct_precision,0.8661386138613862,0.031324704844808204
oov_regime,region_morph|p=0.25|novel,trivial_roc_auc,0.839802,0.002689605175485781
oov_regime,region_morph|p=0.25|novel,trivial_pr_auc,0.03077321463850995,0.0003492701896788628
oov_regime,region_morph|p=0.25|novel,trivial_top1pct_tp,17.0,5.440588203494177
oov_regime,region_morph|p=0.25|novel,trivial_top1pct_precision,0.033663366336633666,0.010773441987117183
oov_regime,region_morph|p=0.25|novel,two_stage_roc_auc,0.9906577999999999,0.0031271434484269876
oov_regime,region_morph|p=0.25|novel,two_stage_pr_auc,0.9254418982916303,0.020737820405347607
oov_regime,region_morph|p=0.25|novel,two_stage_top1pct_tp,434.8,16.666133324799727
oov_regime,region_morph|p=0.25|novel,two_stage_top1pct_precision,0.8609900990099011,0.0330022442075242
oov_regime,region_morph|p=0.25|novel,lik_best_roc_auc,0.9940490519999999,0.001023139343909648
oov_regime,region_morph|p=0.25|novel,lik_best_pr_auc,0.8140646602087906,0.02204633844717845
oov_regime,region_morph|p=0.25|novel,lik_best_top1pct_tp,367.8,10.087616170334794
oov_regime,region_morph|p=0.25|novel,lik_best_top1pct_precision,0.7283168316831683,0.019975477565019408
oov_regime,region_morph|p=0.25,delta_mp_minus_likbest_roc_point,0.008296224000000008,0.002387024786612829
oov_regime,region_morph|p=0.25,delta_mp_minus_likbest_roc_ci_lower_min,0.003526646928024274,
oov_regime,region_morph|p=0.25,delta_mp_minus_likbest_pr_point,0.3716050460914633,0.04975374603440171
oov_regime,region_morph|p=0.25,delta_mp_minus_likbest_pr_ci_lower_min,0.2800096338733046,
oov_regime,region_morph|p=0.25,delta_mp_minus_nosub_roc_point,-0.00332097999999994,0.0011143782124216595
oov_regime,region_morph|p=0.25,delta_mp_minus_nosub_pr_point,-0.021439533256150556,0.03793757030512978
oov_regime,region_morph|p=0.50|spoof_k1,lik_lam0.5_roc_auc,0.906298148,0.01642362628671073
oov_regime,region_morph|p=0.50|spoof_k1,lik_lam0.5_pr_auc,0.3284083468631989,0.01778879113985508
oov_regime,region_morph|p=0.50|spoof_k1,lik_lam0.5_top1pct_tp,195.6,7.8383671769061705
oov_regime,region_morph|p=0.50|spoof_k1,lik_lam0.5_top1pct_precision,0.38732673267326734,0.015521519162190434
oov_regime,region_morph|p=0.50|spoof_k1,lik_lam0.9_roc_auc,0.965558332,0.0049621606583680825
oov_regime,region_morph|p=0.50|spoof_k1,lik_lam0.9_pr_auc,0.32792791918604275,0.03572012903841497
oov_regime,region_morph|p=0.50|spoof_k1,lik_lam0.9_top1pct_tp,197.8,14.3024473430249
oov_regime,region_morph|p=0.50|spoof_k1,lik_lam0.9_top1pct_precision,0.3916831683168317,0.02832167790697998
oov_regime,region_morph|p=0.50|spoof_k1,lik_lam1.0_roc_auc,0.975127276,0.0032040159137532486
oov_regime,region_morph|p=0.50|spoof_k1,lik_lam1.0_pr_auc,0.34876113152723776,0.04699244605147313
oov_regime,region_morph|p=0.50|spoof_k1,lik_lam1.0_top1pct_tp,140.2,22.20270253820467
oov_regime,region_morph|p=0.50|spoof_k1,lik_lam1.0_top1pct_precision,0.27762376237623765,0.043965747600405294
oov_regime,region_morph|p=0.50|spoof_k1,mp_nosub_roc_auc,0.990424372,0.0023641860666740963
oov_regime,region_morph|p=0.50|spoof_k1,mp_nosub_pr_auc,0.7714772517265115,0.06418333856657807
oov_regime,region_morph|p=0.50|spoof_k1,mp_nosub_top1pct_tp,357.4,31.70867389217026
oov_regime,region_morph|p=0.50|spoof_k1,mp_nosub_top1pct_precision,0.7077227722772278,0.06278945325182231
oov_regime,region_morph|p=0.50|spoof_k1,mp_raw_roc_auc,0.9885624319999999,0.0022167805691894363
oov_regime,region_morph|p=0.50|spoof_k1,mp_raw_pr_auc,0.7881946716908587,0.04581154944572709
oov_regime,region_morph|p=0.50|spoof_k1,mp_raw_top1pct_tp,365.2,28.715152794300085
oov_regime,region_morph|p=0.50|spoof_k1,mp_raw_top1pct_precision,0.7231683168316831,0.05686168870158434
oov_regime,region_morph|p=0.50|spoof_k1,trivial_roc_auc,0.72491,0.0033635754785644578
oov_regime,region_morph|p=0.50|spoof_k1,trivial_pr_auc,0.017909466546194054,0.0001780829637763567
oov_regime,region_morph|p=0.50|spoof_k1,trivial_top1pct_tp,8.6,3.0724582991474434
oov_regime,region_morph|p=0.50|spoof_k1,trivial_top1pct_precision,0.017029702970297027,0.006084075839895927
oov_regime,region_morph|p=0.50|spoof_k1,two_stage_roc_auc,0.984878864,0.005118808032398123
oov_regime,region_morph|p=0.50|spoof_k1,two_stage_pr_auc,0.7900601035739825,0.043203439741680776
oov_regime,region_morph|p=0.50|spoof_k1,two_stage_top1pct_tp,363.8,29.03377343715419
oov_regime,region_morph|p=0.50|spoof_k1,two_stage_top1pct_precision,0.7203960396039604,0.05749262066763207
oov_regime,region_morph|p=0.50|spoof_k1,lik_best_roc_auc,0.975127276,0.0032040159137532486
oov_regime,region_morph|p=0.50|spoof_k1,lik_best_pr_auc,0.34876113152723776,0.04699244605147313
oov_regime,region_morph|p=0.50|spoof_k1,lik_best_top1pct_tp,140.2,22.20270253820467
oov_regime,region_morph|p=0.50|spoof_k1,lik_best_top1pct_precision,0.27762376237623765,0.043965747600405294
oov_regime,region_morph|p=0.50|spoof_k2,lik_lam0.5_roc_auc,0.949790344,0.011403620978776162
oov_regime,region_morph|p=0.50|spoof_k2,lik_lam0.5_pr_auc,0.5070141734600205,0.03738745994440862
oov_regime,region_morph|p=0.50|spoof_k2,lik_lam0.5_top1pct_tp,257.4,17.85049018934774
oov_regime,region_morph|p=0.50|spoof_k2,lik_lam0.5_top1pct_precision,0.5097029702970297,0.035347505325441085
oov_regime,region_morph|p=0.50|spoof_k2,lik_lam0.9_roc_auc,0.98747176,0.0022107297181518507
oov_regime,region_morph|p=0.50|spoof_k2,lik_lam0.9_pr_auc,0.7077351790382191,0.02229427507438679
oov_regime,region_morph|p=0.50|spoof_k2,lik_lam0.9_top1pct_tp,324.0,13.130118049735882
oov_regime,region_morph|p=0.50|spoof_k2,lik_lam0.9_top1pct_precision,0.6415841584158416,0.026000233761853255
oov_regime,region_morph|p=0.50|spoof_k2,lik_lam1.0_roc_auc,0.9911831879999999,0.0017389306639932277
oov_regime,region_morph|p=0.50|spoof_k2,lik_lam1.0_pr_auc,0.7661835689558444,0.017554517115559144
oov_regime,region_morph|p=0.50|spoof_k2,lik_lam1.0_top1pct_tp,353.6,14.150618361046982
oov_regime,region_morph|p=0.50|spoof_k2,lik_lam1.0_top1pct_precision,0.7001980198019802,0.02802102645751876
oov_regime,region_morph|p=0.50|spoof_k2,mp_nosub_roc_auc,0.995639776,0.0020199985695994707
oov_regime,region_morph|p=0.50|spoof_k2,mp_nosub_pr_auc,0.8972303501592442,0.034367386825147804
oov_regime,region_morph|p=0.50|spoof_k2,mp_nosub_top1pct_tp,423.6,21.086488564955523
oov_regime,region_morph|p=0.50|spoof_k2,mp_nosub_top1pct_precision,0.8388118811881189,0.041755422900902034
oov_regime,region_morph|p=0.50|spoof_k2,mp_raw_roc_auc,0.9955765880000002,0.0016757156852210647
oov_regime,region_morph|p=0.50|spoof_k2,mp_raw_pr_auc,0.913570514990918,0.024664691432328825
oov_regime,region_morph|p=0.50|spoof_k2,mp_raw_top1pct_tp,432.2,16.166632302368974
oov_regime,region_morph|p=0.50|spoof_k2,mp_raw_top1pct_precision,0.8558415841584159,0.03201313327201777
oov_regime,region_morph|p=0.50|spoof_k2,trivial_roc_auc,0.7229780000000001,0.0032299746129033228
oov_regime,region_morph|p=0.50|spoof_k2,trivial_pr_auc,0.01781644309314408,0.00017447142385271117
oov_regime,region_morph|p=0.50|spoof_k2,trivial_top1pct_tp,8.6,3.006659275674582
oov_regime,region_morph|p=0.50|spoof_k2,trivial_top1pct_precision,0.017029702970297027,0.005953780743910063
oov_regime,region_morph|p=0.50|spoof_k2,two_stage_roc_auc,0.986332992,0.00508740579886608
oov_regime,region_morph|p=0.50|spoof_k2,two_stage_pr_auc,0.9055747795614018,0.025755556861057627
oov_regime,region_morph|p=0.50|spoof_k2,two_stage_top1pct_tp,427.8,16.53360214835231
oov_regime,region_morph|p=0.50|spoof_k2,two_stage_top1pct_precision,0.8471287128712872,0.032739806234361
oov_regime,region_morph|p=0.50|spoof_k2,lik_best_roc_auc,0.9911831879999999,0.0017389306639932277
oov_regime,region_morph|p=0.50|spoof_k2,lik_best_pr_auc,0.7661835689558444,0.017554517115559144
oov_regime,region_morph|p=0.50|spoof_k2,lik_best_top1pct_tp,353.6,14.150618361046982
oov_regime,region_morph|p=0.50|spoof_k2,lik_best_top1pct_precision,0.7001980198019802,0.02802102645751876
oov_regime,region_morph|p=0.50|novel,lik_lam0.5_roc_auc,0.9474643199999999,0.006586421468056811
oov_regime,region_morph|p=0.50|novel,lik_lam0.5_pr_auc,0.4978814352211695,0.03841128508380512
oov_regime,region_morph|p=0.50|novel,lik_lam0.5_top1pct_tp,255.2,19.38452991434149
oov_regime,region_morph|p=0.50|novel,lik_lam0.5_top1pct_precision,0.5053465346534654,0.03838520775117128
oov_regime,region_morph|p=0.50|novel,lik_lam0.9_roc_auc,0.986674024,0.0017659986815125148
oov_regime,region_morph|p=0.50|novel,lik_lam0.9_pr_auc,0.7129406642089745,0.026484626943839504
oov_regime,region_morph|p=0.50|novel,lik_lam0.9_top1pct_tp,330.8,9.10823802938856
oov_regime,region_morph|p=0.50|novel,lik_lam0.9_top1pct_precision,0.6550495049504951,0.018036114909680333
oov_regime,region_morph|p=0.50|novel,lik_lam1.0_roc_auc,0.9915952239999999,0.001201109149105141
oov_regime,region_morph|p=0.50|novel,lik_lam1.0_pr_auc,0.7757115272378211,0.021191409712288854
oov_regime,region_morph|p=0.50|novel,lik_lam1.0_top1pct_tp,358.4,13.032267646115928
oov_regime,region_morph|p=0.50|novel,lik_lam1.0_top1pct_precision,0.7097029702970297,0.025806470586368167
oov_regime,region_morph|p=0.50|novel,mp_nosub_roc_auc,0.9967416239999999,0.0013427233514257371
oov_regime,region_morph|p=0.50|novel,mp_nosub_pr_auc,0.9000087931014745,0.032432991826256335
oov_regime,region_morph|p=0.50|novel,mp_nosub_top1pct_tp,421.8,19.913814300630605
oov_regime,region_morph|p=0.50|novel,mp_nosub_top1pct_precision,0.8352475247524753,0.03943329564481307
oov_regime,region_morph|p=0.50|novel,mp_raw_roc_auc,0.996420752,0.0012784234642152033
oov_regime,region_morph|p=0.50|novel,mp_raw_pr_auc,0.9166743566185378,0.026134372748240552
oov_regime,region_morph|p=0.50|novel,mp_raw_top1pct_tp,430.0,15.453155017665487
oov_regime,region_morph|p=0.50|novel,mp_raw_top1pct_precision,0.8514851485148516,0.030600306965674215
oov_regime,region_morph|p=0.50|novel,trivial_roc_auc,0.724372,0.0015903760561577977
oov_regime,region_morph|p=0.50|novel,trivial_pr_auc,0.017892568963675227,9.338323734128802e-05
oov_regime,region_morph|p=0.50|novel,trivial_top1pct_tp,8.6,3.6110940170535577
oov_regime,region_morph|p=0.50|novel,trivial_top1pct_precision,0.017029702970297027,0.0071506812218882325
oov_regime,region_morph|p=0.50|novel,two_stage_roc_auc,0.988357248,0.0023777145393204806
oov_regime,region_morph|p=0.50|novel,two_stage_pr_auc,0.9094679500475239,0.02536364754733184
oov_regime,region_morph|p=0.50|novel,two_stage_top1pct_tp,427.4,14.974645237867906
oov_regime,region_morph|p=0.50|novel,two_stage_top1pct_precision,0.8463366336633664,0.029652762847263165
oov_regime,region_morph|p=0.50|novel,lik_best_roc_auc,0.9915952239999999,0.001201109149105141
oov_regime,region_morph|p=0.50|novel,lik_best_pr_auc,0.7757115272378211,0.021191409712288854
oov_regime,region_morph|p=0.50|novel,lik_best_top1pct_tp,358.4,13.032267646115928
oov_regime,region_morph|p=0.50|novel,lik_best_top1pct_precision,0.7097029702970297,0.025806470586368167
oov_regime,region_morph|p=0.50,delta_mp_minus_likbest_roc_point,0.013435155999999981,0.0030874070043426334
oov_regime,region_morph|p=0.50,delta_mp_minus_likbest_roc_ci_lower_min,0.006768218808991891,
oov_regime,region_morph|p=0.50,delta_mp_minus_likbest_pr_point,0.43943354016362085,0.049379843013715265
oov_regime,region_morph|p=0.50,delta_mp_minus_likbest_pr_ci_lower_min,0.341465373159996,
oov_regime,region_morph|p=0.50,delta_mp_minus_nosub_roc_point,-0.0018619400000000174,0.0014429708195525485
oov_regime,region_morph|p=0.50,delta_mp_minus_nosub_pr_point,0.016717419964347124,0.05838815511092618
oov_regime,region_morph|p=0.75|spoof_k1,lik_lam0.5_roc_auc,0.9113929160000002,0.01288323559142126
oov_regime,region_morph|p=0.75|spoof_k1,lik_lam0.5_pr_auc,0.3274328786004163,0.02169598225813097
oov_regime,region_morph|p=0.75|spoof_k1,lik_lam0.5_top1pct_tp,202.4,13.032267646115928
oov_regime,region_morph|p=0.75|spoof_k1,lik_lam0.5_top1pct_precision,0.4007920792079208,0.025806470586368178
oov_regime,region_morph|p=0.75|spoof_k1,lik_lam0.9_roc_auc,0.9607869319999999,0.004516788406779322
oov_regime,region_morph|p=0.75|spoof_k1,lik_lam0.9_pr_auc,0.302273009040543,0.04007092002053151
oov_regime,region_morph|p=0.75|spoof_k1,lik_lam0.9_top1pct_tp,161.2,16.363373735266208
oov_regime,region_morph|p=0.75|spoof_k1,lik_lam0.9_top1pct_precision,0.31920792079207916,0.03240272026785387
oov_regime,region_morph|p=0.75|spoof_k1,lik_lam1.0_roc_auc,0.9694872560000001,0.0027867127176054453
oov_regime,region_morph|p=0.75|spoof_k1,lik_lam1.0_pr_auc,0.3052184582815222,0.046915570664720546
oov_regime,region_morph|p=0.75|spoof_k1,lik_lam1.0_top1pct_tp,126.2,23.111901695879553
oov_regime,region_morph|p=0.75|spoof_k1,lik_lam1.0_top1pct_precision,0.2499009900990099,0.04576614197203871
oov_regime,region_morph|p=0.75|spoof_k1,mp_nosub_roc_auc,0.9871240200000001,0.0031914468398392066
oov_regime,region_morph|p=0.75|spoof_k1,mp_nosub_pr_auc,0.7199058214619889,0.08442946285974381
oov_regime,region_morph|p=0.75|spoof_k1,mp_nosub_top1pct_tp,342.8,38.50402576354841
oov_regime,region_morph|p=0.75|spoof_k1,mp_nosub_top1pct_precision,0.6788118811881189,0.07624559557138301
oov_regime,region_morph|p=0.75|spoof_k1,mp_raw_roc_auc,0.987118344,0.0024979183963100525
oov_regime,region_morph|p=0.75|spoof_k1,mp_raw_pr_auc,0.7679995810348581,0.05286839206530471
oov_regime,region_morph|p=0.75|spoof_k1,mp_raw_top1pct_tp,357.8,26.026140705068048
oov_regime,region_morph|p=0.75|spoof_k1,mp_raw_top1pct_precision,0.7085148514851485,0.05153691228726347
oov_regime,region_morph|p=0.75|spoof_k1,trivial_roc_auc,0.6135520000000001,0.0009938088347363483
oov_regime,region_morph|p=0.75|spoof_k1,trivial_pr_auc,0.012776163875379304,3.143937539088747e-05
oov_regime,region_morph|p=0.75|spoof_k1,trivial_top1pct_tp,6.0,2.898275349237888
oov_regime,region_morph|p=0.75|spoof_k1,trivial_top1pct_precision,0.011881188118811883,0.005739159107401758
oov_regime,region_morph|p=0.75|spoof_k1,two_stage_roc_auc,0.9854687200000001,0.003115354867413977
oov_regime,region_morph|p=0.75|spoof_k1,two_stage_pr_auc,0.7685477355544987,0.05219595246956538
oov_regime,region_morph|p=0.75|spoof_k1,two_stage_top1pct_tp,357.8,26.437851652507625
oov_regime,region_morph|p=0.75|spoof_k1,two_stage_top1pct_precision,0.7085148514851485,0.05235218149011411
oov_regime,region_morph|p=0.75|spoof_k1,lik_best_roc_auc,0.9694872560000001,0.0027867127176054453
oov_regime,region_morph|p=0.75|spoof_k1,lik_best_pr_auc,0.3052184582815222,0.046915570664720546
oov_regime,region_morph|p=0.75|spoof_k1,lik_best_top1pct_tp,126.2,23.111901695879553
oov_regime,region_morph|p=0.75|spoof_k1,lik_best_top1pct_precision,0.2499009900990099,0.04576614197203871
oov_regime,region_morph|p=0.75|spoof_k2,lik_lam0.5_roc_auc,0.9538864839999999,0.00977814905422413
oov_regime,region_morph|p=0.75|spoof_k2,lik_lam0.5_pr_auc,0.5297655822499437,0.03187984850091537
oov_regime,region_morph|p=0.75|spoof_k2,lik_lam0.5_top1pct_tp,266.8,16.521501142450706
oov_regime,region_morph|p=0.75|spoof_k2,lik_lam0.5_top1pct_precision,0.5283168316831683,0.03271584384643704
oov_regime,region_morph|p=0.75|spoof_k2,lik_lam0.9_roc_auc,0.9871041000000002,0.0018128441236024645
oov_regime,region_morph|p=0.75|spoof_k2,lik_lam0.9_pr_auc,0.7102410386054407,0.026418779822654066
oov_regime,region_morph|p=0.75|spoof_k2,lik_lam0.9_top1pct_tp,326.6,11.892854997854805
oov_regime,region_morph|p=0.75|spoof_k2,lik_lam0.9_top1pct_precision,0.6467326732673268,0.023550207916544188
oov_regime,region_morph|p=0.75|spoof_k2,lik_lam1.0_roc_auc,0.990474424,0.0013985388727039332
oov_regime,region_morph|p=0.75|spoof_k2,lik_lam1.0_pr_auc,0.757855772212805,0.022354000796606256
oov_regime,region_morph|p=0.75|spoof_k2,lik_lam1.0_top1pct_tp,348.4,10.287856919689348
oov_regime,region_morph|p=0.75|spoof_k2,lik_lam1.0_top1pct_precision,0.6899009900990098,0.02037199390037492
oov_regime,region_morph|p=0.75|spoof_k2,mp_nosub_roc_auc,0.994623436,0.001905557030052885
oov_regime,region_morph|p=0.75|spoof_k2,mp_nosub_pr_auc,0.8710869277507923,0.04359371230316737
oov_regime,region_morph|p=0.75|spoof_k2,mp_nosub_top1pct_tp,408.0,25.946097972527586
oov_regime,region_morph|p=0.75|spoof_k2,mp_nosub_top1pct_precision,0.807920792079208,0.05137841182678728
oov_regime,region_morph|p=0.75|spoof_k2,mp_raw_roc_auc,0.9952486840000001,0.0015200352619278205
oov_regime,region_morph|p=0.75|spoof_k2,mp_raw_pr_auc,0.905159465091882,0.0229065376997339
oov_regime,region_morph|p=0.75|spoof_k2,mp_raw_top1pct_tp,422.8,15.14463601411404
oov_regime,region_morph|p=0.75|spoof_k2,mp_raw_top1pct_precision,0.8372277227722773,0.02998937824577037
oov_regime,region_morph|p=0.75|spoof_k2,trivial_roc_auc,0.610886,0.0011962708723361947
oov_regime,region_morph|p=0.75|spoof_k2,trivial_pr_auc,0.012691816414855225,3.6726824665580724e-05
oov_regime,region_morph|p=0.75|spoof_k2,trivial_top1pct_tp,6.0,2.898275349237888
oov_regime,region_morph|p=0.75|spoof_k2,trivial_top1pct_precision,0.011881188118811883,0.005739159107401758
oov_regime,region_morph|p=0.75|spoof_k2,two_stage_roc_auc,0.9902136120000001,0.0034212576717365458
oov_regime,region_morph|p=0.75|spoof_k2,two_stage_pr_auc,0.9013624670458291,0.02373972154145957
oov_regime,region_morph|p=0.75|spoof_k2,two_stage_top1pct_tp,420.8,15.197368193210297
oov_regime,region_morph|p=0.75|spoof_k2,two_stage_top1pct_precision,0.8332673267326733,0.030093798402396617
oov_regime,region_morph|p=0.75|spoof_k2,lik_best_roc_auc,0.990474424,0.0013985388727039332
oov_regime,region_morph|p=0.75|spoof_k2,lik_best_pr_auc,0.757855772212805,0.022354000796606256
oov_regime,region_morph|p=0.75|spoof_k2,lik_best_top1pct_tp,348.4,10.287856919689348
oov_regime,region_morph|p=0.75|spoof_k2,lik_best_top1pct_precision,0.6899009900990098,0.02037199390037492
oov_regime,region_morph|p=0.75|novel,lik_lam0.5_roc_auc,0.951710752,0.00703426242992512
oov_regime,region_morph|p=0.75|novel,lik_lam0.5_pr_auc,0.5231127467173853,0.024015288008602878
oov_regime,region_morph|p=0.75|novel,lik_lam0.5_top1pct_tp,264.8,15.91728620085723
oov_regime,region_morph|p=0.75|novel,lik_lam0.5_top1pct_precision,0.5243564356435644,0.031519378615558875
oov_regime,region_morph|p=0.75|novel,lik_lam0.9_roc_auc,0.987227096,0.002000385604523333
oov_regime,region_morph|p=0.75|novel,lik_lam0.9_pr_auc,0.7177012723116089,0.02254446144658135
oov_regime,region_morph|p=0.75|novel,lik_lam0.9_top1pct_tp,331.4,10.011992808627062
oov_regime,region_morph|p=0.75|novel,lik_lam0.9_top1pct_precision,0.6562376237623763,0.019825728333914952
oov_regime,region_morph|p=0.75|novel,lik_lam1.0_roc_auc,0.991142672,0.0016195132323806596
oov_regime,region_morph|p=0.75|novel,lik_lam1.0_pr_auc,0.7685231459386056,0.0247419659962417
oov_regime,region_morph|p=0.75|novel,lik_lam1.0_top1pct_tp,351.6,14.458215657542254
oov_regime,region_morph|p=0.75|novel,lik_lam1.0_top1pct_precision,0.6962376237623763,0.028630130014935144
oov_regime,region_morph|p=0.75|novel,mp_nosub_roc_auc,0.99579024,0.0015865723684471225
oov_regime,region_morph|p=0.75|novel,mp_nosub_pr_auc,0.8741035273687968,0.04190432100835421
oov_regime,region_morph|p=0.75|novel,mp_nosub_top1pct_tp,407.8,25.095019426172996
oov_regime,region_morph|p=0.75|novel,mp_nosub_top1pct_precision,0.8075247524752476,0.04969310777459998
oov_regime,region_morph|p=0.75|novel,mp_raw_roc_auc,0.996173,0.0012501757029793968
oov_regime,region_morph|p=0.75|novel,mp_raw_pr_auc,0.9097675913280323,0.02447473762325295
oov_regime,region_morph|p=0.75|novel,mp_raw_top1pct_tp,423.4,15.969971822141702
oov_regime,region_morph|p=0.75|novel,mp_raw_top1pct_precision,0.8384158415841585,0.03162370657849841
oov_regime,region_morph|p=0.75|novel,trivial_roc_auc,0.6135059999999999,0.0007866028222680254
oov_regime,region_morph|p=0.75|novel,trivial_pr_auc,0.012774304943754575,2.5185780511444457e-05
oov_regime,region_morph|p=0.75|novel,trivial_top1pct_tp,6.2,2.925747767665559
oov_regime,region_morph|p=0.75|novel,trivial_top1pct_precision,0.012277227722772278,0.005793559935971404
oov_regime,region_morph|p=0.75|novel,two_stage_roc_auc,0.993723464,0.0009578552209097617
oov_regime,region_morph|p=0.75|novel,two_stage_pr_auc,0.9080239495841086,0.02355214900995077
oov_regime,region_morph|p=0.75|novel,two_stage_top1pct_tp,422.4,15.932357013323546
oov_regime,region_morph|p=0.75|novel,two_stage_top1pct_precision,0.8364356435643565,0.03154922180856146
oov_regime,region_morph|p=0.75|novel,lik_best_roc_auc,0.991142672,0.0016195132323806596
oov_regime,region_morph|p=0.75|novel,lik_best_pr_auc,0.7685231459386056,0.0247419659962417
oov_regime,region_morph|p=0.75|novel,lik_best_top1pct_tp,351.6,14.458215657542254
oov_regime,region_morph|p=0.75|novel,lik_best_top1pct_precision,0.6962376237623763,0.028630130014935144
oov_regime,region_morph|p=0.75,delta_mp_minus_likbest_roc_point,0.017631088000000038,0.0028781931825254147
oov_regime,region_morph|p=0.75,delta_mp_minus_likbest_roc_ci_lower_min,0.009518224492363036,
oov_regime,region_morph|p=0.75,delta_mp_minus_likbest_pr_point,0.46278112275333594,0.050577927257737604
oov_regime,region_morph|p=0.75,delta_mp_minus_likbest_pr_ci_lower_min,0.36346463977729837,
oov_regime,region_morph|p=0.75,delta_mp_minus_nosub_roc_point,-5.6760000000322105e-06,0.002042459900664869
oov_regime,region_morph|p=0.75,delta_mp_minus_nosub_pr_point,0.04809375957286925,0.07680179322144365
oov_regime,region_morph|p=1.00|spoof_k1,lik_lam0.5_roc_auc,0.9337815240000001,0.014776684065845884
oov_regime,region_morph|p=1.00|spoof_k1,lik_lam0.5_pr_auc,0.3380916808636343,0.02085155361788738
oov_regime,region_morph|p=1.00|spoof_k1,lik_lam0.5_top1pct_tp,208.2,8.997777503361593
oov_regime,region_morph|p=1.00|spoof_k1,lik_lam0.5_top1pct_precision,0.4122772277227723,0.017817381194775436
oov_regime,region_morph|p=1.00|spoof_k1,lik_lam0.9_roc_auc,0.963266044,0.0053398564071241
oov_regime,region_morph|p=1.00|spoof_k1,lik_lam0.9_pr_auc,0.29492096572995596,0.04360470236467315
oov_regime,region_morph|p=1.00|spoof_k1,lik_lam0.9_top1pct_tp,137.8,16.70209567689037
oov_regime,region_morph|p=1.00|spoof_k1,lik_lam0.9_top1pct_precision,0.2728712871287129,0.03307345678592152
oov_regime,region_morph|p=1.00|spoof_k1,lik_lam1.0_roc_auc,0.9686098999999999,0.003379747436836162
oov_regime,region_morph|p=1.00|spoof_k1,lik_lam1.0_pr_auc,0.2843556205688587,0.04900070497073096
oov_regime,region_morph|p=1.00|spoof_k1,lik_lam1.0_top1pct_tp,122.2,20.75957610357206
oov_regime,region_morph|p=1.00|spoof_k1,lik_lam1.0_top1pct_precision,0.24198019801980197,0.0411080714922219
oov_regime,region_morph|p=1.00|spoof_k1,mp_nosub_roc_auc,0.9836368600000001,0.00419329459475481
oov_regime,region_morph|p=1.00|spoof_k1,mp_nosub_pr_auc,0.6619522814017426,0.10568136494239219
oov_regime,region_morph|p=1.00|spoof_k1,mp_nosub_top1pct_tp,327.8,40.17661011085928
oov_regime,region_morph|p=1.00|spoof_k1,mp_nosub_top1pct_precision,0.6491089108910891,0.07955764378387975
oov_regime,region_morph|p=1.00|spoof_k1,mp_raw_roc_auc,0.9858496280000001,0.0027306879826622015
oov_regime,region_morph|p=1.00|spoof_k1,mp_raw_pr_auc,0.746427596590129,0.05663675921402876
oov_regime,region_morph|p=1.00|spoof_k1,mp_raw_top1pct_tp,346.8,24.798387044322055
oov_regime,region_morph|p=1.00|spoof_k1,mp_raw_top1pct_precision,0.6867326732673268,0.04910571691944962
oov_regime,region_morph|p=1.00|spoof_k1,trivial_roc_auc,0.5,0.0
oov_regime,region_morph|p=1.00|spoof_k1,trivial_pr_auc,0.009900990099009901,0.0
oov_regime,region_morph|p=1.00|spoof_k1,trivial_top1pct_tp,4.8,2.3151673805580453
oov_regime,region_morph|p=1.00|spoof_k1,trivial_top1pct_precision,0.009504950495049505,0.004584489862491178
oov_regime,region_morph|p=1.00|spoof_k1,two_stage_roc_auc,0.9858496280000001,0.0027306879826622015
oov_regime,region_morph|p=1.00|spoof_k1,two_stage_pr_auc,0.746427596590129,0.05663675921402876
oov_regime,region_morph|p=1.00|spoof_k1,two_stage_top1pct_tp,346.8,24.798387044322055
oov_regime,region_morph|p=1.00|spoof_k1,two_stage_top1pct_precision,0.6867326732673268,0.04910571691944962
oov_regime,region_morph|p=1.00|spoof_k1,lik_best_roc_auc,0.9686098999999999,0.003379747436836162
oov_regime,region_morph|p=1.00|spoof_k1,lik_best_pr_auc,0.2843556205688587,0.04900070497073096
oov_regime,region_morph|p=1.00|spoof_k1,lik_best_top1pct_tp,122.2,20.75957610357206
oov_regime,region_morph|p=1.00|spoof_k1,lik_best_top1pct_precision,0.24198019801980197,0.0411080714922219
oov_regime,region_morph|p=1.00|spoof_k2,lik_lam0.5_roc_auc,0.970519784,0.005587646422305631
oov_regime,region_morph|p=1.00|spoof_k2,lik_lam0.5_pr_auc,0.5645002133130547,0.030703663561216538
oov_regime,region_morph|p=1.00|spoof_k2,lik_lam0.5_top1pct_tp,281.2,14.878171930717832
oov_regime,region_morph|p=1.00|spoof_k2,lik_lam0.5_top1pct_precision,0.5568316831683169,0.02946172659548084
oov_regime,region_morph|p=1.00|spoof_k2,lik_lam0.9_roc_auc,0.988695664,0.001688485344983496
oov_regime,region_morph|p=1.00|spoof_k2,lik_lam0.9_pr_auc,0.7240410993257654,0.022680960924762107
oov_regime,region_morph|p=1.00|spoof_k2,lik_lam0.9_top1pct_tp,335.4,10.480458005259122
oov_regime,region_morph|p=1.00|spoof_k2,lik_lam0.9_top1pct_precision,0.6641584158415842,0.02075338218863194
oov_regime,region_morph|p=1.00|spoof_k2,lik_lam1.0_roc_auc,0.9907471280000001,0.001349724095100901
oov_regime,region_morph|p=1.00|spoof_k2,lik_lam1.0_pr_auc,0.7574017398354767,0.022020437248718314
oov_regime,region_morph|p=1.00|spoof_k2,lik_lam1.0_top1pct_tp,351.4,8.777243302996675
oov_regime,region_morph|p=1.00|spoof_k2,lik_lam1.0_top1pct_precision,0.6958415841584158,0.017380679807914193
oov_regime,region_morph|p=1.00|spoof_k2,mp_nosub_roc_auc,0.9931414000000001,0.0024263722019838745
oov_regime,region_morph|p=1.00|spoof_k2,mp_nosub_pr_auc,0.8436801371337893,0.056531083689118494
oov_regime,region_morph|p=1.00|spoof_k2,mp_nosub_top1pct_tp,393.0,31.924911902775865
oov_regime,region_morph|p=1.00|spoof_k2,mp_nosub_top1pct_precision,0.7782178217821782,0.06321764733222944
oov_regime,region_morph|p=1.00|spoof_k2,mp_raw_roc_auc,0.994794108,0.0015915834118059818
oov_regime,region_morph|p=1.00|spoof_k2,mp_raw_pr_auc,0.8953262870141367,0.024902615190547445
oov_regime,region_morph|p=1.00|spoof_k2,mp_raw_top1pct_tp,414.8,14.905032707109367
oov_regime,region_morph|p=1.00|spoof_k2,mp_raw_top1pct_precision,0.8213861386138614,0.029514916251701696
oov_regime,region_morph|p=1.00|spoof_k2,trivial_roc_auc,0.5,0.0
oov_regime,region_morph|p=1.00|spoof_k2,trivial_pr_auc,0.009900990099009901,0.0
oov_regime,region_morph|p=1.00|spoof_k2,trivial_top1pct_tp,4.8,2.3151673805580453
oov_regime,region_morph|p=1.00|spoof_k2,trivial_top1pct_precision,0.009504950495049505,0.004584489862491178
oov_regime,region_morph|p=1.00|spoof_k2,two_stage_roc_auc,0.994794108,0.0015915834118059818
oov_regime,region_morph|p=1.00|spoof_k2,two_stage_pr_auc,0.8953262870141367,0.024902615190547445
oov_regime,region_morph|p=1.00|spoof_k2,two_stage_top1pct_tp,414.8,14.905032707109367
oov_regime,region_morph|p=1.00|spoof_k2,two_stage_top1pct_precision,0.8213861386138614,0.029514916251701696
oov_regime,region_morph|p=1.00|spoof_k2,lik_best_roc_auc,0.9907471280000001,0.001349724095100901
oov_regime,region_morph|p=1.00|spoof_k2,lik_best_pr_auc,0.7574017398354767,0.022020437248718314
oov_regime,region_morph|p=1.00|spoof_k2,lik_best_top1pct_tp,351.4,8.777243302996675
oov_regime,region_morph|p=1.00|spoof_k2,lik_best_top1pct_precision,0.6958415841584158,0.017380679807914193
oov_regime,region_morph|p=1.00|novel,lik_lam0.5_roc_auc,0.9696133439999999,0.005408007490681222
oov_regime,region_morph|p=1.00|novel,lik_lam0.5_pr_auc,0.5503941943049735,0.026924534558668715
oov_regime,region_morph|p=1.00|novel,lik_lam0.5_top1pct_tp,276.4,17.269626515938324
oov_regime,region_morph|p=1.00|novel,lik_lam0.5_top1pct_precision,0.5473267326732674,0.03419728022958083
oov_regime,region_morph|p=1.00|novel,lik_lam0.9_roc_auc,0.989014448,0.001820211644028187
oov_regime,region_morph|p=1.00|novel,lik_lam0.9_pr_auc,0.7282985188378281,0.022028169094362057
oov_regime,region_morph|p=1.00|novel,lik_lam0.9_top1pct_tp,340.2,8.749857141690942
oov_regime,region_morph|p=1.00|novel,lik_lam0.9_top1pct_precision,0.6736633663366337,0.0173264497855266
oov_regime,region_morph|p=1.00|novel,lik_lam1.0_roc_auc,0.991659516,0.0011476782927213947
oov_regime,region_morph|p=1.00|novel,lik_lam1.0_pr_auc,0.7652416539483262,0.021669268741674616
oov_regime,region_morph|p=1.00|novel,lik_lam1.0_top1pct_tp,354.8,7.730459236035076
oov_regime,region_morph|p=1.00|novel,lik_lam1.0_top1pct_precision,0.7025742574257425,0.015307840071356599
oov_regime,region_morph|p=1.00|novel,mp_nosub_roc_auc,0.994491848,0.0019784060459915043
oov_regime,region_morph|p=1.00|novel,mp_nosub_pr_auc,0.8518158743296649,0.05027234675124142
oov_regime,region_morph|p=1.00|novel,mp_nosub_top1pct_tp,394.0,30.44339008717656
oov_regime,region_morph|p=1.00|novel,mp_nosub_top1pct_precision,0.7801980198019802,0.06028394076668626
oov_regime,region_morph|p=1.00|novel,mp_raw_roc_auc,0.9957391839999999,0.001351073419731154
oov_regime,region_morph|p=1.00|novel,mp_raw_pr_auc,0.9019830536722031,0.02634115491326151
oov_regime,region_morph|p=1.00|novel,mp_raw_top1pct_tp,418.2,16.76186147180557
oov_regime,region_morph|p=1.00|novel,mp_raw_top1pct_precision,0.8281188118811882,0.03319180489466447
oov_regime,region_morph|p=1.00|novel,trivial_roc_auc,0.5,0.0
oov_regime,region_morph|p=1.00|novel,trivial_pr_auc,0.009900990099009901,0.0
oov_regime,region_morph|p=1.00|novel,trivial_top1pct_tp,4.8,2.3151673805580453
oov_regime,region_morph|p=1.00|novel,trivial_top1pct_precision,0.009504950495049505,0.004584489862491178
oov_regime,region_morph|p=1.00|novel,two_stage_roc_auc,0.9957391839999999,0.001351073419731154
oov_regime,region_morph|p=1.00|novel,two_stage_pr_auc,0.9019830536722031,0.02634115491326151
oov_regime,region_morph|p=1.00|novel,two_stage_top1pct_tp,418.2,16.76186147180557
oov_regime,region_morph|p=1.00|novel,two_stage_top1pct_precision,0.8281188118811882,0.03319180489466447
oov_regime,region_morph|p=1.00|novel,lik_best_roc_auc,0.991659516,0.0011476782927213947
oov_regime,region_morph|p=1.00|novel,lik_best_pr_auc,0.7652416539483262,0.021669268741674616
oov_regime,region_morph|p=1.00|novel,lik_best_top1pct_tp,354.8,7.730459236035076
oov_regime,region_morph|p=1.00|novel,lik_best_top1pct_precision,0.7025742574257425,0.015307840071356599
oov_regime,region_morph|p=1.00,delta_mp_minus_likbest_roc_point,0.017239728000000044,0.003642852401217485
oov_regime,region_morph|p=1.00,delta_mp_minus_likbest_roc_ci_lower_min,0.009292558470791704,
oov_regime,region_morph|p=1.00,delta_mp_minus_likbest_pr_point,0.46207197602127026,0.05472251245224583
oov_regime,region_morph|p=1.00,delta_mp_minus_likbest_pr_ci_lower_min,0.3679873284359499,
oov_regime,region_morph|p=1.00,delta_mp_minus_nosub_roc_point,0.0022127679999999874,0.002651953960191647
oov_regime,region_morph|p=1.00,delta_mp_minus_nosub_pr_point,0.08447531518838644,0.09928227971829005
oov_regime,geo_cluster|p=0.00|spoof_k1,lik_lam0.5_roc_auc,0.9669125839999999,0.0088641018738045
oov_regime,geo_cluster|p=0.00|spoof_k1,lik_lam0.5_pr_auc,0.5356621293660782,0.0198646874001251
oov_regime,geo_cluster|p=0.00|spoof_k1,lik_lam0.5_top1pct_tp,264.2,11.685888926393234
oov_regime,geo_cluster|p=0.00|spoof_k1,lik_lam0.5_top1pct_precision,0.5231683168316832,0.023140374111669793
oov_regime,geo_cluster|p=0.00|spoof_k1,lik_lam0.9_roc_auc,0.988883568,0.002021079613655987
oov_regime,geo_cluster|p=0.00|spoof_k1,lik_lam0.9_pr_auc,0.6966340703462329,0.035840491032414844
oov_regime,geo_cluster|p=0.00|spoof_k1,lik_lam0.9_top1pct_tp,325.6,20.34305778392226
oov_regime,geo_cluster|p=0.00|spoof_k1,lik_lam0.9_top1pct_precision,0.6447524752475247,0.04028328274044012
oov_regime,geo_cluster|p=0.00|spoof_k1,lik_lam1.0_roc_auc,0.9919063359999999,0.0013027435443340668
oov_regime,geo_cluster|p=0.00|spoof_k1,lik_lam1.0_pr_auc,0.7641726569801057,0.035146396708273485
oov_regime,geo_cluster|p=0.00|spoof_k1,lik_lam1.0_top1pct_tp,366.0,14.926486525636232
oov_regime,geo_cluster|p=0.00|spoof_k1,lik_lam1.0_top1pct_precision,0.7247524752475247,0.029557399060665793
oov_regime,geo_cluster|p=0.00|spoof_k1,mp_nosub_roc_auc,0.9958038,0.0012047636756807973
oov_regime,geo_cluster|p=0.00|spoof_k1,mp_nosub_pr_auc,0.9136325689878021,0.02203649490324829
oov_regime,geo_cluster|p=0.00|spoof_k1,mp_nosub_top1pct_tp,431.0,17.977764043395386
oov_regime,geo_cluster|p=0.00|spoof_k1,mp_nosub_top1pct_precision,0.8534653465346536,0.03559953275919877
oov_regime,geo_cluster|p=0.00|spoof_k1,mp_raw_roc_auc,0.990850352,0.0020151824840286786
oov_regime,geo_cluster|p=0.00|spoof_k1,mp_raw_pr_auc,0.8373243229044649,0.040320466377942475
oov_regime,geo_cluster|p=0.00|spoof_k1,mp_raw_top1pct_tp,389.2,25.498235233050934
oov_regime,geo_cluster|p=0.00|spoof_k1,mp_raw_top1pct_precision,0.7706930693069307,0.05049155491693252
oov_regime,geo_cluster|p=0.00|spoof_k1,trivial_roc_auc,0.950854,0.005316858470939408
oov_regime,geo_cluster|p=0.00|spoof_k1,trivial_pr_auc,0.1084539177028778,0.0033168239014928886
oov_regime,geo_cluster|p=0.00|spoof_k1,trivial_top1pct_tp,55.4,4.963869458396342
oov_regime,geo_cluster|p=0.00|spoof_k1,trivial_top1pct_precision,0.10970297029702972,0.009829444472071965
oov_regime,geo_cluster|p=0.00|spoof_k1,two_stage_roc_auc,0.986709408,0.005261515259414933
oov_regime,geo_cluster|p=0.00|spoof_k1,two_stage_pr_auc,0.8659466909833572,0.031146882869976418
oov_regime,geo_cluster|p=0.00|spoof_k1,two_stage_top1pct_tp,398.8,23.111901695879553
oov_regime,geo_cluster|p=0.00|spoof_k1,two_stage_top1pct_precision,0.7897029702970297,0.045766141972038724
oov_regime,geo_cluster|p=0.00|spoof_k1,lik_best_roc_auc,0.9919063359999999,0.0013027435443340668
oov_regime,geo_cluster|p=0.00|spoof_k1,lik_best_pr_auc,0.7641726569801057,0.035146396708273485
oov_regime,geo_cluster|p=0.00|spoof_k1,lik_best_top1pct_tp,366.0,14.926486525636232
oov_regime,geo_cluster|p=0.00|spoof_k1,lik_best_top1pct_precision,0.7247524752475247,0.029557399060665793
oov_regime,geo_cluster|p=0.00|spoof_k2,lik_lam0.5_roc_auc,0.986511756,0.0023694283653707907
oov_regime,geo_cluster|p=0.00|spoof_k2,lik_lam0.5_pr_auc,0.7125835611834364,0.033889347072496884
oov_regime,geo_cluster|p=0.00|spoof_k2,lik_lam0.5_top1pct_tp,326.8,16.004999218994044
oov_regime,geo_cluster|p=0.00|spoof_k2,lik_lam0.5_top1pct_precision,0.6471287128712871,0.031693067760384275
oov_regime,geo_cluster|p=0.00|spoof_k2,lik_lam0.9_roc_auc,0.996889836,0.0007273355702452198
oov_regime,geo_cluster|p=0.00|spoof_k2,lik_lam0.9_pr_auc,0.9035186237485782,0.01540897894096504
oov_regime,geo_cluster|p=0.00|spoof_k2,lik_lam0.9_top1pct_tp,420.2,8.795453370918407
oov_regime,geo_cluster|p=0.00|spoof_k2,lik_lam0.9_top1pct_precision,0.8320792079207922,0.017416739348353263
oov_regime,geo_cluster|p=0.00|spoof_k2,lik_lam1.0_roc_auc,0.9975827479999999,0.0008053769879603224
oov_regime,geo_cluster|p=0.00|spoof_k2,lik_lam1.0_pr_auc,0.9309826271887648,0.01166642728353674
oov_regime,geo_cluster|p=0.00|spoof_k2,lik_lam1.0_top1pct_tp,437.8,7.11055553385247
oov_regime,geo_cluster|p=0.00|spoof_k2,lik_lam1.0_top1pct_precision,0.866930693069307,0.014080307987826689
oov_regime,geo_cluster|p=0.00|spoof_k2,mp_nosub_roc_auc,0.9983180919999999,0.0009847006903297387
oov_regime,geo_cluster|p=0.00|spoof_k2,mp_nosub_pr_auc,0.9656282417903002,0.013390907742667801
oov_regime,geo_cluster|p=0.00|spoof_k2,mp_nosub_top1pct_tp,465.4,11.943198901466893
oov_regime,geo_cluster|p=0.00|spoof_k2,mp_nosub_top1pct_precision,0.9215841584158415,0.02364989881478591
oov_regime,geo_cluster|p=0.00|spoof_k2,mp_raw_roc_auc,0.9965295160000001,0.0015569424887721746
oov_regime,geo_cluster|p=0.00|spoof_k2,mp_raw_pr_auc,0.9356360962416519,0.021926291088746445
oov_regime,geo_cluster|p=0.00|spoof_k2,mp_raw_top1pct_tp,445.8,14.386104406683554
oov_regime,geo_cluster|p=0.00|spoof_k2,mp_raw_top1pct_precision,0.8827722772277229,0.028487335458779343
oov_regime,geo_cluster|p=0.00|spoof_k2,trivial_roc_auc,0.950454,0.0038642184203277093
oov_regime,geo_cluster|p=0.00|spoof_k2,trivial_pr_auc,0.10827154864857809,0.0023125392833686234
oov_regime,geo_cluster|p=0.00|spoof_k2,trivial_top1pct_tp,56.0,6.2289646009589745
oov_regime,geo_cluster|p=0.00|spoof_k2,trivial_top1pct_precision,0.1108910891089109,0.012334583368235594
oov_regime,geo_cluster|p=0.00|spoof_k2,two_stage_roc_auc,0.988107304,0.0043813654196361955
oov_regime,geo_cluster|p=0.00|spoof_k2,two_stage_pr_auc,0.935609075902002,0.02221993902732873
oov_regime,geo_cluster|p=0.00|spoof_k2,two_stage_top1pct_tp,445.6,15.818975946628154
oov_regime,geo_cluster|p=0.00|spoof_k2,two_stage_top1pct_precision,0.8823762376237625,0.031324704844808246
oov_regime,geo_cluster|p=0.00|spoof_k2,lik_best_roc_auc,0.9975827479999999,0.0008053769879603224
oov_regime,geo_cluster|p=0.00|spoof_k2,lik_best_pr_auc,0.9309826271887648,0.01166642728353674
oov_regime,geo_cluster|p=0.00|spoof_k2,lik_best_top1pct_tp,437.8,7.11055553385247
oov_regime,geo_cluster|p=0.00|spoof_k2,lik_best_top1pct_precision,0.866930693069307,0.014080307987826689
oov_regime,geo_cluster|p=0.00|novel,lik_lam0.5_roc_auc,0.9847515120000001,0.002376699771754114
oov_regime,geo_cluster|p=0.00|novel,lik_lam0.5_pr_auc,0.7029443055764453,0.021969690086299298
oov_regime,geo_cluster|p=0.00|novel,lik_lam0.5_top1pct_tp,324.6,13.57350360076572
oov_regime,geo_cluster|p=0.00|novel,lik_lam0.5_top1pct_precision,0.6427722772277228,0.026878224952011354
oov_regime,geo_cluster|p=0.00|novel,lik_lam0.9_roc_auc,0.9966318639999999,0.0006376206157771363
oov_regime,geo_cluster|p=0.00|novel,lik_lam0.9_pr_auc,0.9029722453023992,0.016735408594111843
oov_regime,geo_cluster|p=0.00|novel,lik_lam0.9_top1pct_tp,417.6,9.624967532412771
oov_regime,geo_cluster|p=0.00|novel,lik_lam0.9_top1pct_precision,0.826930693069307,0.0190593416483421
oov_regime,geo_cluster|p=0.00|novel,lik_lam1.0_roc_auc,0.9977842880000001,0.0004781175377832918
oov_regime,geo_cluster|p=0.00|novel,lik_lam1.0_pr_auc,0.9344324007210265,0.01335982067582485
oov_regime,geo_cluster|p=0.00|novel,lik_lam1.0_top1pct_tp,439.6,9.068627239003707
oov_regime,geo_cluster|p=0.00|novel,lik_lam1.0_top1pct_precision,0.8704950495049506,0.017957677700997456
oov_regime,geo_cluster|p=0.00|novel,mp_nosub_roc_auc,0.998942456,0.0005709389345139941
oov_regime,geo_cluster|p=0.00|novel,mp_nosub_pr_auc,0.9725637251086457,0.011738882968591593
oov_regime,geo_cluster|p=0.00|novel,mp_nosub_top1pct_tp,469.2,12.4
oov_regime,geo_cluster|p=0.00|novel,mp_nosub_top1pct_precision,0.929108910891089,0.024554455445544524
oov_regime,geo_cluster|p=0.00|novel,mp_raw_roc_auc,0.9974559359999999,0.0010282343927645735
oov_regime,geo_cluster|p=0.00|novel,mp_raw_pr_auc,0.9415517375570964,0.020875168839602113
oov_regime,geo_cluster|p=0.00|novel,mp_raw_top1pct_tp,446.0,13.62350909274112
oov_regime,geo_cluster|p=0.00|novel,mp_raw_top1pct_precision,0.8831683168316833,0.026977245728200264
oov_regime,geo_cluster|p=0.00|novel,trivial_roc_auc,0.951854,0.0029238645659469664
oov_regime,geo_cluster|p=0.00|novel,trivial_pr_auc,0.10883457455220986,0.0024826749885397364
oov_regime,geo_cluster|p=0.00|novel,trivial_top1pct_tp,55.8,6.368673331236263
oov_regime,geo_cluster|p=0.00|novel,trivial_top1pct_precision,0.11049504950495051,0.012611234319279728
oov_regime,geo_cluster|p=0.00|novel,two_stage_roc_auc,0.989840908,0.00263680370186637
oov_regime,geo_cluster|p=0.00|novel,two_stage_pr_auc,0.9431841419105529,0.017047214194271517
oov_regime,geo_cluster|p=0.00|novel,two_stage_top1pct_tp,448.6,14.759403781996076
oov_regime,geo_cluster|p=0.00|novel,two_stage_top1pct_precision,0.8883168316831684,0.029226542142566512
oov_regime,geo_cluster|p=0.00|novel,lik_best_roc_auc,0.9977842880000001,0.0004781175377832918
oov_regime,geo_cluster|p=0.00|novel,lik_best_pr_auc,0.9344324007210265,0.01335982067582485
oov_regime,geo_cluster|p=0.00|novel,lik_best_top1pct_tp,439.6,9.068627239003707
oov_regime,geo_cluster|p=0.00|novel,lik_best_top1pct_precision,0.8704950495049506,0.017957677700997456
oov_regime,geo_cluster|p=0.00,delta_mp_minus_likbest_roc_point,-0.0010559839999999543,0.0018743622867055253
oov_regime,geo_cluster|p=0.00,delta_mp_minus_likbest_roc_ci_lower_min,-0.005700659917458864,
oov_regime,geo_cluster|p=0.00,delta_mp_minus_likbest_pr_point,0.07315166592435918,0.04134376182788665
oov_regime,geo_cluster|p=0.00,delta_mp_minus_likbest_pr_ci_lower_min,-0.023969923067841084,
oov_regime,geo_cluster|p=0.00,delta_mp_minus_nosub_roc_point,-0.004953447999999927,0.0010079126013381391
oov_regime,geo_cluster|p=0.00,delta_mp_minus_nosub_pr_point,-0.07630824608333711,0.025998724985579976
oov_regime,geo_cluster|p=0.10|spoof_k1,lik_lam0.5_roc_auc,0.8838689439999999,0.00808323883530258
oov_regime,geo_cluster|p=0.10|spoof_k1,lik_lam0.5_pr_auc,0.0397613224923877,0.001816685963908876
oov_regime,geo_cluster|p=0.10|spoof_k1,lik_lam0.5_top1pct_tp,8.0,3.1622776601683795
oov_regime,geo_cluster|p=0.10|spoof_k1,lik_lam0.5_top1pct_precision,0.015841584158415842,0.0062619359607294645
oov_regime,geo_cluster|p=0.10|spoof_k1,lik_lam0.9_roc_auc,0.91011636,0.003503963733008594
oov_regime,geo_cluster|p=0.10|spoof_k1,lik_lam0.9_pr_auc,0.04923378451817424,0.001985222972490627
oov_regime,geo_cluster|p=0.10|spoof_k1,lik_lam0.9_top1pct_tp,11.0,4.560701700396552
oov_regime,geo_cluster|p=0.10|spoof_k1,lik_lam0.9_top1pct_precision,0.02178217821782178,0.009031092476032777
oov_regime,geo_cluster|p=0.10|spoof_k1,lik_lam1.0_roc_auc,0.9231353760000001,0.0034156523427164172
oov_regime,geo_cluster|p=0.10|spoof_k1,lik_lam1.0_pr_auc,0.059587221938582235,0.0036340914411046896
oov_regime,geo_cluster|p=0.10|spoof_k1,lik_lam1.0_top1pct_tp,19.0,5.692099788303083
oov_regime,geo_cluster|p=0.10|spoof_k1,lik_lam1.0_top1pct_precision,0.03762376237623762,0.011271484729313035
oov_regime,geo_cluster|p=0.10|spoof_k1,mp_nosub_roc_auc,0.975651732,0.0031421186834007316
oov_regime,geo_cluster|p=0.10|spoof_k1,mp_nosub_pr_auc,0.4169751590127576,0.08161452679158666
oov_regime,geo_cluster|p=0.10|spoof_k1,mp_nosub_top1pct_tp,230.0,26.115129714401192
oov_regime,geo_cluster|p=0.10|spoof_k1,mp_nosub_top1pct_precision,0.4554455445544554,0.051713128147329104
oov_regime,geo_cluster|p=0.10|spoof_k1,mp_raw_roc_auc,0.9660632400000001,0.003762662966251406
oov_regime,geo_cluster|p=0.10|spoof_k1,mp_raw_pr_auc,0.3015559048353766,0.05483845687524542
oov_regime,geo_cluster|p=0.10|spoof_k1,mp_raw_top1pct_tp,170.2,38.00210520484359
oov_regime,geo_cluster|p=0.10|spoof_k1,mp_raw_top1pct_precision,0.33702970297029705,0.07525169347493779
oov_regime,geo_cluster|p=0.10|spoof_k1,trivial_roc_auc,0.9052199999999999,0.004575408178512619
oov_regime,geo_cluster|p=0.10|spoof_k1,trivial_pr_auc,0.05335458351460962,0.0010734588004616438
oov_regime,geo_cluster|p=0.10|spoof_k1,trivial_top1pct_tp,27.2,5.192301994298868
oov_regime,geo_cluster|p=0.10|spoof_k1,trivial_top1pct_precision,0.05386138613861387,0.010281786127324492
oov_regime,geo_cluster|p=0.10|spoof_k1,two_stage_roc_auc,0.963063412,0.004863581048990152
oov_regime,geo_cluster|p=0.10|spoof_k1,two_stage_pr_auc,0.2983111714117451,0.051043183943798774
oov_regime,geo_cluster|p=0.10|spoof_k1,two_stage_top1pct_tp,167.4,36.477938538245276
oov_regime,geo_cluster|p=0.10|spoof_k1,two_stage_top1pct_precision,0.3314851485148515,0.07223354165989164
oov_regime,geo_cluster|p=0.10|spoof_k1,lik_best_roc_auc,0.9231353760000001,0.0034156523427164172
oov_regime,geo_cluster|p=0.10|spoof_k1,lik_best_pr_auc,0.059587221938582235,0.0036340914411046896
oov_regime,geo_cluster|p=0.10|spoof_k1,lik_best_top1pct_tp,19.0,5.692099788303083
oov_regime,geo_cluster|p=0.10|spoof_k1,lik_best_top1pct_precision,0.03762376237623762,0.011271484729313035
oov_regime,geo_cluster|p=0.10|spoof_k2,lik_lam0.5_roc_auc,0.9097633399999999,0.0050858262143962316
oov_regime,geo_cluster|p=0.10|spoof_k2,lik_lam0.5_pr_auc,0.054004445378224145,0.004017526663462433
oov_regime,geo_cluster|p=0.10|spoof_k2,lik_lam0.5_top1pct_tp,28.2,3.3105890714493698
oov_regime,geo_cluster|p=0.10|spoof_k2,lik_lam0.5_top1pct_precision,0.05584158415841585,0.006555621923662118
oov_regime,geo_cluster|p=0.10|spoof_k2,lik_lam0.9_roc_auc,0.9462852360000001,0.003699199528317475
oov_regime,geo_cluster|p=0.10|spoof_k2,lik_lam0.9_pr_auc,0.10081461407041456,0.009123436981020314
oov_regime,geo_cluster|p=0.10|spoof_k2,lik_lam0.9_top1pct_tp,47.6,4.586937976471886
oov_regime,geo_cluster|p=0.10|spoof_k2,lik_lam0.9_top1pct_precision,0.09425742574257426,0.009083045497964128
oov_regime,geo_cluster|p=0.10|spoof_k2,lik_lam1.0_roc_auc,0.9626732919999998,0.0023345663131502585
oov_regime,geo_cluster|p=0.10|spoof_k2,lik_lam1.0_pr_auc,0.1527392213097117,0.009862629312458697
oov_regime,geo_cluster|p=0.10|spoof_k2,lik_lam1.0_top1pct_tp,80.2,7.520638270785266
oov_regime,geo_cluster|p=0.10|spoof_k2,lik_lam1.0_top1pct_precision,0.15881188118811881,0.014892353011455976
oov_regime,geo_cluster|p=0.10|spoof_k2,mp_nosub_roc_auc,0.9881791559999998,0.0029123655998628487
oov_regime,geo_cluster|p=0.10|spoof_k2,mp_nosub_pr_auc,0.630379166110671,0.0659193147461877
oov_regime,geo_cluster|p=0.10|spoof_k2,mp_nosub_top1pct_tp,296.2,23.91150350772615
oov_regime,geo_cluster|p=0.10|spoof_k2,mp_nosub_top1pct_precision,0.5865346534653466,0.04734951189648743
oov_regime,geo_cluster|p=0.10|spoof_k2,mp_raw_roc_auc,0.9837069639999999,0.00348542003272833
oov_regime,geo_cluster|p=0.10|spoof_k2,mp_raw_pr_auc,0.5153529634056919,0.0690653365121278
oov_regime,geo_cluster|p=0.10|spoof_k2,mp_raw_top1pct_tp,247.2,27.352513595646016
oov_regime,geo_cluster|p=0.10|spoof_k2,mp_raw_top1pct_precision,0.4895049504950495,0.054163393258705
oov_regime,geo_cluster|p=0.10|spoof_k2,trivial_roc_auc,0.9059419999999999,0.0036091738666902853
oov_regime,geo_cluster|p=0.10|spoof_k2,trivial_pr_auc,0.05346299174298093,0.0009861111110345887
oov_regime,geo_cluster|p=0.10|spoof_k2,trivial_top1pct_tp,28.2,6.43117407632541
oov_regime,geo_cluster|p=0.10|spoof_k2,trivial_top1pct_precision,0.05584158415841585,0.012734998170941408
oov_regime,geo_cluster|p=0.10|spoof_k2,two_stage_roc_auc,0.9768746399999999,0.004892187958040886
oov_regime,geo_cluster|p=0.10|spoof_k2,two_stage_pr_auc,0.5047804837458686,0.06772753261945635
oov_regime,geo_cluster|p=0.10|spoof_k2,two_stage_top1pct_tp,243.2,27.694042680692178
oov_regime,geo_cluster|p=0.10|spoof_k2,two_stage_top1pct_precision,0.48158415841584157,0.05483968847661818
oov_regime,geo_cluster|p=0.10|spoof_k2,lik_best_roc_auc,0.9626732919999998,0.0023345663131502585
oov_regime,geo_cluster|p=0.10|spoof_k2,lik_best_pr_auc,0.1527392213097117,0.009862629312458697
oov_regime,geo_cluster|p=0.10|spoof_k2,lik_best_top1pct_tp,80.2,7.520638270785266
oov_regime,geo_cluster|p=0.10|spoof_k2,lik_best_top1pct_precision,0.15881188118811881,0.014892353011455976
oov_regime,geo_cluster|p=0.10|novel,lik_lam0.5_roc_auc,0.9089536239999999,0.0036182161171361303
oov_regime,geo_cluster|p=0.10|novel,lik_lam0.5_pr_auc,0.05472698006549208,0.004868231665514476
oov_regime,geo_cluster|p=0.10|novel,lik_lam0.5_top1pct_tp,27.6,5.535341001239219
oov_regime,geo_cluster|p=0.10|novel,lik_lam0.5_top1pct_precision,0.054653465346534646,0.010961071289582609
oov_regime,geo_cluster|p=0.10|novel,lik_lam0.9_roc_auc,0.947304184,0.002684252280286607
oov_regime,geo_cluster|p=0.10|novel,lik_lam0.9_pr_auc,0.10420872032517928,0.007020088841418593
oov_regime,geo_cluster|p=0.10|novel,lik_lam0.9_top1pct_tp,54.2,6.11228271597445
oov_regime,geo_cluster|p=0.10|novel,lik_lam0.9_top1pct_precision,0.10732673267326734,0.012103530130642477
oov_regime,geo_cluster|p=0.10|novel,lik_lam1.0_roc_auc,0.963852548,0.00224005632781321
oov_regime,geo_cluster|p=0.10|novel,lik_lam1.0_pr_auc,0.15976667451841142,0.008581862585003583
oov_regime,geo_cluster|p=0.10|novel,lik_lam1.0_top1pct_tp,86.4,2.33238075793812
oov_regime,geo_cluster|p=0.10|novel,lik_lam1.0_top1pct_precision,0.1710891089108911,0.0046185757582933
oov_regime,geo_cluster|p=0.10|novel,mp_nosub_roc_auc,0.9894456360000001,0.0019232427289096552
oov_regime,geo_cluster|p=0.10|novel,mp_nosub_pr_auc,0.6345387082906587,0.06786566178549404
oov_regime,geo_cluster|p=0.10|novel,mp_nosub_top1pct_tp,299.2,20.193068117549647
oov_regime,geo_cluster|p=0.10|novel,mp_nosub_top1pct_precision,0.5924752475247526,0.039986273500098306
oov_regime,geo_cluster|p=0.10|novel,mp_raw_roc_auc,0.985261096,0.002376265390949423
oov_regime,geo_cluster|p=0.10|novel,mp_raw_pr_auc,0.5150247056236943,0.0688503900802618
oov_regime,geo_cluster|p=0.10|novel,mp_raw_top1pct_tp,249.2,23.37006632425334
oov_regime,geo_cluster|p=0.10|novel,mp_raw_top1pct_precision,0.49346534653465346,0.04627735905792743
oov_regime,geo_cluster|p=0.10|novel,trivial_roc_auc,0.906996,0.003290796863982985
oov_regime,geo_cluster|p=0.10|novel,trivial_pr_auc,0.053843272854268986,0.0009204400901424242
oov_regime,geo_cluster|p=0.10|novel,trivial_top1pct_tp,28.6,6.343500610861482
oov_regime,geo_cluster|p=0.10|novel,trivial_top1pct_precision,0.05663366336633663,0.012561387348240558
oov_regime,geo_cluster|p=0.10|novel,two_stage_roc_auc,0.978451072,0.0036070764948162837
oov_regime,geo_cluster|p=0.10|novel,two_stage_pr_auc,0.5055907543644569,0.06665690569985333
oov_regime,geo_cluster|p=0.10|novel,two_stage_top1pct_tp,246.0,22.369622258768697
oov_regime,geo_cluster|p=0.10|novel,two_stage_top1pct_precision,0.4871287128712871,0.04429628170053209
oov_regime,geo_cluster|p=0.10|novel,lik_best_roc_auc,0.963852548,0.00224005632781321
oov_regime,geo_cluster|p=0.10|novel,lik_best_pr_auc,0.15976667451841142,0.008581862585003583
oov_regime,geo_cluster|p=0.10|novel,lik_best_top1pct_tp,86.4,2.33238075793812
oov_regime,geo_cluster|p=0.10|novel,lik_best_top1pct_precision,0.1710891089108911,0.0046185757582933
oov_regime,geo_cluster|p=0.10,delta_mp_minus_likbest_roc_point,0.04292786400000002,0.004323391840865658
oov_regime,geo_cluster|p=0.10,delta_mp_minus_likbest_roc_ci_lower_min,0.03342772684170976,
oov_regime,geo_cluster|p=0.10,delta_mp_minus_likbest_pr_point,0.24196868289679435,0.0550522224502303
oov_regime,geo_cluster|p=0.10,delta_mp_minus_likbest_pr_ci_lower_min,0.12852520332243556,
oov_regime,geo_cluster|p=0.10,delta_mp_minus_nosub_roc_point,-0.009588491999999959,0.0018870408273526332
oov_regime,geo_cluster|p=0.10,delta_mp_minus_nosub_pr_point,-0.11541925417738094,0.0493583926267948
oov_regime,geo_cluster|p=0.25|spoof_k1,lik_lam0.5_roc_auc,0.770452404,0.006944564567871996
oov_regime,geo_cluster|p=0.25|spoof_k1,lik_lam0.5_pr_auc,0.019687816748514435,0.0005052846427455686
oov_regime,geo_cluster|p=0.25|spoof_k1,lik_lam0.5_top1pct_tp,2.8,2.3151673805580453
oov_regime,geo_cluster|p=0.25|spoof_k1,lik_lam0.5_top1pct_precision,0.005544554455445544,0.004584489862491179
oov_regime,geo_cluster|p=0.25|spoof_k1,lik_lam0.9_roc_auc,0.8017273079999999,0.006316599723707033
oov_regime,geo_cluster|p=0.25|spoof_k1,lik_lam0.9_pr_auc,0.022791529365508524,0.0009507410870855446
oov_regime,geo_cluster|p=0.25|spoof_k1,lik_lam0.9_top1pct_tp,2.4,1.624807680927192
oov_regime,geo_cluster|p=0.25|spoof_k1,lik_lam0.9_top1pct_precision,0.004752475247524752,0.0032174409523310736
oov_regime,geo_cluster|p=0.25|spoof_k1,lik_lam1.0_roc_auc,0.8260501120000001,0.006760894057902042
oov_regime,geo_cluster|p=0.25|spoof_k1,lik_lam1.0_pr_auc,0.026771755876633312,0.0016251171902477639
oov_regime,geo_cluster|p=0.25|spoof_k1,lik_lam1.0_top1pct_tp,3.4,3.7735924528226414
oov_regime,geo_cluster|p=0.25|spoof_k1,lik_lam1.0_top1pct_precision,0.0067326732673267334,0.007472460302619092
oov_regime,geo_cluster|p=0.25|spoof_k1,mp_nosub_roc_auc,0.93590606,0.005600941581027249
oov_regime,geo_cluster|p=0.25|spoof_k1,mp_nosub_pr_auc,0.22348733968083817,0.06853926915442281
oov_regime,geo_cluster|p=0.25|spoof_k1,mp_nosub_top1pct_tp,143.8,34.417437440925205
oov_regime,geo_cluster|p=0.25|spoof_k1,mp_nosub_top1pct_precision,0.2847524752475248,0.06815334146717862
oov_regime,geo_cluster|p=0.25|spoof_k1,mp_raw_roc_auc,0.920937616,0.005092500259265995
oov_regime,geo_cluster|p=0.25|spoof_k1,mp_raw_pr_auc,0.14294320370438854,0.034735718610736786
oov_regime,geo_cluster|p=0.25|spoof_k1,mp_raw_top1pct_tp,101.6,30.689411854905266
oov_regime,geo_cluster|p=0.25|spoof_k1,mp_raw_top1pct_precision,0.2011881188118812,0.06077111258397082
oov_regime,geo_cluster|p=0.25|spoof_k1,trivial_roc_auc,0.837152,0.005210091745833289
oov_regime,geo_cluster|p=0.25|spoof_k1,trivial_pr_auc,0.03048260782208177,0.0005605012917461586
oov_regime,geo_cluster|p=0.25|spoof_k1,trivial_top1pct_tp,16.6,4.586937976471886
oov_regime,geo_cluster|p=0.25|spoof_k1,trivial_top1pct_precision,0.03287128712871287,0.00908304549796413
oov_regime,geo_cluster|p=0.25|spoof_k1,two_stage_roc_auc,0.9185007439999999,0.005532219071358592
oov_regime,geo_cluster|p=0.25|spoof_k1,two_stage_pr_auc,0.13993845853489448,0.03184290721509754
oov_regime,geo_cluster|p=0.25|spoof_k1,two_stage_top1pct_tp,98.8,28.20921835145384
oov_regime,geo_cluster|p=0.25|spoof_k1,two_stage_top1pct_precision,0.19564356435643565,0.05585983831971058
oov_regime,geo_cluster|p=0.25|spoof_k1,lik_best_roc_auc,0.8260501120000001,0.006760894057902042
oov_regime,geo_cluster|p=0.25|spoof_k1,lik_best_pr_auc,0.026771755876633312,0.0016251171902477639
oov_regime,geo_cluster|p=0.25|spoof_k1,lik_best_top1pct_tp,3.4,3.7735924528226414
oov_regime,geo_cluster|p=0.25|spoof_k1,lik_best_top1pct_precision,0.0067326732673267334,0.007472460302619092
oov_regime,geo_cluster|p=0.25|spoof_k2,lik_lam0.5_roc_auc,0.813314356,0.005700974955628504
oov_regime,geo_cluster|p=0.25|spoof_k2,lik_lam0.5_pr_auc,0.02918392151412901,0.0010349662267859227
oov_regime,geo_cluster|p=0.25|spoof_k2,lik_lam0.5_top1pct_tp,17.4,2.8000000000000003
oov_regime,geo_cluster|p=0.25|spoof_k2,lik_lam0.5_top1pct_precision,0.03445544554455445,0.005544554455445543
oov_regime,geo_cluster|p=0.25|spoof_k2,lik_lam0.9_roc_auc,0.8812946840000002,0.005605568821768579
oov_regime,geo_cluster|p=0.25|spoof_k2,lik_lam0.9_pr_auc,0.05006515570427654,0.0021908076623090296
oov_regime,geo_cluster|p=0.25|spoof_k2,lik_lam0.9_top1pct_tp,26.4,3.6660605559646724
oov_regime,geo_cluster|p=0.25|spoof_k2,lik_lam0.9_top1pct_precision,0.05227722772277228,0.007259525853395388
oov_regime,geo_cluster|p=0.25|spoof_k2,lik_lam1.0_roc_auc,0.915027184,0.002451891765846099
oov_regime,geo_cluster|p=0.25|spoof_k2,lik_lam1.0_pr_auc,0.0729624136675242,0.0023275314976514035
oov_regime,geo_cluster|p=0.25|spoof_k2,lik_lam1.0_top1pct_tp,41.8,6.11228271597445
oov_regime,geo_cluster|p=0.25|spoof_k2,lik_lam1.0_top1pct_precision,0.08277227722772278,0.012103530130642476
oov_regime,geo_cluster|p=0.25|spoof_k2,mp_nosub_roc_auc,0.966784372,0.004103905746609655
oov_regime,geo_cluster|p=0.25|spoof_k2,mp_nosub_pr_auc,0.4101947066241339,0.07443411044482438
oov_regime,geo_cluster|p=0.25|spoof_k2,mp_nosub_top1pct_tp,212.6,25.381883302859936
oov_regime,geo_cluster|p=0.25|spoof_k2,mp_nosub_top1pct_precision,0.42099009900990103,0.050261155055168184
oov_regime,geo_cluster|p=0.25|spoof_k2,mp_raw_roc_auc,0.9598644999999999,0.005428728347699811
oov_regime,geo_cluster|p=0.25|spoof_k2,mp_raw_pr_auc,0.29529211664034644,0.06588631757001653
oov_regime,geo_cluster|p=0.25|spoof_k2,mp_raw_top1pct_tp,165.4,27.832355272236665
oov_regime,geo_cluster|p=0.25|spoof_k2,mp_raw_top1pct_precision,0.3275247524752475,0.05511357479650823
oov_regime,geo_cluster|p=0.25|spoof_k2,trivial_roc_auc,0.83612,0.003956538891506057
oov_regime,geo_cluster|p=0.25|spoof_k2,trivial_pr_auc,0.030303049979242637,0.0004205639907671146
oov_regime,geo_cluster|p=0.25|spoof_k2,trivial_top1pct_tp,17.2,4.354308211415448
oov_regime,geo_cluster|p=0.25|spoof_k2,trivial_top1pct_precision,0.03405940594059406,0.008622392497852372
oov_regime,geo_cluster|p=0.25|spoof_k2,two_stage_roc_auc,0.9517877200000001,0.007033890456730264
oov_regime,geo_cluster|p=0.25|spoof_k2,two_stage_pr_auc,0.2865840685166078,0.06397573392569089
oov_regime,geo_cluster|p=0.25|spoof_k2,two_stage_top1pct_tp,161.8,27.636208133533803
oov_regime,geo_cluster|p=0.25|spoof_k2,two_stage_top1pct_precision,0.32039603960396035,0.05472516462085901
oov_regime,geo_cluster|p=0.25|spoof_k2,lik_best_roc_auc,0.915027184,0.002451891765846099
oov_regime,geo_cluster|p=0.25|spoof_k2,lik_best_pr_auc,0.0729624136675242,0.0023275314976514035
oov_regime,geo_cluster|p=0.25|spoof_k2,lik_best_top1pct_tp,41.8,6.11228271597445
oov_regime,geo_cluster|p=0.25|spoof_k2,lik_best_top1pct_precision,0.08277227722772278,0.012103530130642476
oov_regime,geo_cluster|p=0.25|novel,lik_lam0.5_roc_auc,0.8152598079999999,0.007641496515972246
oov_regime,geo_cluster|p=0.25|novel,lik_lam0.5_pr_auc,0.029614711296639534,0.0023395351366473464
oov_regime,geo_cluster|p=0.25|novel,lik_lam0.5_top1pct_tp,16.4,3.9799497484264794
oov_regime,geo_cluster|p=0.25|novel,lik_lam0.5_top1pct_precision,0.032475247524752476,0.007881088610745506
oov_regime,geo_cluster|p=0.25|novel,lik_lam0.9_roc_auc,0.884166008,0.005059502876237551
oov_regime,geo_cluster|p=0.25|novel,lik_lam0.9_pr_auc,0.051257751896530715,0.0036775971748664233
oov_regime,geo_cluster|p=0.25|novel,lik_lam0.9_top1pct_tp,24.8,4.445222154178574
oov_regime,geo_cluster|p=0.25|novel,lik_lam0.9_top1pct_precision,0.04910891089108911,0.008802420107284305
oov_regime,geo_cluster|p=0.25|novel,lik_lam1.0_roc_auc,0.9170816799999999,0.0032965331408373903
oov_regime,geo_cluster|p=0.25|novel,lik_lam1.0_pr_auc,0.07448375845410934,0.003464684643790418
oov_regime,geo_cluster|p=0.25|novel,lik_lam1.0_top1pct_tp,39.0,5.019960159204453
oov_regime,geo_cluster|p=0.25|novel,lik_lam1.0_top1pct_precision,0.07722772277227723,0.009940515166741491
oov_regime,geo_cluster|p=0.25|novel,mp_nosub_roc_auc,0.967839092,0.004006738639653916
oov_regime,geo_cluster|p=0.25|novel,mp_nosub_pr_auc,0.4147368849336016,0.052996501485531575
oov_regime,geo_cluster|p=0.25|novel,mp_nosub_top1pct_tp,217.8,15.011995203836165
oov_regime,geo_cluster|p=0.25|novel,mp_nosub_top1pct_precision,0.43128712871287134,0.0297267231759132
oov_regime,geo_cluster|p=0.25|novel,mp_raw_roc_auc,0.9613674400000001,0.003942553170989613
oov_regime,geo_cluster|p=0.25|novel,mp_raw_pr_auc,0.2924972232595241,0.039513619359588796
oov_regime,geo_cluster|p=0.25|novel,mp_raw_top1pct_tp,166.4,19.272778730634563
oov_regime,geo_cluster|p=0.25|novel,mp_raw_top1pct_precision,0.3295049504950495,0.03816391827848429
oov_regime,geo_cluster|p=0.25|novel,trivial_roc_auc,0.8388739999999999,0.0018925284674213083
oov_regime,geo_cluster|p=0.25|novel,trivial_pr_auc,0.03064674711404103,0.00018647739930717204
oov_regime,geo_cluster|p=0.25|novel,trivial_top1pct_tp,16.2,5.1536394906900505
oov_regime,geo_cluster|p=0.25|novel,trivial_top1pct_precision,0.03207920792079208,0.010205226714237722
oov_regime,geo_cluster|p=0.25|novel,two_stage_roc_auc,0.9553028040000001,0.004672128948004761
oov_regime,geo_cluster|p=0.25|novel,two_stage_pr_auc,0.2859508537126903,0.036201812115229014
oov_regime,geo_cluster|p=0.25|novel,two_stage_top1pct_tp,163.8,18.432579851990337
oov_regime,geo_cluster|p=0.25|novel,two_stage_top1pct_precision,0.32435643564356437,0.03650015812275314
oov_regime,geo_cluster|p=0.25|novel,lik_best_roc_auc,0.9170816799999999,0.0032965331408373903
oov_regime,geo_cluster|p=0.25|novel,lik_best_pr_auc,0.07448375845410934,0.003464684643790418
oov_regime,geo_cluster|p=0.25|novel,lik_best_top1pct_tp,39.0,5.019960159204453
oov_regime,geo_cluster|p=0.25|novel,lik_best_top1pct_precision,0.07722772277227723,0.009940515166741491
oov_regime,geo_cluster|p=0.25,delta_mp_minus_likbest_roc_point,0.09488750399999994,0.006363901986365267
oov_regime,geo_cluster|p=0.25,delta_mp_minus_likbest_roc_ci_lower_min,0.07599552935570227,
oov_regime,geo_cluster|p=0.25,delta_mp_minus_likbest_pr_point,0.11617144782775521,0.03485992920901332
oov_regime,geo_cluster|p=0.25,delta_mp_minus_likbest_pr_ci_lower_min,0.055054110619623134,
oov_regime,geo_cluster|p=0.25,delta_mp_minus_nosub_roc_point,-0.01496844399999997,0.0032980962742139887
oov_regime,geo_cluster|p=0.25,delta_mp_minus_nosub_pr_point,-0.08054413597644963,0.044809459441680556
oov_regime,geo_cluster|p=0.50|spoof_k1,lik_lam0.5_roc_auc,0.625181804,0.0034697845967355985
oov_regime,geo_cluster|p=0.50|spoof_k1,lik_lam0.5_pr_auc,0.01226471095305029,0.00010540573429066074
oov_regime,geo_cluster|p=0.50|spoof_k1,lik_lam0.5_top1pct_tp,2.2,2.993325909419153
oov_regime,geo_cluster|p=0.50|spoof_k1,lik_lam0.5_top1pct_precision,0.004356435643564357,0.005927378038453769
oov_regime,geo_cluster|p=0.50|spoof_k1,lik_lam0.9_roc_auc,0.65509462,0.009738306422379637
oov_regime,geo_cluster|p=0.50|spoof_k1,lik_lam0.9_pr_auc,0.013376204164666672,0.0005084271067843428
oov_regime,geo_cluster|p=0.50|spoof_k1,lik_lam0.9_top1pct_tp,1.2,1.5999999999999999
oov_regime,geo_cluster|p=0.50|spoof_k1,lik_lam0.9_top1pct_precision,0.002376237623762376,0.003168316831683168
oov_regime,geo_cluster|p=0.50|spoof_k1,lik_lam1.0_roc_auc,0.684783352,0.013193802844539401
oov_regime,geo_cluster|p=0.50|spoof_k1,lik_lam1.0_pr_auc,0.014950575866816546,0.0009228581651783842
oov_regime,geo_cluster|p=0.50|spoof_k1,lik_lam1.0_top1pct_tp,1.4,1.9595917942265424
oov_regime,geo_cluster|p=0.50|spoof_k1,lik_lam1.0_top1pct_precision,0.002772277227722772,0.0038803797905476085
oov_regime,geo_cluster|p=0.50|spoof_k1,mp_nosub_roc_auc,0.8295482,0.007425503585454641
oov_regime,geo_cluster|p=0.50|spoof_k1,mp_nosub_pr_auc,0.08409794565204601,0.03741411514376282
oov_regime,geo_cluster|p=0.50|spoof_k1,mp_nosub_top1pct_tp,72.6,26.173268806169396
oov_regime,geo_cluster|p=0.50|spoof_k1,mp_nosub_top1pct_precision,0.14376237623762378,0.051828255061721576
oov_regime,geo_cluster|p=0.50|spoof_k1,mp_raw_roc_auc,0.8129827759999999,0.00855054936747714
oov_regime,geo_cluster|p=0.50|spoof_k1,mp_raw_pr_auc,0.05087658312132391,0.00960676580108563
oov_regime,geo_cluster|p=0.50|spoof_k1,mp_raw_top1pct_tp,48.8,15.967466924969658
oov_regime,geo_cluster|p=0.50|spoof_k1,mp_raw_top1pct_precision,0.09663366336633664,0.03161874638607853
oov_regime,geo_cluster|p=0.50|spoof_k1,trivial_roc_auc,0.725336,0.0017991175614728123
oov_regime,geo_cluster|p=0.50|spoof_k1,trivial_pr_auc,0.01794175177155612,9.825291108000828e-05
oov_regime,geo_cluster|p=0.50|spoof_k1,trivial_top1pct_tp,8.6,2.939387691339814
oov_regime,geo_cluster|p=0.50|spoof_k1,trivial_top1pct_precision,0.01702970297029703,0.005820569685821412
oov_regime,geo_cluster|p=0.50|spoof_k1,two_stage_roc_auc,0.813727872,0.009402288632851861
oov_regime,geo_cluster|p=0.50|spoof_k1,two_stage_pr_auc,0.05018365340864452,0.009332370222358607
oov_regime,geo_cluster|p=0.50|spoof_k1,two_stage_top1pct_tp,48.0,15.440207252495027
oov_regime,geo_cluster|p=0.50|spoof_k1,two_stage_top1pct_precision,0.09504950495049505,0.030574667826722825
oov_regime,geo_cluster|p=0.50|spoof_k1,lik_best_roc_auc,0.684783352,0.013193802844539401
oov_regime,geo_cluster|p=0.50|spoof_k1,lik_best_pr_auc,0.014950575866816546,0.0009228581651783842
oov_regime,geo_cluster|p=0.50|spoof_k1,lik_best_top1pct_tp,1.4,1.9595917942265424
oov_regime,geo_cluster|p=0.50|spoof_k1,lik_best_top1pct_precision,0.002772277227722772,0.0038803797905476085
oov_regime,geo_cluster|p=0.50|spoof_k2,lik_lam0.5_roc_auc,0.717506928,0.010141194914932632
oov_regime,geo_cluster|p=0.50|spoof_k2,lik_lam0.5_pr_auc,0.023029406605538805,0.000850377092842393
oov_regime,geo_cluster|p=0.50|spoof_k2,lik_lam0.5_top1pct_tp,15.2,3.3105890714493698
oov_regime,geo_cluster|p=0.50|spoof_k2,lik_lam0.5_top1pct_precision,0.030099009900990098,0.006555621923662118
oov_regime,geo_cluster|p=0.50|spoof_k2,lik_lam0.9_roc_auc,0.807324944,0.008616198645810357
oov_regime,geo_cluster|p=0.50|spoof_k2,lik_lam0.9_pr_auc,0.03332606896863975,0.0011344001477968766
oov_regime,geo_cluster|p=0.50|spoof_k2,lik_lam0.9_top1pct_tp,15.4,2.0591260281974
oov_regime,geo_cluster|p=0.50|spoof_k2,lik_lam0.9_top1pct_precision,0.030495049504950494,0.004077477283559208
oov_regime,geo_cluster|p=0.50|spoof_k2,lik_lam1.0_roc_auc,0.8537425439999999,0.005654774203752452
oov_regime,geo_cluster|p=0.50|spoof_k2,lik_lam1.0_pr_auc,0.042810976950957876,0.001184916603213547
oov_regime,geo_cluster|p=0.50|spoof_k2,lik_lam1.0_top1pct_tp,18.6,4.223742416388575
oov_regime,geo_cluster|p=0.50|spoof_k2,lik_lam1.0_top1pct_precision,0.03683168316831683,0.008363846369086289
oov_regime,geo_cluster|p=0.50|spoof_k2,mp_nosub_roc_auc,0.9133113360000001,0.007970070711228575
oov_regime,geo_cluster|p=0.50|spoof_k2,mp_nosub_pr_auc,0.22140791409470154,0.047940866122230405
oov_regime,geo_cluster|p=0.50|spoof_k2,mp_nosub_top1pct_tp,132.2,14.837789592793126
oov_regime,geo_cluster|p=0.50|spoof_k2,mp_nosub_top1pct_precision,0.2617821782178218,0.029381761569887376
oov_regime,geo_cluster|p=0.50|spoof_k2,mp_raw_roc_auc,0.905733736,0.009588803418991569
oov_regime,geo_cluster|p=0.50|spoof_k2,mp_raw_pr_auc,0.14743852639112082,0.036593925173621145
oov_regime,geo_cluster|p=0.50|spoof_k2,mp_raw_top1pct_tp,98.2,18.594622878671135
oov_regime,geo_cluster|p=0.50|spoof_k2,mp_raw_top1pct_precision,0.19445544554455446,0.03682103540330917
oov_regime,geo_cluster|p=0.50|spoof_k2,trivial_roc_auc,0.724852,0.0025715551714866735
oov_regime,geo_cluster|p=0.50|spoof_k2,trivial_pr_auc,0.017913271637313422,0.0001380789725546449
oov_regime,geo_cluster|p=0.50|spoof_k2,trivial_top1pct_tp,8.6,3.006659275674582
oov_regime,geo_cluster|p=0.50|spoof_k2,trivial_top1pct_precision,0.017029702970297027,0.005953780743910063
oov_regime,geo_cluster|p=0.50|spoof_k2,two_stage_roc_auc,0.900787328,0.009270322283740511
oov_regime,geo_cluster|p=0.50|spoof_k2,two_stage_pr_auc,0.1433536632517442,0.03397386455981244
oov_regime,geo_cluster|p=0.50|spoof_k2,two_stage_top1pct_tp,95.8,18.17030544597421
oov_regime,geo_cluster|p=0.50|spoof_k2,two_stage_top1pct_precision,0.1897029702970297,0.03598080286331526
oov_regime,geo_cluster|p=0.50|spoof_k2,lik_best_roc_auc,0.8537425439999999,0.005654774203752452
oov_regime,geo_cluster|p=0.50|spoof_k2,lik_best_pr_auc,0.042810976950957876,0.001184916603213547
oov_regime,geo_cluster|p=0.50|spoof_k2,lik_best_top1pct_tp,18.6,4.223742416388575
oov_regime,geo_cluster|p=0.50|spoof_k2,lik_best_top1pct_precision,0.03683168316831683,0.008363846369086289
oov_regime,geo_cluster|p=0.50|novel,lik_lam0.5_roc_auc,0.7208295679999999,0.009826761588801055
oov_regime,geo_cluster|p=0.50|novel,lik_lam0.5_pr_auc,0.023047510551839588,0.0014184064547311708
oov_regime,geo_cluster|p=0.50|novel,lik_lam0.5_top1pct_tp,13.2,2.315167380558045
oov_regime,geo_cluster|p=0.50|novel,lik_lam0.5_top1pct_precision,0.02613861386138614,0.004584489862491179
oov_regime,geo_cluster|p=0.50|novel,lik_lam0.9_roc_auc,0.811325592,0.007879016136382509
oov_regime,geo_cluster|p=0.50|novel,lik_lam0.9_pr_auc,0.03465208802070363,0.002215709601283245
oov_regime,geo_cluster|p=0.50|novel,lik_lam0.9_top1pct_tp,18.2,3.1874754901018454
oov_regime,geo_cluster|p=0.50|novel,lik_lam0.9_top1pct_precision,0.03603960396039604,0.0063118326536670205
oov_regime,geo_cluster|p=0.50|novel,lik_lam1.0_roc_auc,0.8536701480000002,0.005597467235064092
oov_regime,geo_cluster|p=0.50|novel,lik_lam1.0_pr_auc,0.04402841969200124,0.0017910595487863605
oov_regime,geo_cluster|p=0.50|novel,lik_lam1.0_top1pct_tp,23.0,3.521363372331802
oov_regime,geo_cluster|p=0.50|novel,lik_lam1.0_top1pct_precision,0.04554455445544554,0.0069729967768946575
oov_regime,geo_cluster|p=0.50|novel,mp_nosub_roc_auc,0.916435852,0.005855828251260051
oov_regime,geo_cluster|p=0.50|novel,mp_nosub_pr_auc,0.2147313704354074,0.04568529757257959
oov_regime,geo_cluster|p=0.50|novel,mp_nosub_top1pct_tp,136.2,14.551975810864997
oov_regime,geo_cluster|p=0.50|novel,mp_nosub_top1pct_precision,0.2697029702970297,0.02881579368488118
oov_regime,geo_cluster|p=0.50|novel,mp_raw_roc_auc,0.9093518079999999,0.0068360065899628845
oov_regime,geo_cluster|p=0.50|novel,mp_raw_pr_auc,0.13947348974730783,0.03133734086730173
oov_regime,geo_cluster|p=0.50|novel,mp_raw_top1pct_tp,99.2,17.359723500102184
oov_regime,geo_cluster|p=0.50|novel,mp_raw_top1pct_precision,0.19643564356435644,0.03437569009921225
oov_regime,geo_cluster|p=0.50|novel,trivial_roc_auc,0.727022,0.0014043275971082902
oov_regime,geo_cluster|p=0.50|novel,trivial_pr_auc,0.018038073151474775,7.2563990785694e-05
oov_regime,geo_cluster|p=0.50|novel,trivial_top1pct_tp,9.0,3.286335345030997
oov_regime,geo_cluster|p=0.50|novel,trivial_top1pct_precision,0.01782178217821782,0.006507594742635637
oov_regime,geo_cluster|p=0.50|novel,two_stage_roc_auc,0.9056146760000001,0.005513046311539905
oov_regime,geo_cluster|p=0.50|novel,two_stage_pr_auc,0.13666627884436514,0.029663157690931485
oov_regime,geo_cluster|p=0.50|novel,two_stage_top1pct_tp,98.0,17.652195330892983
oov_regime,geo_cluster|p=0.50|novel,two_stage_top1pct_precision,0.19405940594059407,0.03495484223939205
oov_regime,geo_cluster|p=0.50|novel,lik_best_roc_auc,0.8536701480000002,0.005597467235064092
oov_regime,geo_cluster|p=0.50|novel,lik_best_pr_auc,0.04402841969200124,0.0017910595487863605
oov_regime,geo_cluster|p=0.50|novel,lik_best_top1pct_tp,23.0,3.521363372331802
oov_regime,geo_cluster|p=0.50|novel,lik_best_top1pct_precision,0.04554455445544554,0.0069729967768946575
oov_regime,geo_cluster|p=0.50,delta_mp_minus_likbest_roc_point,0.128199424,0.00724659430238946
oov_regime,geo_cluster|p=0.50,delta_mp_minus_likbest_roc_ci_lower_min,0.10046397852419688,
oov_regime,geo_cluster|p=0.50,delta_mp_minus_likbest_pr_point,0.03592600725450736,0.009524756860642573
oov_regime,geo_cluster|p=0.50,delta_mp_minus_likbest_pr_ci_lower_min,0.01727476900129034,
oov_regime,geo_cluster|p=0.50,delta_mp_minus_nosub_roc_point,-0.016565423999999985,0.005434026613749975
oov_regime,geo_cluster|p=0.50,delta_mp_minus_nosub_pr_point,-0.033221362530722096,0.029756232581642027
oov_regime,geo_cluster|p=0.75|spoof_k1,lik_lam0.5_roc_auc,0.5347120839999999,0.012180441374685215
oov_regime,geo_cluster|p=0.75|spoof_k1,lik_lam0.5_pr_auc,0.010283512681994329,0.0003622684162693447
oov_regime,geo_cluster|p=0.75|spoof_k1,lik_lam0.5_top1pct_tp,2.4,3.1999999999999997
oov_regime,geo_cluster|p=0.75|spoof_k1,lik_lam0.5_top1pct_precision,0.004752475247524752,0.006336633663366336
oov_regime,geo_cluster|p=0.75|spoof_k1,lik_lam0.9_roc_auc,0.547120772,0.015112704251407011
oov_regime,geo_cluster|p=0.75|spoof_k1,lik_lam0.9_pr_auc,0.010459795999518153,0.0005114024536982671
oov_regime,geo_cluster|p=0.75|spoof_k1,lik_lam0.9_top1pct_tp,1.6,1.9595917942265426
oov_regime,geo_cluster|p=0.75|spoof_k1,lik_lam0.9_top1pct_precision,0.0031683168316831685,0.003880379790547609
oov_regime,geo_cluster|p=0.75|spoof_k1,lik_lam1.0_roc_auc,0.565907124,0.019566433820476962
oov_regime,geo_cluster|p=0.75|spoof_k1,lik_lam1.0_pr_auc,0.010950247743996954,0.0006967167968271563
oov_regime,geo_cluster|p=0.75|spoof_k1,lik_lam1.0_top1pct_tp,0.0,0.0
oov_regime,geo_cluster|p=0.75|spoof_k1,lik_lam1.0_top1pct_precision,0.0,0.0
oov_regime,geo_cluster|p=0.75|spoof_k1,mp_nosub_roc_auc,0.6820537,0.01838706783185618
oov_regime,geo_cluster|p=0.75|spoof_k1,mp_nosub_pr_auc,0.03168456319275999,0.010182725386207686
oov_regime,geo_cluster|p=0.75|spoof_k1,mp_nosub_top1pct_tp,30.0,12.569805089976535
oov_regime,geo_cluster|p=0.75|spoof_k1,mp_nosub_top1pct_precision,0.0594059405940594,0.024890703148468384
oov_regime,geo_cluster|p=0.75|spoof_k1,mp_raw_roc_auc,0.668694532,0.0168754956161914
oov_regime,geo_cluster|p=0.75|spoof_k1,mp_raw_pr_auc,0.020975682279492522,0.002564882265489607
oov_regime,geo_cluster|p=0.75|spoof_k1,mp_raw_top1pct_tp,17.4,6.086049621881176
oov_regime,geo_cluster|p=0.75|spoof_k1,mp_raw_top1pct_precision,0.03445544554455445,0.012051583409665695
oov_regime,geo_cluster|p=0.75|spoof_k1,trivial_roc_auc,0.6123320000000001,0.0013893797177157805
oov_regime,geo_cluster|p=0.75|spoof_k1,trivial_pr_auc,0.012739062904033085,4.2939697841089605e-05
oov_regime,geo_cluster|p=0.75|spoof_k1,trivial_top1pct_tp,5.8,2.85657137141714
oov_regime,geo_cluster|p=0.75|spoof_k1,trivial_top1pct_precision,0.011485148514851487,0.005656576973103247
oov_regime,geo_cluster|p=0.75|spoof_k1,two_stage_roc_auc,0.6687293479999998,0.01634962604599186
oov_regime,geo_cluster|p=0.75|spoof_k1,two_stage_pr_auc,0.02076534275276703,0.002390535813937964
oov_regime,geo_cluster|p=0.75|spoof_k1,two_stage_top1pct_tp,17.4,6.086049621881176
oov_regime,geo_cluster|p=0.75|spoof_k1,two_stage_top1pct_precision,0.03445544554455445,0.012051583409665695
oov_regime,geo_cluster|p=0.75|spoof_k1,lik_best_roc_auc,0.565907124,0.019566433820476962
oov_regime,geo_cluster|p=0.75|spoof_k1,lik_best_pr_auc,0.010950247743996954,0.0006967167968271563
oov_regime,geo_cluster|p=0.75|spoof_k1,lik_best_top1pct_tp,0.0,0.0
oov_regime,geo_cluster|p=0.75|spoof_k1,lik_best_top1pct_precision,0.0,0.0
oov_regime,geo_cluster|p=0.75|spoof_k2,lik_lam0.5_roc_auc,0.695321552,0.011010155851202855
oov_regime,geo_cluster|p=0.75|spoof_k2,lik_lam0.5_pr_auc,0.023315327196612244,0.0010839895307447529
oov_regime,geo_cluster|p=0.75|spoof_k2,lik_lam0.5_top1pct_tp,14.2,1.9390719429665317
oov_regime,geo_cluster|p=0.75|spoof_k2,lik_lam0.5_top1pct_precision,0.028118811881188116,0.0038397464217159055
oov_regime,geo_cluster|p=0.75|spoof_k2,lik_lam0.9_roc_auc,0.7721208239999999,0.009238101567299676
oov_regime,geo_cluster|p=0.75|spoof_k2,lik_lam0.9_pr_auc,0.02924116672894675,0.0011578379800577536
oov_regime,geo_cluster|p=0.75|spoof_k2,lik_lam0.9_top1pct_tp,14.4,1.019803902718557
oov_regime,geo_cluster|p=0.75|spoof_k2,lik_lam0.9_top1pct_precision,0.028514851485148512,0.002019413668749618
oov_regime,geo_cluster|p=0.75|spoof_k2,lik_lam1.0_roc_auc,0.8086597600000001,0.004469498563320036
oov_regime,geo_cluster|p=0.75|spoof_k2,lik_lam1.0_pr_auc,0.03303244192685288,0.0011871332583212922
oov_regime,geo_cluster|p=0.75|spoof_k2,lik_lam1.0_top1pct_tp,15.0,2.0
oov_regime,geo_cluster|p=0.75|spoof_k2,lik_lam1.0_top1pct_precision,0.0297029702970297,0.00396039603960396
oov_regime,geo_cluster|p=0.75|spoof_k2,mp_nosub_roc_auc,0.836690612,0.009848839591997468
oov_regime,geo_cluster|p=0.75|spoof_k2,mp_nosub_pr_auc,0.09176106073804542,0.0187886747060368
oov_regime,geo_cluster|p=0.75|spoof_k2,mp_nosub_top1pct_tp,68.8,8.009993757800315
oov_regime,geo_cluster|p=0.75|spoof_k2,mp_nosub_top1pct_precision,0.13623762376237625,0.015861373777822405
oov_regime,geo_cluster|p=0.75|spoof_k2,mp_raw_roc_auc,0.8348362680000001,0.012007180807584105
oov_regime,geo_cluster|p=0.75|spoof_k2,mp_raw_pr_auc,0.06449179383475549,0.002721246399964412
oov_regime,geo_cluster|p=0.75|spoof_k2,mp_raw_top1pct_tp,52.8,8.541662601625049
oov_regime,geo_cluster|p=0.75|spoof_k2,mp_raw_top1pct_precision,0.10455445544554456,0.016914183369554553
oov_regime,geo_cluster|p=0.75|spoof_k2,trivial_roc_auc,0.612214,0.001630123921669772
oov_regime,geo_cluster|p=0.75|spoof_k2,trivial_pr_auc,0.01273460863576415,5.0758661567242385e-05
oov_regime,geo_cluster|p=0.75|spoof_k2,trivial_top1pct_tp,6.2,2.925747767665559
oov_regime,geo_cluster|p=0.75|spoof_k2,trivial_top1pct_precision,0.012277227722772278,0.005793559935971404
oov_regime,geo_cluster|p=0.75|spoof_k2,two_stage_roc_auc,0.831314624,0.011051923338086696
oov_regime,geo_cluster|p=0.75|spoof_k2,two_stage_pr_auc,0.062466169295525106,0.0025943835789472864
oov_regime,geo_cluster|p=0.75|spoof_k2,two_stage_top1pct_tp,51.6,8.357032966310472
oov_regime,geo_cluster|p=0.75|spoof_k2,two_stage_top1pct_precision,0.10217821782178219,0.016548580131307864
oov_regime,geo_cluster|p=0.75|spoof_k2,lik_best_roc_auc,0.8086597600000001,0.004469498563320036
oov_regime,geo_cluster|p=0.75|spoof_k2,lik_best_pr_auc,0.03303244192685288,0.0011871332583212922
oov_regime,geo_cluster|p=0.75|spoof_k2,lik_best_top1pct_tp,15.0,2.0
oov_regime,geo_cluster|p=0.75|spoof_k2,lik_best_top1pct_precision,0.0297029702970297,0.00396039603960396
oov_regime,geo_cluster|p=0.75|novel,lik_lam0.5_roc_auc,0.7019979,0.015563685971039132
oov_regime,geo_cluster|p=0.75|novel,lik_lam0.5_pr_auc,0.022896578974465835,0.0010104551103386986
oov_regime,geo_cluster|p=0.75|novel,lik_lam0.5_top1pct_tp,11.8,1.6
oov_regime,geo_cluster|p=0.75|novel,lik_lam0.5_top1pct_precision,0.023366336633663366,0.0031683168316831685
oov_regime,geo_cluster|p=0.75|novel,lik_lam0.9_roc_auc,0.781899628,0.014487572816935764
oov_regime,geo_cluster|p=0.75|novel,lik_lam0.9_pr_auc,0.029921904821888713,0.0013891404548931855
oov_regime,geo_cluster|p=0.75|novel,lik_lam0.9_top1pct_tp,14.4,2.5768197453450252
oov_regime,geo_cluster|p=0.75|novel,lik_lam0.9_top1pct_precision,0.028514851485148512,0.005102613357118861
oov_regime,geo_cluster|p=0.75|novel,lik_lam1.0_roc_auc,0.814103236,0.011788534329256741
oov_regime,geo_cluster|p=0.75|novel,lik_lam1.0_pr_auc,0.03384387009248668,0.0012547937509978246
oov_regime,geo_cluster|p=0.75|novel,lik_lam1.0_top1pct_tp,18.0,3.3466401061363023
oov_regime,geo_cluster|p=0.75|novel,lik_lam1.0_top1pct_precision,0.03564356435643565,0.0066270101111609945
oov_regime,geo_cluster|p=0.75|novel,mp_nosub_roc_auc,0.83691484,0.010738312509425252
oov_regime,geo_cluster|p=0.75|novel,mp_nosub_pr_auc,0.09295549074254825,0.023354303502638278
oov_regime,geo_cluster|p=0.75|novel,mp_nosub_top1pct_tp,68.0,11.081516141756055
oov_regime,geo_cluster|p=0.75|novel,mp_nosub_top1pct_precision,0.13465346534653466,0.02194359632030902
oov_regime,geo_cluster|p=0.75|novel,mp_raw_roc_auc,0.8359307399999999,0.008992425770507028
oov_regime,geo_cluster|p=0.75|novel,mp_raw_pr_auc,0.06669261196473149,0.014412865743592324
oov_regime,geo_cluster|p=0.75|novel,mp_raw_top1pct_tp,51.4,6.216108107168021
oov_regime,geo_cluster|p=0.75|novel,mp_raw_top1pct_precision,0.10178217821782179,0.012309124964689147
oov_regime,geo_cluster|p=0.75|novel,trivial_roc_auc,0.613444,0.0016602602205678507
oov_regime,geo_cluster|p=0.75|novel,trivial_pr_auc,0.012772062927127714,5.2158426076135905e-05
oov_regime,geo_cluster|p=0.75|novel,trivial_top1pct_tp,6.0,2.9664793948382653
oov_regime,geo_cluster|p=0.75|novel,trivial_top1pct_precision,0.011881188118811881,0.005874216623442109
oov_regime,geo_cluster|p=0.75|novel,two_stage_roc_auc,0.8346994759999999,0.008849918675842425
oov_regime,geo_cluster|p=0.75|novel,two_stage_pr_auc,0.06612857034307743,0.014236817435501535
oov_regime,geo_cluster|p=0.75|novel,two_stage_top1pct_tp,50.8,6.013318551349164
oov_regime,geo_cluster|p=0.75|novel,two_stage_top1pct_precision,0.1005940594059406,0.011907561487820122
oov_regime,geo_cluster|p=0.75|novel,lik_best_roc_auc,0.814103236,0.011788534329256741
oov_regime,geo_cluster|p=0.75|novel,lik_best_pr_auc,0.03384387009248668,0.0012547937509978246
oov_regime,geo_cluster|p=0.75|novel,lik_best_top1pct_tp,18.0,3.3466401061363023
oov_regime,geo_cluster|p=0.75|novel,lik_best_top1pct_precision,0.03564356435643565,0.0066270101111609945
oov_regime,geo_cluster|p=0.75,delta_mp_minus_likbest_roc_point,0.10278740800000004,0.0094239060324568
oov_regime,geo_cluster|p=0.75,delta_mp_minus_likbest_roc_ci_lower_min,0.0555302319395302,
oov_regime,geo_cluster|p=0.75,delta_mp_minus_likbest_pr_point,0.010025434535495568,0.0028238827984518383
oov_regime,geo_cluster|p=0.75,delta_mp_minus_likbest_pr_ci_lower_min,0.003977102378648911,
oov_regime,geo_cluster|p=0.75,delta_mp_minus_nosub_roc_point,-0.013359168000000055,0.0031579731522760157
oov_regime,geo_cluster|p=0.75,delta_mp_minus_nosub_pr_point,-0.010708880913267466,0.00954555607894379
oov_regime,geo_cluster|p=1.00|spoof_k1,lik_lam0.5_roc_auc,0.48227126,0.023706625015012174
oov_regime,geo_cluster|p=1.00|spoof_k1,lik_lam0.5_pr_auc,0.009413039538404592,0.0005209611938067591
oov_regime,geo_cluster|p=1.00|spoof_k1,lik_lam0.5_top1pct_tp,1.0,2.0
oov_regime,geo_cluster|p=1.00|spoof_k1,lik_lam0.5_top1pct_precision,0.0019801980198019802,0.0039603960396039604
oov_regime,geo_cluster|p=1.00|spoof_k1,lik_lam0.9_roc_auc,0.47374501999999996,0.024975856244093025
oov_regime,geo_cluster|p=1.00|spoof_k1,lik_lam0.9_pr_auc,0.009127424549778718,0.0006020700647127238
oov_regime,geo_cluster|p=1.00|spoof_k1,lik_lam0.9_top1pct_tp,1.0,2.0
oov_regime,geo_cluster|p=1.00|spoof_k1,lik_lam0.9_top1pct_precision,0.0019801980198019802,0.0039603960396039604
oov_regime,geo_cluster|p=1.00|spoof_k1,lik_lam1.0_roc_auc,0.47152046,0.02503041627960675
oov_regime,geo_cluster|p=1.00|spoof_k1,lik_lam1.0_pr_auc,0.00904411479253212,0.0006150211484066446
oov_regime,geo_cluster|p=1.00|spoof_k1,lik_lam1.0_top1pct_tp,0.0,0.0
oov_regime,geo_cluster|p=1.00|spoof_k1,lik_lam1.0_top1pct_precision,0.0,0.0
oov_regime,geo_cluster|p=1.00|spoof_k1,mp_nosub_roc_auc,0.49718152,0.021712325802861362
oov_regime,geo_cluster|p=1.00|spoof_k1,mp_nosub_pr_auc,0.009739193078032877,0.0006419366012157711
oov_regime,geo_cluster|p=1.00|spoof_k1,mp_nosub_top1pct_tp,1.0,2.0
oov_regime,geo_cluster|p=1.00|spoof_k1,mp_nosub_top1pct_precision,0.0019801980198019802,0.0039603960396039604
oov_regime,geo_cluster|p=1.00|spoof_k1,mp_raw_roc_auc,0.49804166000000005,0.024744768586954288
oov_regime,geo_cluster|p=1.00|spoof_k1,mp_raw_pr_auc,0.009631846029375248,0.0007120998176193999
oov_regime,geo_cluster|p=1.00|spoof_k1,mp_raw_top1pct_tp,2.0,2.449489742783178
oov_regime,geo_cluster|p=1.00|spoof_k1,mp_raw_top1pct_precision,0.0039603960396039604,0.004850474738184511
oov_regime,geo_cluster|p=1.00|spoof_k1,trivial_roc_auc,0.5,0.0
oov_regime,geo_cluster|p=1.00|spoof_k1,trivial_pr_auc,0.009900990099009901,0.0
oov_regime,geo_cluster|p=1.00|spoof_k1,trivial_top1pct_tp,4.8,2.3151673805580453
oov_regime,geo_cluster|p=1.00|spoof_k1,trivial_top1pct_precision,0.009504950495049505,0.004584489862491178
oov_regime,geo_cluster|p=1.00|spoof_k1,two_stage_roc_auc,0.49804166000000005,0.024744768586954288
oov_regime,geo_cluster|p=1.00|spoof_k1,two_stage_pr_auc,0.009631846029375248,0.0007120998176193999
oov_regime,geo_cluster|p=1.00|spoof_k1,two_stage_top1pct_tp,2.0,2.449489742783178
oov_regime,geo_cluster|p=1.00|spoof_k1,two_stage_top1pct_precision,0.0039603960396039604,0.004850474738184511
oov_regime,geo_cluster|p=1.00|spoof_k1,lik_best_roc_auc,0.47152046,0.02503041627960675
oov_regime,geo_cluster|p=1.00|spoof_k1,lik_best_pr_auc,0.00904411479253212,0.0006150211484066446
oov_regime,geo_cluster|p=1.00|spoof_k1,lik_best_top1pct_tp,0.0,0.0
oov_regime,geo_cluster|p=1.00|spoof_k1,lik_best_top1pct_precision,0.0,0.0
oov_regime,geo_cluster|p=1.00|spoof_k2,lik_lam0.5_roc_auc,0.748564944,0.007207600353131695
oov_regime,geo_cluster|p=1.00|spoof_k2,lik_lam0.5_pr_auc,0.02480411782412491,0.001858148738616793
oov_regime,geo_cluster|p=1.00|spoof_k2,lik_lam0.5_top1pct_tp,13.0,1.4142135623730951
oov_regime,geo_cluster|p=1.00|spoof_k2,lik_lam0.5_top1pct_precision,0.025742574257425745,0.002800422895788307
oov_regime,geo_cluster|p=1.00|spoof_k2,lik_lam0.9_roc_auc,0.782481608,0.006965973385290479
oov_regime,geo_cluster|p=1.00|spoof_k2,lik_lam0.9_pr_auc,0.027956719815967663,0.0011708806173312647
oov_regime,geo_cluster|p=1.00|spoof_k2,lik_lam0.9_top1pct_tp,13.0,0.8944271909999159
oov_regime,geo_cluster|p=1.00|spoof_k2,lik_lam0.9_top1pct_precision,0.025742574257425745,0.0017711429524750809
oov_regime,geo_cluster|p=1.00|spoof_k2,lik_lam1.0_roc_auc,0.7866325399999999,0.006652320149638024
oov_regime,geo_cluster|p=1.00|spoof_k2,lik_lam1.0_pr_auc,0.028338931988777193,0.0011148150706020534
oov_regime,geo_cluster|p=1.00|spoof_k2,lik_lam1.0_top1pct_tp,13.2,2.1354156504062622
oov_regime,geo_cluster|p=1.00|spoof_k2,lik_lam1.0_top1pct_precision,0.02613861386138614,0.004228545842388638
oov_regime,geo_cluster|p=1.00|spoof_k2,mp_nosub_roc_auc,0.738660708,0.019205748822002603
oov_regime,geo_cluster|p=1.00|spoof_k2,mp_nosub_pr_auc,0.025471880519431757,0.0007863111803091183
oov_regime,geo_cluster|p=1.00|spoof_k2,mp_nosub_top1pct_tp,17.4,2.244994432064365
oov_regime,geo_cluster|p=1.00|spoof_k2,mp_nosub_top1pct_precision,0.03445544554455446,0.004445533528840327
oov_regime,geo_cluster|p=1.00|spoof_k2,mp_raw_roc_auc,0.745648808,0.017822967892777472
oov_regime,geo_cluster|p=1.00|spoof_k2,mp_raw_pr_auc,0.026826680335836676,0.0011695651534717082
oov_regime,geo_cluster|p=1.00|spoof_k2,mp_raw_top1pct_tp,17.8,3.1240998703626617
oov_regime,geo_cluster|p=1.00|spoof_k2,mp_raw_top1pct_precision,0.03524752475247525,0.006186336376955766
oov_regime,geo_cluster|p=1.00|spoof_k2,trivial_roc_auc,0.5,0.0
oov_regime,geo_cluster|p=1.00|spoof_k2,trivial_pr_auc,0.009900990099009901,0.0
oov_regime,geo_cluster|p=1.00|spoof_k2,trivial_top1pct_tp,4.8,2.3151673805580453
oov_regime,geo_cluster|p=1.00|spoof_k2,trivial_top1pct_precision,0.009504950495049505,0.004584489862491178
oov_regime,geo_cluster|p=1.00|spoof_k2,two_stage_roc_auc,0.745648808,0.017822967892777472
oov_regime,geo_cluster|p=1.00|spoof_k2,two_stage_pr_auc,0.026826680335836676,0.0011695651534717082
oov_regime,geo_cluster|p=1.00|spoof_k2,two_stage_top1pct_tp,17.8,3.1240998703626617
oov_regime,geo_cluster|p=1.00|spoof_k2,two_stage_top1pct_precision,0.03524752475247525,0.006186336376955766
oov_regime,geo_cluster|p=1.00|spoof_k2,lik_best_roc_auc,0.7866325399999999,0.006652320149638024
oov_regime,geo_cluster|p=1.00|spoof_k2,lik_best_pr_auc,0.028338931988777193,0.0011148150706020534
oov_regime,geo_cluster|p=1.00|spoof_k2,lik_best_top1pct_tp,13.2,2.1354156504062622
oov_regime,geo_cluster|p=1.00|spoof_k2,lik_best_top1pct_precision,0.02613861386138614,0.004228545842388638
oov_regime,geo_cluster|p=1.00|novel,lik_lam0.5_roc_auc,0.749746136,0.006517770872565609
oov_regime,geo_cluster|p=1.00|novel,lik_lam0.5_pr_auc,0.02403502826860201,0.0008149364229548838
oov_regime,geo_cluster|p=1.00|novel,lik_lam0.5_top1pct_tp,12.4,2.870540018881465
oov_regime,geo_cluster|p=1.00|novel,lik_lam0.5_top1pct_precision,0.024554455445544555,0.005684237661151417
oov_regime,geo_cluster|p=1.00|novel,lik_lam0.9_roc_auc,0.784791952,0.008939085780419333
oov_regime,geo_cluster|p=1.00|novel,lik_lam0.9_pr_auc,0.028158235847409528,0.0009563474660127189
oov_regime,geo_cluster|p=1.00|novel,lik_lam0.9_top1pct_tp,12.6,1.4966629547095764
oov_regime,geo_cluster|p=1.00|novel,lik_lam0.9_top1pct_precision,0.024950495049504952,0.0029636890192268842
oov_regime,geo_cluster|p=1.00|novel,lik_lam1.0_roc_auc,0.7886486720000001,0.00875385395509521
oov_regime,geo_cluster|p=1.00|novel,lik_lam1.0_pr_auc,0.028646329883760358,0.0009627201493752684
oov_regime,geo_cluster|p=1.00|novel,lik_lam1.0_top1pct_tp,14.8,2.039607805437114
oov_regime,geo_cluster|p=1.00|novel,lik_lam1.0_top1pct_precision,0.029306930693069305,0.004038827337499236
oov_regime,geo_cluster|p=1.00|novel,mp_nosub_roc_auc,0.744690404,0.02162584836580669
oov_regime,geo_cluster|p=1.00|novel,mp_nosub_pr_auc,0.025443678847216943,0.0021816105558536765
oov_regime,geo_cluster|p=1.00|novel,mp_nosub_top1pct_tp,15.2,1.7204650534085253
oov_regime,geo_cluster|p=1.00|novel,mp_nosub_top1pct_precision,0.030099009900990098,0.0034068614918980706
oov_regime,geo_cluster|p=1.00|novel,mp_raw_roc_auc,0.7531294040000001,0.017228837929227386
oov_regime,geo_cluster|p=1.00|novel,mp_raw_pr_auc,0.0267332573117744,0.0018862353080475092
oov_regime,geo_cluster|p=1.00|novel,mp_raw_top1pct_tp,18.4,2.5768197453450252
oov_regime,geo_cluster|p=1.00|novel,mp_raw_top1pct_precision,0.03643564356435643,0.005102613357118861
oov_regime,geo_cluster|p=1.00|novel,trivial_roc_auc,0.5,0.0
oov_regime,geo_cluster|p=1.00|novel,trivial_pr_auc,0.009900990099009901,0.0
oov_regime,geo_cluster|p=1.00|novel,trivial_top1pct_tp,4.8,2.3151673805580453
oov_regime,geo_cluster|p=1.00|novel,trivial_top1pct_precision,0.009504950495049505,0.004584489862491178
oov_regime,geo_cluster|p=1.00|novel,two_stage_roc_auc,0.7531294040000001,0.017228837929227386
oov_regime,geo_cluster|p=1.00|novel,two_stage_pr_auc,0.0267332573117744,0.0018862353080475092
oov_regime,geo_cluster|p=1.00|novel,two_stage_top1pct_tp,18.4,2.5768197453450252
oov_regime,geo_cluster|p=1.00|novel,two_stage_top1pct_precision,0.03643564356435643,0.005102613357118861
oov_regime,geo_cluster|p=1.00|novel,lik_best_roc_auc,0.7886486720000001,0.00875385395509521
oov_regime,geo_cluster|p=1.00|novel,lik_best_pr_auc,0.028646329883760358,0.0009627201493752684
oov_regime,geo_cluster|p=1.00|novel,lik_best_top1pct_tp,14.8,2.039607805437114
oov_regime,geo_cluster|p=1.00|novel,lik_best_top1pct_precision,0.029306930693069305,0.004038827337499236
oov_regime,geo_cluster|p=1.00,delta_mp_minus_likbest_roc_point,0.026521199999999988,0.017208785626938387
oov_regime,geo_cluster|p=1.00,delta_mp_minus_likbest_roc_ci_lower_min,-0.019578926078645042,
oov_regime,geo_cluster|p=1.00,delta_mp_minus_likbest_pr_point,0.0005877312368431284,0.0004897548402290401
oov_regime,geo_cluster|p=1.00,delta_mp_minus_likbest_pr_ci_lower_min,-0.0005681026273211952,
oov_regime,geo_cluster|p=1.00,delta_mp_minus_nosub_roc_point,0.0008601400000000092,0.005469882224940518
oov_regime,geo_cluster|p=1.00,delta_mp_minus_nosub_pr_point,-0.00010734704865762966,0.00012563780914980405
oov_regime,device_cluster|p=0.00|spoof_k1,lik_lam0.5_roc_auc,0.9669125839999999,0.0088641018738045
oov_regime,device_cluster|p=0.00|spoof_k1,lik_lam0.5_pr_auc,0.5356621293660782,0.0198646874001251
oov_regime,device_cluster|p=0.00|spoof_k1,lik_lam0.5_top1pct_tp,264.2,11.685888926393234
oov_regime,device_cluster|p=0.00|spoof_k1,lik_lam0.5_top1pct_precision,0.5231683168316832,0.023140374111669793
oov_regime,device_cluster|p=0.00|spoof_k1,lik_lam0.9_roc_auc,0.988883568,0.002021079613655987
oov_regime,device_cluster|p=0.00|spoof_k1,lik_lam0.9_pr_auc,0.6966340703462329,0.035840491032414844
oov_regime,device_cluster|p=0.00|spoof_k1,lik_lam0.9_top1pct_tp,325.6,20.34305778392226
oov_regime,device_cluster|p=0.00|spoof_k1,lik_lam0.9_top1pct_precision,0.6447524752475247,0.04028328274044012
oov_regime,device_cluster|p=0.00|spoof_k1,lik_lam1.0_roc_auc,0.9919063359999999,0.0013027435443340668
oov_regime,device_cluster|p=0.00|spoof_k1,lik_lam1.0_pr_auc,0.7641726569801057,0.035146396708273485
oov_regime,device_cluster|p=0.00|spoof_k1,lik_lam1.0_top1pct_tp,366.0,14.926486525636232
oov_regime,device_cluster|p=0.00|spoof_k1,lik_lam1.0_top1pct_precision,0.7247524752475247,0.029557399060665793
oov_regime,device_cluster|p=0.00|spoof_k1,mp_nosub_roc_auc,0.9958038,0.0012047636756807973
oov_regime,device_cluster|p=0.00|spoof_k1,mp_nosub_pr_auc,0.9136325689878021,0.02203649490324829
oov_regime,device_cluster|p=0.00|spoof_k1,mp_nosub_top1pct_tp,431.0,17.977764043395386
oov_regime,device_cluster|p=0.00|spoof_k1,mp_nosub_top1pct_precision,0.8534653465346536,0.03559953275919877
oov_regime,device_cluster|p=0.00|spoof_k1,mp_raw_roc_auc,0.990850352,0.0020151824840286786
oov_regime,device_cluster|p=0.00|spoof_k1,mp_raw_pr_auc,0.8373243229044649,0.040320466377942475
oov_regime,device_cluster|p=0.00|spoof_k1,mp_raw_top1pct_tp,389.2,25.498235233050934
oov_regime,device_cluster|p=0.00|spoof_k1,mp_raw_top1pct_precision,0.7706930693069307,0.05049155491693252
oov_regime,device_cluster|p=0.00|spoof_k1,trivial_roc_auc,0.950854,0.005316858470939408
oov_regime,device_cluster|p=0.00|spoof_k1,trivial_pr_auc,0.1084539177028778,0.0033168239014928886
oov_regime,device_cluster|p=0.00|spoof_k1,trivial_top1pct_tp,55.4,4.963869458396342
oov_regime,device_cluster|p=0.00|spoof_k1,trivial_top1pct_precision,0.10970297029702972,0.009829444472071965
oov_regime,device_cluster|p=0.00|spoof_k1,two_stage_roc_auc,0.986709408,0.005261515259414933
oov_regime,device_cluster|p=0.00|spoof_k1,two_stage_pr_auc,0.8659466909833572,0.031146882869976418
oov_regime,device_cluster|p=0.00|spoof_k1,two_stage_top1pct_tp,398.8,23.111901695879553
oov_regime,device_cluster|p=0.00|spoof_k1,two_stage_top1pct_precision,0.7897029702970297,0.045766141972038724
oov_regime,device_cluster|p=0.00|spoof_k1,lik_best_roc_auc,0.9919063359999999,0.0013027435443340668
oov_regime,device_cluster|p=0.00|spoof_k1,lik_best_pr_auc,0.7641726569801057,0.035146396708273485
oov_regime,device_cluster|p=0.00|spoof_k1,lik_best_top1pct_tp,366.0,14.926486525636232
oov_regime,device_cluster|p=0.00|spoof_k1,lik_best_top1pct_precision,0.7247524752475247,0.029557399060665793
oov_regime,device_cluster|p=0.00|spoof_k2,lik_lam0.5_roc_auc,0.986511756,0.0023694283653707907
oov_regime,device_cluster|p=0.00|spoof_k2,lik_lam0.5_pr_auc,0.7125835611834364,0.033889347072496884
oov_regime,device_cluster|p=0.00|spoof_k2,lik_lam0.5_top1pct_tp,326.8,16.004999218994044
oov_regime,device_cluster|p=0.00|spoof_k2,lik_lam0.5_top1pct_precision,0.6471287128712871,0.031693067760384275
oov_regime,device_cluster|p=0.00|spoof_k2,lik_lam0.9_roc_auc,0.996889836,0.0007273355702452198
oov_regime,device_cluster|p=0.00|spoof_k2,lik_lam0.9_pr_auc,0.9035186237485782,0.01540897894096504
oov_regime,device_cluster|p=0.00|spoof_k2,lik_lam0.9_top1pct_tp,420.2,8.795453370918407
oov_regime,device_cluster|p=0.00|spoof_k2,lik_lam0.9_top1pct_precision,0.8320792079207922,0.017416739348353263
oov_regime,device_cluster|p=0.00|spoof_k2,lik_lam1.0_roc_auc,0.9975827479999999,0.0008053769879603224
oov_regime,device_cluster|p=0.00|spoof_k2,lik_lam1.0_pr_auc,0.9309826271887648,0.01166642728353674
oov_regime,device_cluster|p=0.00|spoof_k2,lik_lam1.0_top1pct_tp,437.8,7.11055553385247
oov_regime,device_cluster|p=0.00|spoof_k2,lik_lam1.0_top1pct_precision,0.866930693069307,0.014080307987826689
oov_regime,device_cluster|p=0.00|spoof_k2,mp_nosub_roc_auc,0.9983180919999999,0.0009847006903297387
oov_regime,device_cluster|p=0.00|spoof_k2,mp_nosub_pr_auc,0.9656282417903002,0.013390907742667801
oov_regime,device_cluster|p=0.00|spoof_k2,mp_nosub_top1pct_tp,465.4,11.943198901466893
oov_regime,device_cluster|p=0.00|spoof_k2,mp_nosub_top1pct_precision,0.9215841584158415,0.02364989881478591
oov_regime,device_cluster|p=0.00|spoof_k2,mp_raw_roc_auc,0.9965295160000001,0.0015569424887721746
oov_regime,device_cluster|p=0.00|spoof_k2,mp_raw_pr_auc,0.9356360962416519,0.021926291088746445
oov_regime,device_cluster|p=0.00|spoof_k2,mp_raw_top1pct_tp,445.8,14.386104406683554
oov_regime,device_cluster|p=0.00|spoof_k2,mp_raw_top1pct_precision,0.8827722772277229,0.028487335458779343
oov_regime,device_cluster|p=0.00|spoof_k2,trivial_roc_auc,0.950454,0.0038642184203277093
oov_regime,device_cluster|p=0.00|spoof_k2,trivial_pr_auc,0.10827154864857809,0.0023125392833686234
oov_regime,device_cluster|p=0.00|spoof_k2,trivial_top1pct_tp,56.0,6.2289646009589745
oov_regime,device_cluster|p=0.00|spoof_k2,trivial_top1pct_precision,0.1108910891089109,0.012334583368235594
oov_regime,device_cluster|p=0.00|spoof_k2,two_stage_roc_auc,0.988107304,0.0043813654196361955
oov_regime,device_cluster|p=0.00|spoof_k2,two_stage_pr_auc,0.935609075902002,0.02221993902732873
oov_regime,device_cluster|p=0.00|spoof_k2,two_stage_top1pct_tp,445.6,15.818975946628154
oov_regime,device_cluster|p=0.00|spoof_k2,two_stage_top1pct_precision,0.8823762376237625,0.031324704844808246
oov_regime,device_cluster|p=0.00|spoof_k2,lik_best_roc_auc,0.9975827479999999,0.0008053769879603224
oov_regime,device_cluster|p=0.00|spoof_k2,lik_best_pr_auc,0.9309826271887648,0.01166642728353674
oov_regime,device_cluster|p=0.00|spoof_k2,lik_best_top1pct_tp,437.8,7.11055553385247
oov_regime,device_cluster|p=0.00|spoof_k2,lik_best_top1pct_precision,0.866930693069307,0.014080307987826689
oov_regime,device_cluster|p=0.00|novel,lik_lam0.5_roc_auc,0.9847515120000001,0.002376699771754114
oov_regime,device_cluster|p=0.00|novel,lik_lam0.5_pr_auc,0.7029443055764453,0.021969690086299298
oov_regime,device_cluster|p=0.00|novel,lik_lam0.5_top1pct_tp,324.6,13.57350360076572
oov_regime,device_cluster|p=0.00|novel,lik_lam0.5_top1pct_precision,0.6427722772277228,0.026878224952011354
oov_regime,device_cluster|p=0.00|novel,lik_lam0.9_roc_auc,0.9966318639999999,0.0006376206157771363
oov_regime,device_cluster|p=0.00|novel,lik_lam0.9_pr_auc,0.9029722453023992,0.016735408594111843
oov_regime,device_cluster|p=0.00|novel,lik_lam0.9_top1pct_tp,417.6,9.624967532412771
oov_regime,device_cluster|p=0.00|novel,lik_lam0.9_top1pct_precision,0.826930693069307,0.0190593416483421
oov_regime,device_cluster|p=0.00|novel,lik_lam1.0_roc_auc,0.9977842880000001,0.0004781175377832918
oov_regime,device_cluster|p=0.00|novel,lik_lam1.0_pr_auc,0.9344324007210265,0.01335982067582485
oov_regime,device_cluster|p=0.00|novel,lik_lam1.0_top1pct_tp,439.6,9.068627239003707
oov_regime,device_cluster|p=0.00|novel,lik_lam1.0_top1pct_precision,0.8704950495049506,0.017957677700997456
oov_regime,device_cluster|p=0.00|novel,mp_nosub_roc_auc,0.998942456,0.0005709389345139941
oov_regime,device_cluster|p=0.00|novel,mp_nosub_pr_auc,0.9725637251086457,0.011738882968591593
oov_regime,device_cluster|p=0.00|novel,mp_nosub_top1pct_tp,469.2,12.4
oov_regime,device_cluster|p=0.00|novel,mp_nosub_top1pct_precision,0.929108910891089,0.024554455445544524
oov_regime,device_cluster|p=0.00|novel,mp_raw_roc_auc,0.9974559359999999,0.0010282343927645735
oov_regime,device_cluster|p=0.00|novel,mp_raw_pr_auc,0.9415517375570964,0.020875168839602113
oov_regime,device_cluster|p=0.00|novel,mp_raw_top1pct_tp,446.0,13.62350909274112
oov_regime,device_cluster|p=0.00|novel,mp_raw_top1pct_precision,0.8831683168316833,0.026977245728200264
oov_regime,device_cluster|p=0.00|novel,trivial_roc_auc,0.951854,0.0029238645659469664
oov_regime,device_cluster|p=0.00|novel,trivial_pr_auc,0.10883457455220986,0.0024826749885397364
oov_regime,device_cluster|p=0.00|novel,trivial_top1pct_tp,55.8,6.368673331236263
oov_regime,device_cluster|p=0.00|novel,trivial_top1pct_precision,0.11049504950495051,0.012611234319279728
oov_regime,device_cluster|p=0.00|novel,two_stage_roc_auc,0.989840908,0.00263680370186637
oov_regime,device_cluster|p=0.00|novel,two_stage_pr_auc,0.9431841419105529,0.017047214194271517
oov_regime,device_cluster|p=0.00|novel,two_stage_top1pct_tp,448.6,14.759403781996076
oov_regime,device_cluster|p=0.00|novel,two_stage_top1pct_precision,0.8883168316831684,0.029226542142566512
oov_regime,device_cluster|p=0.00|novel,lik_best_roc_auc,0.9977842880000001,0.0004781175377832918
oov_regime,device_cluster|p=0.00|novel,lik_best_pr_auc,0.9344324007210265,0.01335982067582485
oov_regime,device_cluster|p=0.00|novel,lik_best_top1pct_tp,439.6,9.068627239003707
oov_regime,device_cluster|p=0.00|novel,lik_best_top1pct_precision,0.8704950495049506,0.017957677700997456
oov_regime,device_cluster|p=0.00,delta_mp_minus_likbest_roc_point,-0.0010559839999999543,0.0018743622867055253
oov_regime,device_cluster|p=0.00,delta_mp_minus_likbest_roc_ci_lower_min,-0.005505289704459257,
oov_regime,device_cluster|p=0.00,delta_mp_minus_likbest_pr_point,0.07315166592435918,0.04134376182788665
oov_regime,device_cluster|p=0.00,delta_mp_minus_likbest_pr_ci_lower_min,-0.024169011120332796,
oov_regime,device_cluster|p=0.00,delta_mp_minus_nosub_roc_point,-0.004953447999999927,0.0010079126013381391
oov_regime,device_cluster|p=0.00,delta_mp_minus_nosub_pr_point,-0.07630824608333711,0.025998724985579976
oov_regime,device_cluster|p=0.10|spoof_k1,lik_lam0.5_roc_auc,0.8945216200000001,0.00818764375908965
oov_regime,device_cluster|p=0.10|spoof_k1,lik_lam0.5_pr_auc,0.13649324260762963,0.020334037881535243
oov_regime,device_cluster|p=0.10|spoof_k1,lik_lam0.5_top1pct_tp,68.4,8.957678270623477
oov_regime,device_cluster|p=0.10|spoof_k1,lik_lam0.5_top1pct_precision,0.13544554455445543,0.017737976773511833
oov_regime,device_cluster|p=0.10|spoof_k1,lik_lam0.9_roc_auc,0.928290308,0.004164462899719046
oov_regime,device_cluster|p=0.10|spoof_k1,lik_lam0.9_pr_auc,0.2435960305865051,0.026287187895857652
oov_regime,device_cluster|p=0.10|spoof_k1,lik_lam0.9_top1pct_tp,130.6,12.240914998479484
oov_regime,device_cluster|p=0.10|spoof_k1,lik_lam0.9_top1pct_precision,0.2586138613861386,0.024239435640553433
oov_regime,device_cluster|p=0.10|spoof_k1,lik_lam1.0_roc_auc,0.9484378880000002,0.0034596943857999993
oov_regime,device_cluster|p=0.10|spoof_k1,lik_lam1.0_pr_auc,0.3589344452103229,0.030265273991629343
oov_regime,device_cluster|p=0.10|spoof_k1,lik_lam1.0_top1pct_tp,145.8,15.432433379088343
oov_regime,device_cluster|p=0.10|spoof_k1,lik_lam1.0_top1pct_precision,0.28871287128712875,0.03055927401799672
oov_regime,device_cluster|p=0.10|spoof_k1,mp_nosub_roc_auc,0.996299084,0.0010948099217964818
oov_regime,device_cluster|p=0.10|spoof_k1,mp_nosub_pr_auc,0.9201466326488046,0.02076258467671746
oov_regime,device_cluster|p=0.10|spoof_k1,mp_nosub_top1pct_tp,434.8,17.915356541246958
oov_regime,device_cluster|p=0.10|spoof_k1,mp_nosub_top1pct_precision,0.8609900990099011,0.03547595354702367
oov_regime,device_cluster|p=0.10|spoof_k1,mp_raw_roc_auc,0.9917526239999999,0.0018018742825580314
oov_regime,device_cluster|p=0.10|spoof_k1,mp_raw_pr_auc,0.845003335243168,0.03758501511503976
oov_regime,device_cluster|p=0.10|spoof_k1,mp_raw_top1pct_tp,392.2,25.182533629482162
oov_regime,device_cluster|p=0.10|spoof_k1,mp_raw_top1pct_precision,0.7766336633663367,0.04986640322669736
oov_regime,device_cluster|p=0.10|spoof_k1,trivial_roc_auc,0.9054120000000001,0.005155848717718559
oov_regime,device_cluster|p=0.10|spoof_k1,trivial_pr_auc,0.053394330991315485,0.0012988534774501467
oov_regime,device_cluster|p=0.10|spoof_k1,trivial_top1pct_tp,28.2,4.915282290977803
oov_regime,device_cluster|p=0.10|spoof_k1,trivial_top1pct_precision,0.05584158415841585,0.009733232259361986
oov_regime,device_cluster|p=0.10|spoof_k1,two_stage_roc_auc,0.9869011960000001,0.005114601125067747
oov_regime,device_cluster|p=0.10|spoof_k1,two_stage_pr_auc,0.8740462452988182,0.028562585262821783
oov_regime,device_cluster|p=0.10|spoof_k1,two_stage_top1pct_tp,403.6,21.78623418583395
oov_regime,device_cluster|p=0.10|spoof_k1,two_stage_top1pct_precision,0.7992079207920793,0.0431410577937306
oov_regime,device_cluster|p=0.10|spoof_k1,lik_best_roc_auc,0.9484378880000002,0.0034596943857999993
oov_regime,device_cluster|p=0.10|spoof_k1,lik_best_pr_auc,0.3589344452103229,0.030265273991629343
oov_regime,device_cluster|p=0.10|spoof_k1,lik_best_top1pct_tp,145.8,15.432433379088343
oov_regime,device_cluster|p=0.10|spoof_k1,lik_best_top1pct_precision,0.28871287128712875,0.03055927401799672
oov_regime,device_cluster|p=0.10|spoof_k2,lik_lam0.5_roc_auc,0.9174258719999999,0.003961337269914805
oov_regime,device_cluster|p=0.10|spoof_k2,lik_lam0.5_pr_auc,0.17204941164549928,0.018919995158612278
oov_regime,device_cluster|p=0.10|spoof_k2,lik_lam0.5_top1pct_tp,100.2,10.92520022699813
oov_regime,device_cluster|p=0.10|spoof_k2,lik_lam0.5_top1pct_precision,0.19841584158415843,0.021634059855441836
oov_regime,device_cluster|p=0.10|spoof_k2,lik_lam0.9_roc_auc,0.963481936,0.002522687891290545
oov_regime,device_cluster|p=0.10|spoof_k2,lik_lam0.9_pr_auc,0.486836420828336,0.022467503882693286
oov_regime,device_cluster|p=0.10|spoof_k2,lik_lam0.9_top1pct_tp,209.2,7.6000000000000005
oov_regime,device_cluster|p=0.10|spoof_k2,lik_lam0.9_top1pct_precision,0.4142574257425743,0.015049504950495044
oov_regime,device_cluster|p=0.10|spoof_k2,lik_lam1.0_roc_auc,0.9808742279999999,0.0006791831798388219
oov_regime,device_cluster|p=0.10|spoof_k2,lik_lam1.0_pr_auc,0.7026694474073256,0.008193313496226014
oov_regime,device_cluster|p=0.10|spoof_k2,lik_lam1.0_top1pct_tp,303.4,3.6110940170535577
oov_regime,device_cluster|p=0.10|spoof_k2,lik_lam1.0_top1pct_precision,0.6007920792079208,0.007150681221888239
oov_regime,device_cluster|p=0.10|spoof_k2,mp_nosub_roc_auc,0.998346016,0.0010514406520883625
oov_regime,device_cluster|p=0.10|spoof_k2,mp_nosub_pr_auc,0.9656182875618589,0.014674624750780699
oov_regime,device_cluster|p=0.10|spoof_k2,mp_nosub_top1pct_tp,465.8,10.979981785048645
oov_regime,device_cluster|p=0.10|spoof_k2,mp_nosub_top1pct_precision,0.9223762376237623,0.02174253818821512
oov_regime,device_cluster|p=0.10|spoof_k2,mp_raw_roc_auc,0.9968056559999999,0.0015080597156559036
oov_regime,device_cluster|p=0.10|spoof_k2,mp_raw_pr_auc,0.9386771486588577,0.022255594535055698
oov_regime,device_cluster|p=0.10|spoof_k2,mp_raw_top1pct_tp,446.2,15.091719583930788
oov_regime,device_cluster|p=0.10|spoof_k2,mp_raw_top1pct_precision,0.8835643564356437,0.029884593235506535
oov_regime,device_cluster|p=0.10|spoof_k2,trivial_roc_auc,0.9056359999999998,0.003080042856844652
oov_regime,device_cluster|p=0.10|spoof_k2,trivial_pr_auc,0.053751349945843296,0.00048666702279641323
oov_regime,device_cluster|p=0.10|spoof_k2,trivial_top1pct_tp,27.4,5.748043145279966
oov_regime,device_cluster|p=0.10|spoof_k2,trivial_top1pct_precision,0.054257425742574264,0.011382263654019734
oov_regime,device_cluster|p=0.10|spoof_k2,two_stage_roc_auc,0.987948212,0.004434733071157216
oov_regime,device_cluster|p=0.10|spoof_k2,two_stage_pr_auc,0.9396634262754475,0.022031603098249877
oov_regime,device_cluster|p=0.10|spoof_k2,two_stage_top1pct_tp,446.6,16.156732342896568
oov_regime,device_cluster|p=0.10|spoof_k2,two_stage_top1pct_precision,0.8843564356435645,0.031993529391874415
oov_regime,device_cluster|p=0.10|spoof_k2,lik_best_roc_auc,0.9808742279999999,0.0006791831798388219
oov_regime,device_cluster|p=0.10|spoof_k2,lik_best_pr_auc,0.7026694474073256,0.008193313496226014
oov_regime,device_cluster|p=0.10|spoof_k2,lik_best_top1pct_tp,303.4,3.6110940170535577
oov_regime,device_cluster|p=0.10|spoof_k2,lik_best_top1pct_precision,0.6007920792079208,0.007150681221888239
oov_regime,device_cluster|p=0.10|novel,lik_lam0.5_roc_auc,0.9161337119999999,0.0043043178801125
oov_regime,device_cluster|p=0.10|novel,lik_lam0.5_pr_auc,0.17761202728887301,0.019600147814272318
oov_regime,device_cluster|p=0.10|novel,lik_lam0.5_top1pct_tp,106.6,9.891410415102591
oov_regime,device_cluster|p=0.10|novel,lik_lam0.5_top1pct_precision,0.2110891089108911,0.019586951317034838
oov_regime,device_cluster|p=0.10|novel,lik_lam0.9_roc_auc,0.9639954559999999,0.0030040294676157895
oov_regime,device_cluster|p=0.10|novel,lik_lam0.9_pr_auc,0.5027563970365859,0.023374569852714206
oov_regime,device_cluster|p=0.10|novel,lik_lam0.9_top1pct_tp,219.0,10.526157893552615
oov_regime,device_cluster|p=0.10|novel,lik_lam0.9_top1pct_precision,0.4336633663366337,0.020843877016935887
oov_regime,device_cluster|p=0.10|novel,lik_lam1.0_roc_auc,0.981785808,0.0021729978640247227
oov_regime,device_cluster|p=0.10|novel,lik_lam1.0_pr_auc,0.7181991507667446,0.017328044145481517
oov_regime,device_cluster|p=0.10|novel,lik_lam1.0_top1pct_tp,314.0,7.155417527999327
oov_regime,device_cluster|p=0.10|novel,lik_lam1.0_top1pct_precision,0.6217821782178218,0.014169143619800659
oov_regime,device_cluster|p=0.10|novel,mp_nosub_roc_auc,0.9990827039999999,0.00043614676766426613
oov_regime,device_cluster|p=0.10|novel,mp_nosub_pr_auc,0.9731355044917551,0.010705694572529458
oov_regime,device_cluster|p=0.10|novel,mp_nosub_top1pct_tp,469.8,10.998181667894016
oov_regime,device_cluster|p=0.10|novel,mp_nosub_top1pct_precision,0.9302970297029702,0.021778577560186137
oov_regime,device_cluster|p=0.10|novel,mp_raw_roc_auc,0.99774688,0.0008743961771188018
oov_regime,device_cluster|p=0.10|novel,mp_raw_pr_auc,0.944848487077311,0.019490983363970545
oov_regime,device_cluster|p=0.10|novel,mp_raw_top1pct_tp,447.6,13.410443691392167
oov_regime,device_cluster|p=0.10|novel,mp_raw_top1pct_precision,0.8863366336633665,0.026555334042360754
oov_regime,device_cluster|p=0.10|novel,trivial_roc_auc,0.90739,0.0020336863081606223
oov_regime,device_cluster|p=0.10|novel,trivial_pr_auc,0.05391366022042306,0.0006723045643091204
oov_regime,device_cluster|p=0.10|novel,trivial_top1pct_tp,28.2,6.11228271597445
oov_regime,device_cluster|p=0.10|novel,trivial_top1pct_precision,0.05584158415841585,0.012103530130642476
oov_regime,device_cluster|p=0.10|novel,two_stage_roc_auc,0.9907596640000002,0.0019165781312078085
oov_regime,device_cluster|p=0.10|novel,two_stage_pr_auc,0.9486067827872926,0.015619033783643982
oov_regime,device_cluster|p=0.10|novel,two_stage_top1pct_tp,450.8,13.614697940094006
oov_regime,device_cluster|p=0.10|novel,two_stage_top1pct_precision,0.8926732673267328,0.026959797901176277
oov_regime,device_cluster|p=0.10|novel,lik_best_roc_auc,0.981785808,0.0021729978640247227
oov_regime,device_cluster|p=0.10|novel,lik_best_pr_auc,0.7181991507667446,0.017328044145481517
oov_regime,device_cluster|p=0.10|novel,lik_best_top1pct_tp,314.0,7.155417527999327
oov_regime,device_cluster|p=0.10|novel,lik_best_top1pct_precision,0.6217821782178218,0.014169143619800659
oov_regime,device_cluster|p=0.10,delta_mp_minus_likbest_roc_point,0.043314736,0.0034210212655615187
oov_regime,device_cluster|p=0.10,delta_mp_minus_likbest_roc_ci_lower_min,0.03477052703825266,
oov_regime,device_cluster|p=0.10,delta_mp_minus_likbest_pr_point,0.48606889003284504,0.02214718336884889
oov_regime,device_cluster|p=0.10,delta_mp_minus_likbest_pr_ci_lower_min,0.42018065685133194,
oov_regime,device_cluster|p=0.10,delta_mp_minus_nosub_roc_point,-0.004546459999999986,0.0008935523793935746
oov_regime,device_cluster|p=0.10,delta_mp_minus_nosub_pr_point,-0.07514329740563656,0.024066932003510455
oov_regime,device_cluster|p=0.25|spoof_k1,lik_lam0.5_roc_auc,0.8118860999999999,0.009867493547457766
oov_regime,device_cluster|p=0.25|spoof_k1,lik_lam0.5_pr_auc,0.22659370760186706,0.027552832338026734
oov_regime,device_cluster|p=0.25|spoof_k1,lik_lam0.5_top1pct_tp,118.2,10.264501936285072
oov_regime,device_cluster|p=0.25|spoof_k1,lik_lam0.5_top1pct_precision,0.23405940594059405,0.020325746408485296
oov_regime,device_cluster|p=0.25|spoof_k1,lik_lam0.9_roc_auc,0.859808028,0.00673631335489201
oov_regime,device_cluster|p=0.25|spoof_k1,lik_lam0.9_pr_auc,0.32294868991955106,0.012371853396926912
oov_regime,device_cluster|p=0.25|spoof_k1,lik_lam0.9_top1pct_tp,147.4,5.083306010855534
oov_regime,device_cluster|p=0.25|spoof_k1,lik_lam0.9_top1pct_precision,0.29188118811881186,0.010065952496743623
oov_regime,device_cluster|p=0.25|spoof_k1,lik_lam1.0_roc_auc,0.8990542999999999,0.005648693217557483
oov_regime,device_cluster|p=0.25|spoof_k1,lik_lam1.0_pr_auc,0.39885468404128166,0.018346990417942917
oov_regime,device_cluster|p=0.25|spoof_k1,lik_lam1.0_top1pct_tp,175.2,11.124747188138704
oov_regime,device_cluster|p=0.25|spoof_k1,lik_lam1.0_top1pct_precision,0.3469306930693069,0.022029202352749907
oov_regime,device_cluster|p=0.25|spoof_k1,mp_nosub_roc_auc,0.997016092,0.0009931222917325304
oov_regime,device_cluster|p=0.25|spoof_k1,mp_nosub_pr_auc,0.9327514154819166,0.01679221497893955
oov_regime,device_cluster|p=0.25|spoof_k1,mp_nosub_top1pct_tp,441.0,14.24078649513432
oov_regime,device_cluster|p=0.25|spoof_k1,mp_nosub_top1pct_precision,0.8732673267326734,0.028199577218087784
oov_regime,device_cluster|p=0.25|spoof_k1,mp_raw_roc_auc,0.99319512,0.0018243578031077062
oov_regime,device_cluster|p=0.25|spoof_k1,mp_raw_pr_auc,0.8609475052810766,0.03313854925314465
oov_regime,device_cluster|p=0.25|spoof_k1,mp_raw_top1pct_tp,400.0,21.69792616818483
oov_regime,device_cluster|p=0.25|spoof_k1,mp_raw_top1pct_precision,0.7920792079207921,0.04296619043204917
oov_regime,device_cluster|p=0.25|spoof_k1,trivial_roc_auc,0.8371820000000001,0.004357023754812473
oov_regime,device_cluster|p=0.25|spoof_k1,trivial_pr_auc,0.030487575593500228,0.0004898589536351099
oov_regime,device_cluster|p=0.25|spoof_k1,trivial_top1pct_tp,17.0,4.604345773288535
oov_regime,device_cluster|p=0.25|spoof_k1,trivial_top1pct_precision,0.03366336633663366,0.009117516382749574
oov_regime,device_cluster|p=0.25|spoof_k1,two_stage_roc_auc,0.986764644,0.005307038437552915
oov_regime,device_cluster|p=0.25|spoof_k1,two_stage_pr_auc,0.8882812086383322,0.028109139709268222
oov_regime,device_cluster|p=0.25|spoof_k1,two_stage_top1pct_tp,408.4,19.9258625911151
oov_regime,device_cluster|p=0.25|spoof_k1,two_stage_top1pct_precision,0.8087128712871288,0.03945715364577246
oov_regime,device_cluster|p=0.25|spoof_k1,lik_best_roc_auc,0.8990542999999999,0.005648693217557483
oov_regime,device_cluster|p=0.25|spoof_k1,lik_best_pr_auc,0.39885468404128166,0.018346990417942917
oov_regime,device_cluster|p=0.25|spoof_k1,lik_best_top1pct_tp,175.2,11.124747188138704
oov_regime,device_cluster|p=0.25|spoof_k1,lik_best_top1pct_precision,0.3469306930693069,0.022029202352749907
oov_regime,device_cluster|p=0.25|spoof_k2,lik_lam0.5_roc_auc,0.844199328,0.009751179750824807
oov_regime,device_cluster|p=0.25|spoof_k2,lik_lam0.5_pr_auc,0.2623068410805759,0.024628603596589114
oov_regime,device_cluster|p=0.25|spoof_k2,lik_lam0.5_top1pct_tp,139.0,7.745966692414834
oov_regime,device_cluster|p=0.25|spoof_k2,lik_lam0.5_top1pct_precision,0.27524752475247527,0.015338547905771938
oov_regime,device_cluster|p=0.25|spoof_k2,lik_lam0.9_roc_auc,0.927979968,0.007508585252145469
oov_regime,device_cluster|p=0.25|spoof_k2,lik_lam0.9_pr_auc,0.51936407135791,0.022406857682720216
oov_regime,device_cluster|p=0.25|spoof_k2,lik_lam0.9_top1pct_tp,238.6,12.955307792561317
oov_regime,device_cluster|p=0.25|spoof_k2,lik_lam0.9_top1pct_precision,0.47247524752475245,0.025654074836755084
oov_regime,device_cluster|p=0.25|spoof_k2,lik_lam1.0_roc_auc,0.963149892,0.001940082166614571
oov_regime,device_cluster|p=0.25|spoof_k2,lik_lam1.0_pr_auc,0.6962193568097724,0.007563731985990247
oov_regime,device_cluster|p=0.25|spoof_k2,lik_lam1.0_top1pct_tp,314.4,4.586937976471886
oov_regime,device_cluster|p=0.25|spoof_k2,lik_lam1.0_top1pct_precision,0.6225742574257426,0.009083045497964138
oov_regime,device_cluster|p=0.25|spoof_k2,mp_nosub_roc_auc,0.9984902160000001,0.0009216666058744036
oov_regime,device_cluster|p=0.25|spoof_k2,mp_nosub_pr_auc,0.9693911637908442,0.011117703431123236
oov_regime,device_cluster|p=0.25|spoof_k2,mp_nosub_top1pct_tp,468.0,8.988882021697693
oov_regime,device_cluster|p=0.25|spoof_k2,mp_nosub_top1pct_precision,0.9267326732673269,0.01779976637959937
oov_regime,device_cluster|p=0.25|spoof_k2,mp_raw_roc_auc,0.9973762599999999,0.0012644208754999
oov_regime,device_cluster|p=0.25|spoof_k2,mp_raw_pr_auc,0.9438396648423284,0.019482357833515585
oov_regime,device_cluster|p=0.25|spoof_k2,mp_raw_top1pct_tp,447.0,13.007690033207279
oov_regime,device_cluster|p=0.25|spoof_k2,mp_raw_top1pct_precision,0.8851485148514853,0.02575780204595503
oov_regime,device_cluster|p=0.25|spoof_k2,trivial_roc_auc,0.837998,0.0025868544605369614
oov_regime,device_cluster|p=0.25|spoof_k2,trivial_pr_auc,0.030551003232725155,0.00024262761265255047
oov_regime,device_cluster|p=0.25|spoof_k2,trivial_top1pct_tp,17.4,4.363484845854286
oov_regime,device_cluster|p=0.25|spoof_k2,trivial_top1pct_precision,0.03445544554455445,0.008640564051196604
oov_regime,device_cluster|p=0.25|spoof_k2,two_stage_roc_auc,0.9896051119999999,0.0042159271847715596
oov_regime,device_cluster|p=0.25|spoof_k2,two_stage_pr_auc,0.9481476027627744,0.019377977554988393
oov_regime,device_cluster|p=0.25|spoof_k2,two_stage_top1pct_tp,451.6,14.164744967700619
oov_regime,device_cluster|p=0.25|spoof_k2,two_stage_top1pct_precision,0.8942574257425744,0.028048999936040854
oov_regime,device_cluster|p=0.25|spoof_k2,lik_best_roc_auc,0.963149892,0.001940082166614571
oov_regime,device_cluster|p=0.25|spoof_k2,lik_best_pr_auc,0.6962193568097724,0.007563731985990247
oov_regime,device_cluster|p=0.25|spoof_k2,lik_best_top1pct_tp,314.4,4.586937976471886
oov_regime,device_cluster|p=0.25|spoof_k2,lik_best_top1pct_precision,0.6225742574257426,0.009083045497964138
oov_regime,device_cluster|p=0.25|novel,lik_lam0.5_roc_auc,0.84032076,0.009770895508339011
oov_regime,device_cluster|p=0.25|novel,lik_lam0.5_pr_auc,0.26565973013288496,0.029819118265927518
oov_regime,device_cluster|p=0.25|novel,lik_lam0.5_top1pct_tp,141.4,14.221111067704943
oov_regime,device_cluster|p=0.25|novel,lik_lam0.5_top1pct_precision,0.28,0.02816061597565335
oov_regime,device_cluster|p=0.25|novel,lik_lam0.9_roc_auc,0.928083064,0.007192392594250182
oov_regime,device_cluster|p=0.25|novel,lik_lam0.9_pr_auc,0.5149825218341556,0.0319316130603941
oov_regime,device_cluster|p=0.25|novel,lik_lam0.9_top1pct_tp,236.2,16.79761887887685
oov_regime,device_cluster|p=0.25|novel,lik_lam0.9_top1pct_precision,0.4677227722772277,0.033262611641340305
oov_regime,device_cluster|p=0.25|novel,lik_lam1.0_roc_auc,0.961794688,0.00540192059209459
oov_regime,device_cluster|p=0.25|novel,lik_lam1.0_pr_auc,0.698636739877063,0.01962195490559099
oov_regime,device_cluster|p=0.25|novel,lik_lam1.0_top1pct_tp,320.2,7.222188034107115
oov_regime,device_cluster|p=0.25|novel,lik_lam1.0_top1pct_precision,0.6340594059405941,0.014301362443776479
oov_regime,device_cluster|p=0.25|novel,mp_nosub_roc_auc,0.99920532,0.0003118903797169453
oov_regime,device_cluster|p=0.25|novel,mp_nosub_pr_auc,0.9744561404449188,0.00854828258095249
oov_regime,device_cluster|p=0.25|novel,mp_nosub_top1pct_tp,470.6,7.499333303701069
oov_regime,device_cluster|p=0.25|novel,mp_nosub_top1pct_precision,0.9318811881188118,0.014850164957823868
oov_regime,device_cluster|p=0.25|novel,mp_raw_roc_auc,0.998102336,0.0006428963823696919
oov_regime,device_cluster|p=0.25|novel,mp_raw_pr_auc,0.9492352730296268,0.016240752985099517
oov_regime,device_cluster|p=0.25|novel,mp_raw_top1pct_tp,450.0,13.130118049735882
oov_regime,device_cluster|p=0.25|novel,mp_raw_top1pct_precision,0.8910891089108912,0.026000233761853255
oov_regime,device_cluster|p=0.25|novel,trivial_roc_auc,0.83895,0.002017156414361618
oov_regime,device_cluster|p=0.25|novel,trivial_pr_auc,0.030662393138015588,0.00026711273048281824
oov_regime,device_cluster|p=0.25|novel,trivial_top1pct_tp,17.2,5.2687759489277965
oov_regime,device_cluster|p=0.25|novel,trivial_top1pct_precision,0.03405940594059406,0.01043321970084712
oov_regime,device_cluster|p=0.25|novel,two_stage_roc_auc,0.9908916440000001,0.0019865302942930676
oov_regime,device_cluster|p=0.25|novel,two_stage_pr_auc,0.9536997935958562,0.012517292056920508
oov_regime,device_cluster|p=0.25|novel,two_stage_top1pct_tp,454.0,11.55854662143991
oov_regime,device_cluster|p=0.25|novel,two_stage_top1pct_precision,0.8990099009900991,0.022888211131564203
oov_regime,device_cluster|p=0.25|novel,lik_best_roc_auc,0.961794688,0.00540192059209459
oov_regime,device_cluster|p=0.25|novel,lik_best_pr_auc,0.698636739877063,0.01962195490559099
oov_regime,device_cluster|p=0.25|novel,lik_best_top1pct_tp,320.2,7.222188034107115
oov_regime,device_cluster|p=0.25|novel,lik_best_top1pct_precision,0.6340594059405941,0.014301362443776479
oov_regime,device_cluster|p=0.25,delta_mp_minus_likbest_roc_point,0.09414081999999999,0.006536723102142229
oov_regime,device_cluster|p=0.25,delta_mp_minus_likbest_roc_ci_lower_min,0.07646668008215103,
oov_regime,device_cluster|p=0.25,delta_mp_minus_likbest_pr_point,0.4620928212397949,0.03451776279403975
oov_regime,device_cluster|p=0.25,delta_mp_minus_likbest_pr_ci_lower_min,0.36083754010533586,
oov_regime,device_cluster|p=0.25,delta_mp_minus_nosub_roc_point,-0.003820971999999978,0.0009126656106679674
oov_regime,device_cluster|p=0.25,delta_mp_minus_nosub_pr_point,-0.07180391020084005,0.020258220486225397
oov_regime,device_cluster|p=0.50|spoof_k1,lik_lam0.5_roc_auc,0.758997412,0.009285450265266426
oov_regime,device_cluster|p=0.50|spoof_k1,lik_lam0.5_pr_auc,0.41121936067756637,0.015593819975347948
oov_regime,device_cluster|p=0.50|spoof_k1,lik_lam0.5_top1pct_tp,212.6,8.754427451295717
oov_regime,device_cluster|p=0.50|spoof_k1,lik_lam0.5_top1pct_precision,0.42099009900990103,0.01733549990355587
oov_regime,device_cluster|p=0.50|spoof_k1,lik_lam0.9_roc_auc,0.8133316279999999,0.008203776780304078
oov_regime,device_cluster|p=0.50|spoof_k1,lik_lam0.9_pr_auc,0.5278542925219103,0.022949965994076185
oov_regime,device_cluster|p=0.50|spoof_k1,lik_lam0.9_top1pct_tp,253.4,12.642784503423286
oov_regime,device_cluster|p=0.50|spoof_k1,lik_lam0.9_top1pct_precision,0.5017821782178218,0.02503521683846196
oov_regime,device_cluster|p=0.50|spoof_k1,lik_lam1.0_roc_auc,0.8675360400000001,0.006795931843483983
oov_regime,device_cluster|p=0.50|spoof_k1,lik_lam1.0_pr_auc,0.5767974849765427,0.02269945856612458
oov_regime,device_cluster|p=0.50|spoof_k1,lik_lam1.0_top1pct_tp,271.0,11.313708498984761
oov_regime,device_cluster|p=0.50|spoof_k1,lik_lam1.0_top1pct_precision,0.5366336633663367,0.022403383166306436
oov_regime,device_cluster|p=0.50|spoof_k1,mp_nosub_roc_auc,0.9977063640000001,0.0011806656579675617
oov_regime,device_cluster|p=0.50|spoof_k1,mp_nosub_pr_auc,0.9516515370159441,0.010845902394314336
oov_regime,device_cluster|p=0.50|spoof_k1,mp_nosub_top1pct_tp,450.8,10.796295661012623
oov_regime,device_cluster|p=0.50|spoof_k1,mp_nosub_top1pct_precision,0.8926732673267328,0.021378803289133923
oov_regime,device_cluster|p=0.50|spoof_k1,mp_raw_roc_auc,0.9953135919999999,0.0014324496229661864
oov_regime,device_cluster|p=0.50|spoof_k1,mp_raw_pr_auc,0.8890626017539001,0.025345556975712766
oov_regime,device_cluster|p=0.50|spoof_k1,mp_raw_top1pct_tp,413.6,21.19056393775305
oov_regime,device_cluster|p=0.50|spoof_k1,mp_raw_top1pct_precision,0.8190099009900991,0.041961512748025835
oov_regime,device_cluster|p=0.50|spoof_k1,trivial_roc_auc,0.724948,0.0028281400248219924
oov_regime,device_cluster|p=0.50|spoof_k1,trivial_pr_auc,0.017911741046115696,0.00015140409192560794
oov_regime,device_cluster|p=0.50|spoof_k1,trivial_top1pct_tp,9.0,2.898275349237888
oov_regime,device_cluster|p=0.50|spoof_k1,trivial_top1pct_precision,0.01782178217821782,0.005739159107401757
oov_regime,device_cluster|p=0.50|spoof_k1,two_stage_roc_auc,0.9911353399999999,0.0046153849084816945
oov_regime,device_cluster|p=0.50|spoof_k1,two_stage_pr_auc,0.9158099975479086,0.019025189107597637
oov_regime,device_cluster|p=0.50|spoof_k1,two_stage_top1pct_tp,422.6,16.788091017146648
oov_regime,device_cluster|p=0.50|spoof_k1,two_stage_top1pct_precision,0.8368316831683169,0.0332437445884092
oov_regime,device_cluster|p=0.50|spoof_k1,lik_best_roc_auc,0.8675360400000001,0.006795931843483983
oov_regime,device_cluster|p=0.50|spoof_k1,lik_best_pr_auc,0.5767974849765427,0.02269945856612458
oov_regime,device_cluster|p=0.50|spoof_k1,lik_best_top1pct_tp,271.0,11.313708498984761
oov_regime,device_cluster|p=0.50|spoof_k1,lik_best_top1pct_precision,0.5366336633663367,0.022403383166306436
oov_regime,device_cluster|p=0.50|spoof_k2,lik_lam0.5_roc_auc,0.8026684319999999,0.009690022276156866
oov_regime,device_cluster|p=0.50|spoof_k2,lik_lam0.5_pr_auc,0.4458377439779032,0.023320630788255196
oov_regime,device_cluster|p=0.50|spoof_k2,lik_lam0.5_top1pct_tp,231.2,5.775811631277461
oov_regime,device_cluster|p=0.50|spoof_k2,lik_lam0.5_top1pct_precision,0.4578217821782179,0.011437250755004883
oov_regime,device_cluster|p=0.50|spoof_k2,lik_lam0.9_roc_auc,0.910361952,0.01354066098810012
oov_regime,device_cluster|p=0.50|spoof_k2,lik_lam0.9_pr_auc,0.6640000680168144,0.016906161286924824
oov_regime,device_cluster|p=0.50|spoof_k2,lik_lam0.9_top1pct_tp,307.4,8.957678270623475
oov_regime,device_cluster|p=0.50|spoof_k2,lik_lam0.9_top1pct_precision,0.6087128712871287,0.01773797677351185
oov_regime,device_cluster|p=0.50|spoof_k2,lik_lam1.0_roc_auc,0.95412788,0.007707351246585314
oov_regime,device_cluster|p=0.50|spoof_k2,lik_lam1.0_pr_auc,0.7794092170136816,0.014263528806725014
oov_regime,device_cluster|p=0.50|spoof_k2,lik_lam1.0_top1pct_tp,357.2,7.467261881037787
oov_regime,device_cluster|p=0.50|spoof_k2,lik_lam1.0_top1pct_precision,0.7073267326732673,0.014786657190173818
oov_regime,device_cluster|p=0.50|spoof_k2,mp_nosub_roc_auc,0.9982743239999999,0.0014112008367004566
oov_regime,device_cluster|p=0.50|spoof_k2,mp_nosub_pr_auc,0.9714267062819528,0.00996263873649998
oov_regime,device_cluster|p=0.50|spoof_k2,mp_nosub_top1pct_tp,468.0,5.549774770204643
oov_regime,device_cluster|p=0.50|spoof_k2,mp_nosub_top1pct_precision,0.9267326732673267,0.010989653010306206
oov_regime,device_cluster|p=0.50|spoof_k2,mp_raw_roc_auc,0.9979536119999999,0.0010283891004945198
oov_regime,device_cluster|p=0.50|spoof_k2,mp_raw_pr_auc,0.9527198893005006,0.015265506109685478
oov_regime,device_cluster|p=0.50|spoof_k2,mp_raw_top1pct_tp,452.6,10.3072789813801
oov_regime,device_cluster|p=0.50|spoof_k2,mp_raw_top1pct_precision,0.8962376237623764,0.020410453428475465
oov_regime,device_cluster|p=0.50|spoof_k2,trivial_roc_auc,0.7243320000000001,0.0025472840438396584
oov_regime,device_cluster|p=0.50|spoof_k2,trivial_pr_auc,0.017885024610409268,0.00014042282846605798
oov_regime,device_cluster|p=0.50|spoof_k2,trivial_top1pct_tp,9.2,2.9257477676655586
oov_regime,device_cluster|p=0.50|spoof_k2,trivial_top1pct_precision,0.018217821782178217,0.005793559935971403
oov_regime,device_cluster|p=0.50|spoof_k2,two_stage_roc_auc,0.990744304,0.003612103634269614
oov_regime,device_cluster|p=0.50|spoof_k2,two_stage_pr_auc,0.9574731224523465,0.013416102783085153
oov_regime,device_cluster|p=0.50|spoof_k2,two_stage_top1pct_tp,456.0,11.189280584559492
oov_regime,device_cluster|p=0.50|spoof_k2,two_stage_top1pct_precision,0.9029702970297031,0.022156991256553467
oov_regime,device_cluster|p=0.50|spoof_k2,lik_best_roc_auc,0.95412788,0.007707351246585314
oov_regime,device_cluster|p=0.50|spoof_k2,lik_best_pr_auc,0.7794092170136816,0.014263528806725014
oov_regime,device_cluster|p=0.50|spoof_k2,lik_best_top1pct_tp,357.2,7.467261881037787
oov_regime,device_cluster|p=0.50|spoof_k2,lik_best_top1pct_precision,0.7073267326732673,0.014786657190173818
oov_regime,device_cluster|p=0.50|novel,lik_lam0.5_roc_auc,0.8022682719999998,0.013146558601548003
oov_regime,device_cluster|p=0.50|novel,lik_lam0.5_pr_auc,0.4516892719961881,0.029419746383871296
oov_regime,device_cluster|p=0.50|novel,lik_lam0.5_top1pct_tp,230.8,14.133647795243801
oov_regime,device_cluster|p=0.50|novel,lik_lam0.5_top1pct_precision,0.4570297029702971,0.02798742137672039
oov_regime,device_cluster|p=0.50|novel,lik_lam0.9_roc_auc,0.9106079680000001,0.009641682034546437
oov_regime,device_cluster|p=0.50|novel,lik_lam0.9_pr_auc,0.6657355600187262,0.013581940871303929
oov_regime,device_cluster|p=0.50|novel,lik_lam0.9_top1pct_tp,310.4,4.317406628984581
oov_regime,device_cluster|p=0.50|novel,lik_lam0.9_top1pct_precision,0.6146534653465346,0.008549320057395218
oov_regime,device_cluster|p=0.50|novel,lik_lam1.0_roc_auc,0.9546316520000001,0.007416176430097646
oov_regime,device_cluster|p=0.50|novel,lik_lam1.0_pr_auc,0.7814718406444375,0.010594546611607848
oov_regime,device_cluster|p=0.50|novel,lik_lam1.0_top1pct_tp,356.2,3.4871191548325386
oov_regime,device_cluster|p=0.50|novel,lik_lam1.0_top1pct_precision,0.7053465346534653,0.006905186445212954
oov_regime,device_cluster|p=0.50|novel,mp_nosub_roc_auc,0.999400464,0.00020735399003633047
oov_regime,device_cluster|p=0.50|novel,mp_nosub_pr_auc,0.9773146932605374,0.007293210441994779
oov_regime,device_cluster|p=0.50|novel,mp_nosub_top1pct_tp,470.6,5.122499389946279
oov_regime,device_cluster|p=0.50|novel,mp_nosub_top1pct_precision,0.9318811881188118,0.010143563148408441
oov_regime,device_cluster|p=0.50|novel,mp_raw_roc_auc,0.9986386639999999,0.0005180486417934017
oov_regime,device_cluster|p=0.50|novel,mp_raw_pr_auc,0.9590139597202679,0.014255232320709708
oov_regime,device_cluster|p=0.50|novel,mp_raw_top1pct_tp,455.6,11.35957745693034
oov_regime,device_cluster|p=0.50|novel,mp_raw_top1pct_precision,0.9021782178217823,0.022494212786000698
oov_regime,device_cluster|p=0.50|novel,trivial_roc_auc,0.7262179999999999,0.0033057973319608864
oov_regime,device_cluster|p=0.50|novel,trivial_pr_auc,0.017983970586594518,0.0001837612296983591
oov_regime,device_cluster|p=0.50|novel,trivial_top1pct_tp,8.4,3.3823069050575527
oov_regime,device_cluster|p=0.50|novel,trivial_top1pct_precision,0.01663366336633663,0.00669763743575753
oov_regime,device_cluster|p=0.50|novel,two_stage_roc_auc,0.9938382920000001,0.0037808176888625643
oov_regime,device_cluster|p=0.50|novel,two_stage_pr_auc,0.965960808636118,0.012074589891933149
oov_regime,device_cluster|p=0.50|novel,two_stage_top1pct_tp,461.6,10.983624174196784
oov_regime,device_cluster|p=0.50|novel,two_stage_top1pct_precision,0.914059405940594,0.021749750839993625
oov_regime,device_cluster|p=0.50|novel,lik_best_roc_auc,0.9546316520000001,0.007416176430097646
oov_regime,device_cluster|p=0.50|novel,lik_best_pr_auc,0.7814718406444375,0.010594546611607848
oov_regime,device_cluster|p=0.50|novel,lik_best_top1pct_tp,356.2,3.4871191548325386
oov_regime,device_cluster|p=0.50|novel,lik_best_top1pct_precision,0.7053465346534653,0.006905186445212954
oov_regime,device_cluster|p=0.50,delta_mp_minus_likbest_roc_point,0.12777755200000002,0.0061551441610100234
oov_regime,device_cluster|p=0.50,delta_mp_minus_likbest_roc_ci_lower_min,0.10292883180629923,
oov_regime,device_cluster|p=0.50,delta_mp_minus_likbest_pr_point,0.3122651167773573,0.024821129047850676
oov_regime,device_cluster|p=0.50,delta_mp_minus_likbest_pr_ci_lower_min,0.21978071858113365,
oov_regime,device_cluster|p=0.50,delta_mp_minus_nosub_roc_point,-0.0023927720000000096,0.000716834770763734
oov_regime,device_cluster|p=0.50,delta_mp_minus_nosub_pr_point,-0.06258893526204412,0.016534153963700574
oov_regime,device_cluster|p=0.75|spoof_k1,lik_lam0.5_roc_auc,0.821623628,0.010832741206853218
oov_regime,device_cluster|p=0.75|spoof_k1,lik_lam0.5_pr_auc,0.6072891170647289,0.03614745282502429
oov_regime,device_cluster|p=0.75|spoof_k1,lik_lam0.5_top1pct_tp,295.6,20.41176131547692
oov_regime,device_cluster|p=0.75|spoof_k1,lik_lam0.5_top1pct_precision,0.5853465346534654,0.04041932933757804
oov_regime,device_cluster|p=0.75|spoof_k1,lik_lam0.9_roc_auc,0.8639088119999998,0.013657357884719001
oov_regime,device_cluster|p=0.75|spoof_k1,lik_lam0.9_pr_auc,0.7603215235592616,0.014721078373207198
oov_regime,device_cluster|p=0.75|spoof_k1,lik_lam0.9_top1pct_tp,370.4,6.974238309665076
oov_regime,device_cluster|p=0.75|spoof_k1,lik_lam0.9_top1pct_precision,0.7334653465346535,0.013810372890425908
oov_regime,device_cluster|p=0.75|spoof_k1,lik_lam1.0_roc_auc,0.903231804,0.013360801305714525
oov_regime,device_cluster|p=0.75|spoof_k1,lik_lam1.0_pr_auc,0.7862855416890191,0.015662482443082756
oov_regime,device_cluster|p=0.75|spoof_k1,lik_lam1.0_top1pct_tp,382.4,8.089499366462674
oov_regime,device_cluster|p=0.75|spoof_k1,lik_lam1.0_top1pct_precision,0.7572277227722772,0.01601881062665877
oov_regime,device_cluster|p=0.75|spoof_k1,mp_nosub_roc_auc,0.9979670840000001,0.0018306814276831062
oov_regime,device_cluster|p=0.75|spoof_k1,mp_nosub_pr_auc,0.9700101909445698,0.009077183213919827
oov_regime,device_cluster|p=0.75|spoof_k1,mp_nosub_top1pct_tp,462.6,7.96492310069595
oov_regime,device_cluster|p=0.75|spoof_k1,mp_nosub_top1pct_precision,0.9160396039603962,0.015772124951873183
oov_regime,device_cluster|p=0.75|spoof_k1,mp_raw_roc_auc,0.9971043080000002,0.0011971924512692526
oov_regime,device_cluster|p=0.75|spoof_k1,mp_raw_pr_auc,0.9214761086022067,0.01899824575596776
oov_regime,device_cluster|p=0.75|spoof_k1,mp_raw_top1pct_tp,429.6,15.704776343520466
oov_regime,device_cluster|p=0.75|spoof_k1,mp_raw_top1pct_precision,0.8506930693069308,0.031098567016872195
oov_regime,device_cluster|p=0.75|spoof_k1,trivial_roc_auc,0.61335,0.0017801123560045483
oov_regime,device_cluster|p=0.75|spoof_k1,trivial_pr_auc,0.012770037705989815,5.650283983515475e-05
oov_regime,device_cluster|p=0.75|spoof_k1,trivial_top1pct_tp,5.8,2.85657137141714
oov_regime,device_cluster|p=0.75|spoof_k1,trivial_top1pct_precision,0.011485148514851487,0.005656576973103247
oov_regime,device_cluster|p=0.75|spoof_k1,two_stage_roc_auc,0.994731728,0.0022663441063916386
oov_regime,device_cluster|p=0.75|spoof_k1,two_stage_pr_auc,0.9422231174012422,0.015082343056068443
oov_regime,device_cluster|p=0.75|spoof_k1,two_stage_top1pct_tp,442.0,12.083045973594572
oov_regime,device_cluster|p=0.75|spoof_k1,two_stage_top1pct_precision,0.8752475247524754,0.023926823710088283
oov_regime,device_cluster|p=0.75|spoof_k1,lik_best_roc_auc,0.903231804,0.013360801305714525
oov_regime,device_cluster|p=0.75|spoof_k1,lik_best_pr_auc,0.7862855416890191,0.015662482443082756
oov_regime,device_cluster|p=0.75|spoof_k1,lik_best_top1pct_tp,382.4,8.089499366462674
oov_regime,device_cluster|p=0.75|spoof_k1,lik_best_top1pct_precision,0.7572277227722772,0.01601881062665877
oov_regime,device_cluster|p=0.75|spoof_k2,lik_lam0.5_roc_auc,0.843578656,0.020902121400632585
oov_regime,device_cluster|p=0.75|spoof_k2,lik_lam0.5_pr_auc,0.6289127452223158,0.03896519531477189
oov_regime,device_cluster|p=0.75|spoof_k2,lik_lam0.5_top1pct_tp,303.4,22.059918404200864
oov_regime,device_cluster|p=0.75|spoof_k2,lik_lam0.5_top1pct_precision,0.6007920792079209,0.04368300674099181
oov_regime,device_cluster|p=0.75|spoof_k2,lik_lam0.9_roc_auc,0.926568904,0.008530119599765537
oov_regime,device_cluster|p=0.75|spoof_k2,lik_lam0.9_pr_auc,0.8141178094227651,0.021232976254849798
oov_regime,device_cluster|p=0.75|spoof_k2,lik_lam0.9_top1pct_tp,389.2,11.889491158161478
oov_regime,device_cluster|p=0.75|spoof_k2,lik_lam0.9_top1pct_precision,0.7706930693069307,0.023543546847844533
oov_regime,device_cluster|p=0.75|spoof_k2,lik_lam1.0_roc_auc,0.962309872,0.004856825599349441
oov_regime,device_cluster|p=0.75|spoof_k2,lik_lam1.0_pr_auc,0.8726490418583331,0.014057148345467277
oov_regime,device_cluster|p=0.75|spoof_k2,lik_lam1.0_top1pct_tp,420.0,9.715966241192895
oov_regime,device_cluster|p=0.75|spoof_k2,lik_lam1.0_top1pct_precision,0.8316831683168318,0.019239537111273027
oov_regime,device_cluster|p=0.75|spoof_k2,mp_nosub_roc_auc,0.997805928,0.0018225085845438886
oov_regime,device_cluster|p=0.75|spoof_k2,mp_nosub_pr_auc,0.9788849798018753,0.00782101107747392
oov_regime,device_cluster|p=0.75|spoof_k2,mp_nosub_top1pct_tp,471.2,3.7629775444453553
oov_regime,device_cluster|p=0.75|spoof_k2,mp_nosub_top1pct_precision,0.933069306930693,0.0074514406820699736
oov_regime,device_cluster|p=0.75|spoof_k2,mp_raw_roc_auc,0.998455184,0.0010408072950858556
oov_regime,device_cluster|p=0.75|spoof_k2,mp_raw_pr_auc,0.9655869022760413,0.013406246167189462
oov_regime,device_cluster|p=0.75|spoof_k2,mp_raw_top1pct_tp,461.6,10.725670142233538
oov_regime,device_cluster|p=0.75|spoof_k2,mp_raw_top1pct_precision,0.9140594059405942,0.021238950776700093
oov_regime,device_cluster|p=0.75|spoof_k2,trivial_roc_auc,0.6132500000000001,0.0012979522333275602
oov_regime,device_cluster|p=0.75|spoof_k2,trivial_pr_auc,0.012766659092077382,4.045201956102997e-05
oov_regime,device_cluster|p=0.75|spoof_k2,trivial_top1pct_tp,6.0,2.9664793948382653
oov_regime,device_cluster|p=0.75|spoof_k2,trivial_top1pct_precision,0.011881188118811881,0.005874216623442109
oov_regime,device_cluster|p=0.75|spoof_k2,two_stage_roc_auc,0.9955043400000001,0.0028646002536898666
oov_regime,device_cluster|p=0.75|spoof_k2,two_stage_pr_auc,0.9728422683244744,0.013319650423268097
oov_regime,device_cluster|p=0.75|spoof_k2,two_stage_top1pct_tp,466.6,9.830564581955606
oov_regime,device_cluster|p=0.75|spoof_k2,two_stage_top1pct_precision,0.9239603960396039,0.019466464518723938
oov_regime,device_cluster|p=0.75|spoof_k2,lik_best_roc_auc,0.962309872,0.004856825599349441
oov_regime,device_cluster|p=0.75|spoof_k2,lik_best_pr_auc,0.8726490418583331,0.014057148345467277
oov_regime,device_cluster|p=0.75|spoof_k2,lik_best_top1pct_tp,420.0,9.715966241192895
oov_regime,device_cluster|p=0.75|spoof_k2,lik_best_top1pct_precision,0.8316831683168318,0.019239537111273027
oov_regime,device_cluster|p=0.75|novel,lik_lam0.5_roc_auc,0.845120528,0.011100157698033675
oov_regime,device_cluster|p=0.75|novel,lik_lam0.5_pr_auc,0.6219431692283326,0.03358434754134953
oov_regime,device_cluster|p=0.75|novel,lik_lam0.5_top1pct_tp,301.0,20.83266665599966
oov_regime,device_cluster|p=0.75|novel,lik_lam0.5_top1pct_precision,0.596039603960396,0.041252805259405265
oov_regime,device_cluster|p=0.75|novel,lik_lam0.9_roc_auc,0.9298059359999999,0.009633060165329839
oov_regime,device_cluster|p=0.75|novel,lik_lam0.9_pr_auc,0.8170571045859887,0.0176231322914968
oov_regime,device_cluster|p=0.75|novel,lik_lam0.9_top1pct_tp,390.0,9.715966241192895
oov_regime,device_cluster|p=0.75|novel,lik_lam0.9_top1pct_precision,0.7722772277227723,0.019239537111273075
oov_regime,device_cluster|p=0.75|novel,lik_lam1.0_roc_auc,0.9635698999999999,0.00812727356720321
oov_regime,device_cluster|p=0.75|novel,lik_lam1.0_pr_auc,0.8791549322445313,0.015829665919248576
oov_regime,device_cluster|p=0.75|novel,lik_lam1.0_top1pct_tp,421.8,8.158431221748456
oov_regime,device_cluster|p=0.75|novel,lik_lam1.0_top1pct_precision,0.8352475247524753,0.01615530934999692
oov_regime,device_cluster|p=0.75|novel,mp_nosub_roc_auc,0.9997263679999999,0.00014779503082314332
oov_regime,device_cluster|p=0.75|novel,mp_nosub_pr_auc,0.9838854074594451,0.007055325375248154
oov_regime,device_cluster|p=0.75|novel,mp_nosub_top1pct_tp,472.4,7.255342858886822
oov_regime,device_cluster|p=0.75|novel,mp_nosub_top1pct_precision,0.9354455445544554,0.014367015562152089
oov_regime,device_cluster|p=0.75|novel,mp_raw_roc_auc,0.999143928,0.0003477683931814834
oov_regime,device_cluster|p=0.75|novel,mp_raw_pr_auc,0.9703814806919683,0.010219083777195164
oov_regime,device_cluster|p=0.75|novel,mp_raw_top1pct_tp,464.6,10.031948963187562
oov_regime,device_cluster|p=0.75|novel,mp_raw_top1pct_precision,0.9199999999999999,0.019865245471658525
oov_regime,device_cluster|p=0.75|novel,trivial_roc_auc,0.6128600000000001,0.0020330272993740275
oov_regime,device_cluster|p=0.75|novel,trivial_pr_auc,0.01275377443591751,6.434463033832694e-05
oov_regime,device_cluster|p=0.75|novel,trivial_top1pct_tp,5.8,2.9257477676655586
oov_regime,device_cluster|p=0.75|novel,trivial_top1pct_precision,0.011485148514851487,0.005793559935971403
oov_regime,device_cluster|p=0.75|novel,two_stage_roc_auc,0.9963184760000001,0.002317388752139793
oov_regime,device_cluster|p=0.75|novel,two_stage_pr_auc,0.9772805073191136,0.007985862417534765
oov_regime,device_cluster|p=0.75|novel,two_stage_top1pct_tp,470.0,7.92464510246358
oov_regime,device_cluster|p=0.75|novel,two_stage_top1pct_precision,0.9306930693069306,0.015692366539531818
oov_regime,device_cluster|p=0.75|novel,lik_best_roc_auc,0.9635698999999999,0.00812727356720321
oov_regime,device_cluster|p=0.75|novel,lik_best_pr_auc,0.8791549322445313,0.015829665919248576
oov_regime,device_cluster|p=0.75|novel,lik_best_top1pct_tp,421.8,8.158431221748456
oov_regime,device_cluster|p=0.75|novel,lik_best_top1pct_precision,0.8352475247524753,0.01615530934999692
oov_regime,device_cluster|p=0.75,delta_mp_minus_likbest_roc_point,0.09387250400000006,0.013617301342309453
oov_regime,device_cluster|p=0.75,delta_mp_minus_likbest_roc_ci_lower_min,0.05727388125990248,
oov_regime,device_cluster|p=0.75,delta_mp_minus_likbest_pr_point,0.1351905669131875,0.01708058054707936
oov_regime,device_cluster|p=0.75,delta_mp_minus_likbest_pr_ci_lower_min,0.07703895225504252,
oov_regime,device_cluster|p=0.75,delta_mp_minus_nosub_roc_point,-0.0008627759999999763,0.0009387754626873781
oov_regime,device_cluster|p=0.75,delta_mp_minus_nosub_pr_point,-0.048534082342363186,0.0104710195429269
oov_regime,device_cluster|p=1.00|spoof_k1,lik_lam0.5_roc_auc,0.988167228,0.002236259480886782
oov_regime,device_cluster|p=1.00|spoof_k1,lik_lam0.5_pr_auc,0.8076347141315996,0.03605034984055431
oov_regime,device_cluster|p=1.00|spoof_k1,lik_lam0.5_top1pct_tp,365.0,22.262075374951007
oov_regime,device_cluster|p=1.00|spoof_k1,lik_lam0.5_top1pct_precision,0.7227722772277227,0.04408331757416041
oov_regime,device_cluster|p=1.00|spoof_k1,lik_lam0.9_roc_auc,0.9988508360000001,0.0005915647938678832
oov_regime,device_cluster|p=1.00|spoof_k1,lik_lam0.9_pr_auc,0.9856681463524367,0.001993503035456005
oov_regime,device_cluster|p=1.00|spoof_k1,lik_lam0.9_top1pct_tp,484.6,1.3564659966250538
oov_regime,device_cluster|p=1.00|spoof_k1,lik_lam0.9_top1pct_precision,0.9596039603960396,0.002686071280445653
oov_regime,device_cluster|p=1.00|spoof_k1,lik_lam1.0_roc_auc,0.999351284,0.000527528885639411
oov_regime,device_cluster|p=1.00|spoof_k1,lik_lam1.0_pr_auc,0.9930769112390374,0.0028433637756230487
oov_regime,device_cluster|p=1.00|spoof_k1,lik_lam1.0_top1pct_tp,493.0,2.6076809620810595
oov_regime,device_cluster|p=1.00|spoof_k1,lik_lam1.0_top1pct_precision,0.9762376237623762,0.005163724677388242
oov_regime,device_cluster|p=1.00|spoof_k1,mp_nosub_roc_auc,0.997712916,0.0032114073191271968
oov_regime,device_cluster|p=1.00|spoof_k1,mp_nosub_pr_auc,0.9954502545400619,0.0034752916978182547
oov_regime,device_cluster|p=1.00|spoof_k1,mp_nosub_top1pct_tp,495.0,4.2895221179054435
oov_regime,device_cluster|p=1.00|spoof_k1,mp_nosub_top1pct_precision,0.9801980198019802,0.008494103203773163
oov_regime,device_cluster|p=1.00|spoof_k1,mp_raw_roc_auc,0.9985355200000001,0.001166941050644777
oov_regime,device_cluster|p=1.00|spoof_k1,mp_raw_pr_auc,0.969444277156492,0.010596062563200337
oov_regime,device_cluster|p=1.00|spoof_k1,mp_raw_top1pct_tp,469.0,8.78635305459552
oov_regime,device_cluster|p=1.00|spoof_k1,mp_raw_top1pct_precision,0.9287128712871286,0.017398718919991087
oov_regime,device_cluster|p=1.00|spoof_k1,trivial_roc_auc,0.5,0.0
oov_regime,device_cluster|p=1.00|spoof_k1,trivial_pr_auc,0.009900990099009901,0.0
oov_regime,device_cluster|p=1.00|spoof_k1,trivial_top1pct_tp,4.8,2.3151673805580453
oov_regime,device_cluster|p=1.00|spoof_k1,trivial_top1pct_precision,0.009504950495049505,0.004584489862491178
oov_regime,device_cluster|p=1.00|spoof_k1,two_stage_roc_auc,0.9985355200000001,0.001166941050644777
oov_regime,device_cluster|p=1.00|spoof_k1,two_stage_pr_auc,0.969444277156492,0.010596062563200337
oov_regime,device_cluster|p=1.00|spoof_k1,two_stage_top1pct_tp,469.0,8.78635305459552
oov_regime,device_cluster|p=1.00|spoof_k1,two_stage_top1pct_precision,0.9287128712871286,0.017398718919991087
oov_regime,device_cluster|p=1.00|spoof_k1,lik_best_roc_auc,0.999351284,0.000527528885639411
oov_regime,device_cluster|p=1.00|spoof_k1,lik_best_pr_auc,0.9930769112390374,0.0028433637756230487
oov_regime,device_cluster|p=1.00|spoof_k1,lik_best_top1pct_tp,493.0,2.6076809620810595
oov_regime,device_cluster|p=1.00|spoof_k1,lik_best_top1pct_precision,0.9762376237623762,0.005163724677388242
oov_regime,device_cluster|p=1.00|spoof_k2,lik_lam0.5_roc_auc,0.9896667999999998,0.002764100031851243
oov_regime,device_cluster|p=1.00|spoof_k2,lik_lam0.5_pr_auc,0.8153633993967546,0.045936953009880294
oov_regime,device_cluster|p=1.00|spoof_k2,lik_lam0.5_top1pct_tp,368.2,26.49830183238164
oov_regime,device_cluster|p=1.00|spoof_k2,lik_lam0.5_top1pct_precision,0.7291089108910891,0.05247188481659731
oov_regime,device_cluster|p=1.00|spoof_k2,lik_lam0.9_roc_auc,0.99887996,0.0011221433161232059
oov_regime,device_cluster|p=1.00|spoof_k2,lik_lam0.9_pr_auc,0.9867793616514785,0.005399930071552227
oov_regime,device_cluster|p=1.00|spoof_k2,lik_lam0.9_top1pct_tp,485.8,3.6551333764994123
oov_regime,device_cluster|p=1.00|spoof_k2,lik_lam0.9_top1pct_precision,0.961980198019802,0.00723788787425627
oov_regime,device_cluster|p=1.00|spoof_k2,lik_lam1.0_roc_auc,0.9992406600000001,0.0006599297069233959
oov_regime,device_cluster|p=1.00|spoof_k2,lik_lam1.0_pr_auc,0.9934126677574262,0.004435067867418505
oov_regime,device_cluster|p=1.00|spoof_k2,lik_lam1.0_top1pct_tp,492.8,3.3105890714493693
oov_regime,device_cluster|p=1.00|spoof_k2,lik_lam1.0_top1pct_precision,0.9758415841584158,0.006555621923662124
oov_regime,device_cluster|p=1.00|spoof_k2,mp_nosub_roc_auc,0.997787328,0.0021171241557773864
oov_regime,device_cluster|p=1.00|spoof_k2,mp_nosub_pr_auc,0.9963781276121957,0.003570657086561039
oov_regime,device_cluster|p=1.00|spoof_k2,mp_nosub_top1pct_tp,495.2,4.534313619501853
oov_regime,device_cluster|p=1.00|spoof_k2,mp_nosub_top1pct_precision,0.9805940594059406,0.008978838850498728
oov_regime,device_cluster|p=1.00|spoof_k2,mp_raw_roc_auc,0.9990499959999999,0.0008196578957004108
oov_regime,device_cluster|p=1.00|spoof_k2,mp_raw_pr_auc,0.9866576961891835,0.00843954950579621
oov_regime,device_cluster|p=1.00|spoof_k2,mp_raw_top1pct_tp,485.2,6.144916598294887
oov_regime,device_cluster|p=1.00|spoof_k2,mp_raw_top1pct_precision,0.9607920792079208,0.012168151679791867
oov_regime,device_cluster|p=1.00|spoof_k2,trivial_roc_auc,0.5,0.0
oov_regime,device_cluster|p=1.00|spoof_k2,trivial_pr_auc,0.009900990099009901,0.0
oov_regime,device_cluster|p=1.00|spoof_k2,trivial_top1pct_tp,4.8,2.3151673805580453
oov_regime,device_cluster|p=1.00|spoof_k2,trivial_top1pct_precision,0.009504950495049505,0.004584489862491178
oov_regime,device_cluster|p=1.00|spoof_k2,two_stage_roc_auc,0.9990499959999999,0.0008196578957004108
oov_regime,device_cluster|p=1.00|spoof_k2,two_stage_pr_auc,0.9866576961891835,0.00843954950579621
oov_regime,device_cluster|p=1.00|spoof_k2,two_stage_top1pct_tp,485.2,6.144916598294887
oov_regime,device_cluster|p=1.00|spoof_k2,two_stage_top1pct_precision,0.9607920792079208,0.012168151679791867
oov_regime,device_cluster|p=1.00|spoof_k2,lik_best_roc_auc,0.9992406600000001,0.0006599297069233959
oov_regime,device_cluster|p=1.00|spoof_k2,lik_best_pr_auc,0.9934126677574262,0.004435067867418505
oov_regime,device_cluster|p=1.00|spoof_k2,lik_best_top1pct_tp,492.8,3.3105890714493693
oov_regime,device_cluster|p=1.00|spoof_k2,lik_best_top1pct_precision,0.9758415841584158,0.006555621923662124
oov_regime,device_cluster|p=1.00|novel,lik_lam0.5_roc_auc,0.9899934479999999,0.0013782355406010837
oov_regime,device_cluster|p=1.00|novel,lik_lam0.5_pr_auc,0.8115748573076516,0.03679616909884368
oov_regime,device_cluster|p=1.00|novel,lik_lam0.5_top1pct_tp,368.8,24.489997958350262
oov_regime,device_cluster|p=1.00|novel,lik_lam0.5_top1pct_precision,0.7302970297029703,0.04849504546207973
oov_regime,device_cluster|p=1.00|novel,lik_lam0.9_roc_auc,0.9997442880000001,0.00013338737427511348
oov_regime,device_cluster|p=1.00|novel,lik_lam0.9_pr_auc,0.9895331191128207,0.00403489041568487
oov_regime,device_cluster|p=1.00|novel,lik_lam0.9_top1pct_tp,487.0,3.521363372331802
oov_regime,device_cluster|p=1.00|novel,lik_lam0.9_top1pct_precision,0.9643564356435643,0.006972996776894663
oov_regime,device_cluster|p=1.00|novel,lik_lam1.0_roc_auc,0.999954568,3.8868651841838964e-05
oov_regime,device_cluster|p=1.00|novel,lik_lam1.0_pr_auc,0.9979076764534209,0.0016172559389633987
oov_regime,device_cluster|p=1.00|novel,lik_lam1.0_top1pct_tp,496.4,2.154065922853802
oov_regime,device_cluster|p=1.00|novel,lik_lam1.0_top1pct_precision,0.982970297029703,0.004265477074958027
oov_regime,device_cluster|p=1.00|novel,mp_nosub_roc_auc,0.999997184,1.988704100681703e-06
oov_regime,device_cluster|p=1.00|novel,mp_nosub_pr_auc,0.9997370705828896,0.000184846960846539
oov_regime,device_cluster|p=1.00|novel,mp_nosub_top1pct_tp,497.6,1.7435595774162693
oov_regime,device_cluster|p=1.00|novel,mp_nosub_top1pct_precision,0.9853465346534653,0.003452593222606477
oov_regime,device_cluster|p=1.00|novel,mp_raw_roc_auc,0.9996064839999999,0.00010986128883278699
oov_regime,device_cluster|p=1.00|novel,mp_raw_pr_auc,0.9903219332030512,0.004567423448510482
oov_regime,device_cluster|p=1.00|novel,mp_raw_top1pct_tp,487.2,4.06939798987516
oov_regime,device_cluster|p=1.00|novel,mp_raw_top1pct_precision,0.9647524752475247,0.008058213841336958
oov_regime,device_cluster|p=1.00|novel,trivial_roc_auc,0.5,0.0
oov_regime,device_cluster|p=1.00|novel,trivial_pr_auc,0.009900990099009901,0.0
oov_regime,device_cluster|p=1.00|novel,trivial_top1pct_tp,4.8,2.3151673805580453
oov_regime,device_cluster|p=1.00|novel,trivial_top1pct_precision,0.009504950495049505,0.004584489862491178
oov_regime,device_cluster|p=1.00|novel,two_stage_roc_auc,0.9996064839999999,0.00010986128883278699
oov_regime,device_cluster|p=1.00|novel,two_stage_pr_auc,0.9903219332030512,0.004567423448510482
oov_regime,device_cluster|p=1.00|novel,two_stage_top1pct_tp,487.2,4.06939798987516
oov_regime,device_cluster|p=1.00|novel,two_stage_top1pct_precision,0.9647524752475247,0.008058213841336958
oov_regime,device_cluster|p=1.00|novel,lik_best_roc_auc,0.999954568,3.8868651841838964e-05
oov_regime,device_cluster|p=1.00|novel,lik_best_pr_auc,0.9979076764534209,0.0016172559389633987
oov_regime,device_cluster|p=1.00|novel,lik_best_top1pct_tp,496.4,2.154065922853802
oov_regime,device_cluster|p=1.00|novel,lik_best_top1pct_precision,0.982970297029703,0.004265477074958027
oov_regime,device_cluster|p=1.00,delta_mp_minus_likbest_roc_point,-0.0008157639999999855,0.0007760235489622728
oov_regime,device_cluster|p=1.00,delta_mp_minus_likbest_roc_ci_lower_min,-0.0031714871880072935,
oov_regime,device_cluster|p=1.00,delta_mp_minus_likbest_pr_point,-0.0236326340825455,0.008702267617146082
oov_regime,device_cluster|p=1.00,delta_mp_minus_likbest_pr_ci_lower_min,-0.0449306078906187,
oov_regime,device_cluster|p=1.00,delta_mp_minus_nosub_roc_point,0.0008226040000000268,0.002175081711472901
oov_regime,device_cluster|p=1.00,delta_mp_minus_nosub_pr_point,-0.026005977383570068,0.007539181423204518
oov_regime,geo_device|p=0.00|spoof_k1,lik_lam0.5_roc_auc,0.9669125839999999,0.0088641018738045
oov_regime,geo_device|p=0.00|spoof_k1,lik_lam0.5_pr_auc,0.5356621293660782,0.0198646874001251
oov_regime,geo_device|p=0.00|spoof_k1,lik_lam0.5_top1pct_tp,264.2,11.685888926393234
oov_regime,geo_device|p=0.00|spoof_k1,lik_lam0.5_top1pct_precision,0.5231683168316832,0.023140374111669793
oov_regime,geo_device|p=0.00|spoof_k1,lik_lam0.9_roc_auc,0.988883568,0.002021079613655987
oov_regime,geo_device|p=0.00|spoof_k1,lik_lam0.9_pr_auc,0.6966340703462329,0.035840491032414844
oov_regime,geo_device|p=0.00|spoof_k1,lik_lam0.9_top1pct_tp,325.6,20.34305778392226
oov_regime,geo_device|p=0.00|spoof_k1,lik_lam0.9_top1pct_precision,0.6447524752475247,0.04028328274044012
oov_regime,geo_device|p=0.00|spoof_k1,lik_lam1.0_roc_auc,0.9919063359999999,0.0013027435443340668
oov_regime,geo_device|p=0.00|spoof_k1,lik_lam1.0_pr_auc,0.7641726569801057,0.035146396708273485
oov_regime,geo_device|p=0.00|spoof_k1,lik_lam1.0_top1pct_tp,366.0,14.926486525636232
oov_regime,geo_device|p=0.00|spoof_k1,lik_lam1.0_top1pct_precision,0.7247524752475247,0.029557399060665793
oov_regime,geo_device|p=0.00|spoof_k1,mp_nosub_roc_auc,0.9958038,0.0012047636756807973
oov_regime,geo_device|p=0.00|spoof_k1,mp_nosub_pr_auc,0.9136325689878021,0.02203649490324829
oov_regime,geo_device|p=0.00|spoof_k1,mp_nosub_top1pct_tp,431.0,17.977764043395386
oov_regime,geo_device|p=0.00|spoof_k1,mp_nosub_top1pct_precision,0.8534653465346536,0.03559953275919877
oov_regime,geo_device|p=0.00|spoof_k1,mp_raw_roc_auc,0.990850352,0.0020151824840286786
oov_regime,geo_device|p=0.00|spoof_k1,mp_raw_pr_auc,0.8373243229044649,0.040320466377942475
oov_regime,geo_device|p=0.00|spoof_k1,mp_raw_top1pct_tp,389.2,25.498235233050934
oov_regime,geo_device|p=0.00|spoof_k1,mp_raw_top1pct_precision,0.7706930693069307,0.05049155491693252
oov_regime,geo_device|p=0.00|spoof_k1,trivial_roc_auc,0.950854,0.005316858470939408
oov_regime,geo_device|p=0.00|spoof_k1,trivial_pr_auc,0.1084539177028778,0.0033168239014928886
oov_regime,geo_device|p=0.00|spoof_k1,trivial_top1pct_tp,55.4,4.963869458396342
oov_regime,geo_device|p=0.00|spoof_k1,trivial_top1pct_precision,0.10970297029702972,0.009829444472071965
oov_regime,geo_device|p=0.00|spoof_k1,two_stage_roc_auc,0.986709408,0.005261515259414933
oov_regime,geo_device|p=0.00|spoof_k1,two_stage_pr_auc,0.8659466909833572,0.031146882869976418
oov_regime,geo_device|p=0.00|spoof_k1,two_stage_top1pct_tp,398.8,23.111901695879553
oov_regime,geo_device|p=0.00|spoof_k1,two_stage_top1pct_precision,0.7897029702970297,0.045766141972038724
oov_regime,geo_device|p=0.00|spoof_k1,lik_best_roc_auc,0.9919063359999999,0.0013027435443340668
oov_regime,geo_device|p=0.00|spoof_k1,lik_best_pr_auc,0.7641726569801057,0.035146396708273485
oov_regime,geo_device|p=0.00|spoof_k1,lik_best_top1pct_tp,366.0,14.926486525636232
oov_regime,geo_device|p=0.00|spoof_k1,lik_best_top1pct_precision,0.7247524752475247,0.029557399060665793
oov_regime,geo_device|p=0.00|spoof_k2,lik_lam0.5_roc_auc,0.986511756,0.0023694283653707907
oov_regime,geo_device|p=0.00|spoof_k2,lik_lam0.5_pr_auc,0.7125835611834364,0.033889347072496884
oov_regime,geo_device|p=0.00|spoof_k2,lik_lam0.5_top1pct_tp,326.8,16.004999218994044
oov_regime,geo_device|p=0.00|spoof_k2,lik_lam0.5_top1pct_precision,0.6471287128712871,0.031693067760384275
oov_regime,geo_device|p=0.00|spoof_k2,lik_lam0.9_roc_auc,0.996889836,0.0007273355702452198
oov_regime,geo_device|p=0.00|spoof_k2,lik_lam0.9_pr_auc,0.9035186237485782,0.01540897894096504
oov_regime,geo_device|p=0.00|spoof_k2,lik_lam0.9_top1pct_tp,420.2,8.795453370918407
oov_regime,geo_device|p=0.00|spoof_k2,lik_lam0.9_top1pct_precision,0.8320792079207922,0.017416739348353263
oov_regime,geo_device|p=0.00|spoof_k2,lik_lam1.0_roc_auc,0.9975827479999999,0.0008053769879603224
oov_regime,geo_device|p=0.00|spoof_k2,lik_lam1.0_pr_auc,0.9309826271887648,0.01166642728353674
oov_regime,geo_device|p=0.00|spoof_k2,lik_lam1.0_top1pct_tp,437.8,7.11055553385247
oov_regime,geo_device|p=0.00|spoof_k2,lik_lam1.0_top1pct_precision,0.866930693069307,0.014080307987826689
oov_regime,geo_device|p=0.00|spoof_k2,mp_nosub_roc_auc,0.9983180919999999,0.0009847006903297387
oov_regime,geo_device|p=0.00|spoof_k2,mp_nosub_pr_auc,0.9656282417903002,0.013390907742667801
oov_regime,geo_device|p=0.00|spoof_k2,mp_nosub_top1pct_tp,465.4,11.943198901466893
oov_regime,geo_device|p=0.00|spoof_k2,mp_nosub_top1pct_precision,0.9215841584158415,0.02364989881478591
oov_regime,geo_device|p=0.00|spoof_k2,mp_raw_roc_auc,0.9965295160000001,0.0015569424887721746
oov_regime,geo_device|p=0.00|spoof_k2,mp_raw_pr_auc,0.9356360962416519,0.021926291088746445
oov_regime,geo_device|p=0.00|spoof_k2,mp_raw_top1pct_tp,445.8,14.386104406683554
oov_regime,geo_device|p=0.00|spoof_k2,mp_raw_top1pct_precision,0.8827722772277229,0.028487335458779343
oov_regime,geo_device|p=0.00|spoof_k2,trivial_roc_auc,0.950454,0.0038642184203277093
oov_regime,geo_device|p=0.00|spoof_k2,trivial_pr_auc,0.10827154864857809,0.0023125392833686234
oov_regime,geo_device|p=0.00|spoof_k2,trivial_top1pct_tp,56.0,6.2289646009589745
oov_regime,geo_device|p=0.00|spoof_k2,trivial_top1pct_precision,0.1108910891089109,0.012334583368235594
oov_regime,geo_device|p=0.00|spoof_k2,two_stage_roc_auc,0.988107304,0.0043813654196361955
oov_regime,geo_device|p=0.00|spoof_k2,two_stage_pr_auc,0.935609075902002,0.02221993902732873
oov_regime,geo_device|p=0.00|spoof_k2,two_stage_top1pct_tp,445.6,15.818975946628154
oov_regime,geo_device|p=0.00|spoof_k2,two_stage_top1pct_precision,0.8823762376237625,0.031324704844808246
oov_regime,geo_device|p=0.00|spoof_k2,lik_best_roc_auc,0.9975827479999999,0.0008053769879603224
oov_regime,geo_device|p=0.00|spoof_k2,lik_best_pr_auc,0.9309826271887648,0.01166642728353674
oov_regime,geo_device|p=0.00|spoof_k2,lik_best_top1pct_tp,437.8,7.11055553385247
oov_regime,geo_device|p=0.00|spoof_k2,lik_best_top1pct_precision,0.866930693069307,0.014080307987826689
oov_regime,geo_device|p=0.00|novel,lik_lam0.5_roc_auc,0.9847515120000001,0.002376699771754114
oov_regime,geo_device|p=0.00|novel,lik_lam0.5_pr_auc,0.7029443055764453,0.021969690086299298
oov_regime,geo_device|p=0.00|novel,lik_lam0.5_top1pct_tp,324.6,13.57350360076572
oov_regime,geo_device|p=0.00|novel,lik_lam0.5_top1pct_precision,0.6427722772277228,0.026878224952011354
oov_regime,geo_device|p=0.00|novel,lik_lam0.9_roc_auc,0.9966318639999999,0.0006376206157771363
oov_regime,geo_device|p=0.00|novel,lik_lam0.9_pr_auc,0.9029722453023992,0.016735408594111843
oov_regime,geo_device|p=0.00|novel,lik_lam0.9_top1pct_tp,417.6,9.624967532412771
oov_regime,geo_device|p=0.00|novel,lik_lam0.9_top1pct_precision,0.826930693069307,0.0190593416483421
oov_regime,geo_device|p=0.00|novel,lik_lam1.0_roc_auc,0.9977842880000001,0.0004781175377832918
oov_regime,geo_device|p=0.00|novel,lik_lam1.0_pr_auc,0.9344324007210265,0.01335982067582485
oov_regime,geo_device|p=0.00|novel,lik_lam1.0_top1pct_tp,439.6,9.068627239003707
oov_regime,geo_device|p=0.00|novel,lik_lam1.0_top1pct_precision,0.8704950495049506,0.017957677700997456
oov_regime,geo_device|p=0.00|novel,mp_nosub_roc_auc,0.998942456,0.0005709389345139941
oov_regime,geo_device|p=0.00|novel,mp_nosub_pr_auc,0.9725637251086457,0.011738882968591593
oov_regime,geo_device|p=0.00|novel,mp_nosub_top1pct_tp,469.2,12.4
oov_regime,geo_device|p=0.00|novel,mp_nosub_top1pct_precision,0.929108910891089,0.024554455445544524
oov_regime,geo_device|p=0.00|novel,mp_raw_roc_auc,0.9974559359999999,0.0010282343927645735
oov_regime,geo_device|p=0.00|novel,mp_raw_pr_auc,0.9415517375570964,0.020875168839602113
oov_regime,geo_device|p=0.00|novel,mp_raw_top1pct_tp,446.0,13.62350909274112
oov_regime,geo_device|p=0.00|novel,mp_raw_top1pct_precision,0.8831683168316833,0.026977245728200264
oov_regime,geo_device|p=0.00|novel,trivial_roc_auc,0.951854,0.0029238645659469664
oov_regime,geo_device|p=0.00|novel,trivial_pr_auc,0.10883457455220986,0.0024826749885397364
oov_regime,geo_device|p=0.00|novel,trivial_top1pct_tp,55.8,6.368673331236263
oov_regime,geo_device|p=0.00|novel,trivial_top1pct_precision,0.11049504950495051,0.012611234319279728
oov_regime,geo_device|p=0.00|novel,two_stage_roc_auc,0.989840908,0.00263680370186637
oov_regime,geo_device|p=0.00|novel,two_stage_pr_auc,0.9431841419105529,0.017047214194271517
oov_regime,geo_device|p=0.00|novel,two_stage_top1pct_tp,448.6,14.759403781996076
oov_regime,geo_device|p=0.00|novel,two_stage_top1pct_precision,0.8883168316831684,0.029226542142566512
oov_regime,geo_device|p=0.00|novel,lik_best_roc_auc,0.9977842880000001,0.0004781175377832918
oov_regime,geo_device|p=0.00|novel,lik_best_pr_auc,0.9344324007210265,0.01335982067582485
oov_regime,geo_device|p=0.00|novel,lik_best_top1pct_tp,439.6,9.068627239003707
oov_regime,geo_device|p=0.00|novel,lik_best_top1pct_precision,0.8704950495049506,0.017957677700997456
oov_regime,geo_device|p=0.00,delta_mp_minus_likbest_roc_point,-0.0010559839999999543,0.0018743622867055253
oov_regime,geo_device|p=0.00,delta_mp_minus_likbest_roc_ci_lower_min,-0.004958134019649121,
oov_regime,geo_device|p=0.00,delta_mp_minus_likbest_pr_point,0.07315166592435918,0.04134376182788665
oov_regime,geo_device|p=0.00,delta_mp_minus_likbest_pr_ci_lower_min,-0.019113835940348885,
oov_regime,geo_device|p=0.00,delta_mp_minus_nosub_roc_point,-0.004953447999999927,0.0010079126013381391
oov_regime,geo_device|p=0.00,delta_mp_minus_nosub_pr_point,-0.07630824608333711,0.025998724985579976
oov_regime,geo_device|p=0.10|spoof_k1,lik_lam0.5_roc_auc,0.8782242759999999,0.006367199666307307
oov_regime,geo_device|p=0.10|spoof_k1,lik_lam0.5_pr_auc,0.038108283493715145,0.0012801682711938273
oov_regime,geo_device|p=0.10|spoof_k1,lik_lam0.5_top1pct_tp,5.4,2.65329983228432
oov_regime,geo_device|p=0.10|spoof_k1,lik_lam0.5_top1pct_precision,0.010693069306930694,0.005254059073830337
oov_regime,geo_device|p=0.10|spoof_k1,lik_lam0.9_roc_auc,0.8958271959999999,0.0014903238233564737
oov_regime,geo_device|p=0.10|spoof_k1,lik_lam0.9_pr_auc,0.04300015406461103,0.0005535234629094937
oov_regime,geo_device|p=0.10|spoof_k1,lik_lam0.9_top1pct_tp,5.4,2.65329983228432
oov_regime,geo_device|p=0.10|spoof_k1,lik_lam0.9_top1pct_precision,0.010693069306930694,0.005254059073830337
oov_regime,geo_device|p=0.10|spoof_k1,lik_lam1.0_roc_auc,0.8982688120000001,0.0016228390183428325
oov_regime,geo_device|p=0.10|spoof_k1,lik_lam1.0_pr_auc,0.044127427985060405,0.000530621222242427
oov_regime,geo_device|p=0.10|spoof_k1,lik_lam1.0_top1pct_tp,5.4,2.65329983228432
oov_regime,geo_device|p=0.10|spoof_k1,lik_lam1.0_top1pct_precision,0.010693069306930694,0.005254059073830337
oov_regime,geo_device|p=0.10|spoof_k1,mp_nosub_roc_auc,0.972118748,0.0038080722240125403
oov_regime,geo_device|p=0.10|spoof_k1,mp_nosub_pr_auc,0.5113979844924927,0.08126123637317094
oov_regime,geo_device|p=0.10|spoof_k1,mp_nosub_top1pct_tp,247.0,26.472627372438875
oov_regime,geo_device|p=0.10|spoof_k1,mp_nosub_top1pct_precision,0.4891089108910891,0.05242104430185915
oov_regime,geo_device|p=0.10|spoof_k1,mp_raw_roc_auc,0.9685564679999998,0.0032839229144082317
oov_regime,geo_device|p=0.10|spoof_k1,mp_raw_pr_auc,0.44096949628561893,0.07273410688096335
oov_regime,geo_device|p=0.10|spoof_k1,mp_raw_top1pct_tp,229.2,29.191779664830303
oov_regime,geo_device|p=0.10|spoof_k1,mp_raw_top1pct_precision,0.4538613861386138,0.05780550428679269
oov_regime,geo_device|p=0.10|spoof_k1,trivial_roc_auc,0.9062240000000001,0.005425737184936278
oov_regime,geo_device|p=0.10|spoof_k1,trivial_pr_auc,0.053627463641598705,0.0011726555329814859
oov_regime,geo_device|p=0.10|spoof_k1,trivial_top1pct_tp,27.4,5.388877434122992
oov_regime,geo_device|p=0.10|spoof_k1,trivial_top1pct_precision,0.054257425742574264,0.010671044424005925
oov_regime,geo_device|p=0.10|spoof_k1,two_stage_roc_auc,0.965970856,0.006194495468803221
oov_regime,geo_device|p=0.10|spoof_k1,two_stage_pr_auc,0.43589992069423744,0.06815871353368562
oov_regime,geo_device|p=0.10|spoof_k1,two_stage_top1pct_tp,225.8,27.730128019899222
oov_regime,geo_device|p=0.10|spoof_k1,two_stage_top1pct_precision,0.4471287128712871,0.05491114459385986
oov_regime,geo_device|p=0.10|spoof_k1,lik_best_roc_auc,0.8982688120000001,0.0016228390183428325
oov_regime,geo_device|p=0.10|spoof_k1,lik_best_pr_auc,0.044127427985060405,0.000530621222242427
oov_regime,geo_device|p=0.10|spoof_k1,lik_best_top1pct_tp,5.4,2.65329983228432
oov_regime,geo_device|p=0.10|spoof_k1,lik_best_top1pct_precision,0.010693069306930694,0.005254059073830337
oov_regime,geo_device|p=0.10|spoof_k2,lik_lam0.5_roc_auc,0.8932716880000001,0.0036370081253382287
oov_regime,geo_device|p=0.10|spoof_k2,lik_lam0.5_pr_auc,0.04242435516296224,0.0015291198497344599
oov_regime,geo_device|p=0.10|spoof_k2,lik_lam0.5_top1pct_tp,4.6,1.9595917942265424
oov_regime,geo_device|p=0.10|spoof_k2,lik_lam0.5_top1pct_precision,0.00910891089108911,0.003880379790547609
oov_regime,geo_device|p=0.10|spoof_k2,lik_lam0.9_roc_auc,0.9015503280000001,0.001918137206212351
oov_regime,geo_device|p=0.10|spoof_k2,lik_lam0.9_pr_auc,0.0458113541871031,0.0009443154922883195
oov_regime,geo_device|p=0.10|spoof_k2,lik_lam0.9_top1pct_tp,4.6,1.9595917942265424
oov_regime,geo_device|p=0.10|spoof_k2,lik_lam0.9_top1pct_precision,0.00910891089108911,0.003880379790547609
oov_regime,geo_device|p=0.10|spoof_k2,lik_lam1.0_roc_auc,0.9021698,0.0018792161035921606
oov_regime,geo_device|p=0.10|spoof_k2,lik_lam1.0_pr_auc,0.046158973357245975,0.00090469610737393
oov_regime,geo_device|p=0.10|spoof_k2,lik_lam1.0_top1pct_tp,4.8,1.6
oov_regime,geo_device|p=0.10|spoof_k2,lik_lam1.0_top1pct_precision,0.009504950495049506,0.003168316831683168
oov_regime,geo_device|p=0.10|spoof_k2,mp_nosub_roc_auc,0.983944316,0.0036931767466700373
oov_regime,geo_device|p=0.10|spoof_k2,mp_nosub_pr_auc,0.6887826264804902,0.0656006176053117
oov_regime,geo_device|p=0.10|spoof_k2,mp_nosub_top1pct_tp,323.2,19.177069640588993
oov_regime,geo_device|p=0.10|spoof_k2,mp_nosub_top1pct_precision,0.64,0.037974395327898994
oov_regime,geo_device|p=0.10|spoof_k2,mp_raw_roc_auc,0.9854908919999998,0.0037667713096624484
oov_regime,geo_device|p=0.10|spoof_k2,mp_raw_pr_auc,0.6570926302701416,0.05697864077917251
oov_regime,geo_device|p=0.10|spoof_k2,mp_raw_top1pct_tp,304.6,20.185143051264216
oov_regime,geo_device|p=0.10|spoof_k2,mp_raw_top1pct_precision,0.6031683168316833,0.0399705802995331
oov_regime,geo_device|p=0.10|spoof_k2,trivial_roc_auc,0.904752,0.003722485191374163
oov_regime,geo_device|p=0.10|spoof_k2,trivial_pr_auc,0.05316596940055866,0.001115724065982307
oov_regime,geo_device|p=0.10|spoof_k2,trivial_top1pct_tp,27.6,5.9531504264548865
oov_regime,geo_device|p=0.10|spoof_k2,trivial_top1pct_precision,0.05465346534653466,0.011788416686049283
oov_regime,geo_device|p=0.10|spoof_k2,two_stage_roc_auc,0.97746806,0.005517884015859765
oov_regime,geo_device|p=0.10|spoof_k2,two_stage_pr_auc,0.6430241734141007,0.056909204494084424
oov_regime,geo_device|p=0.10|spoof_k2,two_stage_top1pct_tp,300.0,20.356817039999154
oov_regime,geo_device|p=0.10|spoof_k2,two_stage_top1pct_precision,0.5940594059405941,0.04031052879207754
oov_regime,geo_device|p=0.10|spoof_k2,lik_best_roc_auc,0.9021698,0.0018792161035921606
oov_regime,geo_device|p=0.10|spoof_k2,lik_best_pr_auc,0.046158973357245975,0.00090469610737393
oov_regime,geo_device|p=0.10|spoof_k2,lik_best_top1pct_tp,4.8,1.6
oov_regime,geo_device|p=0.10|spoof_k2,lik_best_top1pct_precision,0.009504950495049506,0.003168316831683168
oov_regime,geo_device|p=0.10|novel,lik_lam0.5_roc_auc,0.8926505600000001,0.0020458849626701966
oov_regime,geo_device|p=0.10|novel,lik_lam0.5_pr_auc,0.04242009455829378,0.0007971710504909802
oov_regime,geo_device|p=0.10|novel,lik_lam0.5_top1pct_tp,3.6,1.2000000000000002
oov_regime,geo_device|p=0.10|novel,lik_lam0.5_top1pct_precision,0.007128712871287128,0.002376237623762376
oov_regime,geo_device|p=0.10|novel,lik_lam0.9_roc_auc,0.902486328,0.0009219500943196535
oov_regime,geo_device|p=0.10|novel,lik_lam0.9_pr_auc,0.04617867620162964,0.0004338228281255694
oov_regime,geo_device|p=0.10|novel,lik_lam0.9_top1pct_tp,3.8,1.16619037896906
oov_regime,geo_device|p=0.10|novel,lik_lam0.9_top1pct_precision,0.0075247524752475245,0.0023092878791466536
oov_regime,geo_device|p=0.10|novel,lik_lam1.0_roc_auc,0.9034804799999998,0.0009635932213128066
oov_regime,geo_device|p=0.10|novel,lik_lam1.0_pr_auc,0.04668906133315816,0.00044547937000249585
oov_regime,geo_device|p=0.10|novel,lik_lam1.0_top1pct_tp,4.0,1.4142135623730951
oov_regime,geo_device|p=0.10|novel,lik_lam1.0_top1pct_precision,0.007920792079207921,0.002800422895788307
oov_regime,geo_device|p=0.10|novel,mp_nosub_roc_auc,0.9846255039999999,0.0019102068044020795
oov_regime,geo_device|p=0.10|novel,mp_nosub_pr_auc,0.6909636837475461,0.04863536765747168
oov_regime,geo_device|p=0.10|novel,mp_nosub_top1pct_tp,319.2,16.737980762326142
oov_regime,geo_device|p=0.10|novel,mp_nosub_top1pct_precision,0.6320792079207921,0.03314451636104189
oov_regime,geo_device|p=0.10|novel,mp_raw_roc_auc,0.9865275840000001,0.002431174981358581
oov_regime,geo_device|p=0.10|novel,mp_raw_pr_auc,0.6551974995699218,0.049443629325585596
oov_regime,geo_device|p=0.10|novel,mp_raw_top1pct_tp,302.0,22.80350850198276
oov_regime,geo_device|p=0.10|novel,mp_raw_top1pct_precision,0.5980198019801981,0.04515546238016389
oov_regime,geo_device|p=0.10|novel,trivial_roc_auc,0.906846,0.002606120488388817
oov_regime,geo_device|p=0.10|novel,trivial_pr_auc,0.0538319751159043,0.0007196632632191412
oov_regime,geo_device|p=0.10|novel,trivial_top1pct_tp,28.0,6.782329983125268
oov_regime,geo_device|p=0.10|novel,trivial_top1pct_precision,0.05544554455445545,0.013430356402228252
oov_regime,geo_device|p=0.10|novel,two_stage_roc_auc,0.9795431480000001,0.0031745920362427358
oov_regime,geo_device|p=0.10|novel,two_stage_pr_auc,0.643671951857604,0.04734371616657846
oov_regime,geo_device|p=0.10|novel,two_stage_top1pct_tp,297.6,22.059918404200864
oov_regime,geo_device|p=0.10|novel,two_stage_top1pct_precision,0.5893069306930694,0.04368300674099182
oov_regime,geo_device|p=0.10|novel,lik_best_roc_auc,0.9034804799999998,0.0009635932213128066
oov_regime,geo_device|p=0.10|novel,lik_best_pr_auc,0.04668906133315816,0.00044547937000249585
oov_regime,geo_device|p=0.10|novel,lik_best_top1pct_tp,4.0,1.4142135623730951
oov_regime,geo_device|p=0.10|novel,lik_best_top1pct_precision,0.007920792079207921,0.002800422895788307
oov_regime,geo_device|p=0.10,delta_mp_minus_likbest_roc_point,0.07028765599999993,0.003623683399556846
oov_regime,geo_device|p=0.10,delta_mp_minus_likbest_roc_ci_lower_min,0.05856753739759592,
oov_regime,geo_device|p=0.10,delta_mp_minus_likbest_pr_point,0.39684206830055857,0.07312954459009822
oov_regime,geo_device|p=0.10,delta_mp_minus_likbest_pr_ci_lower_min,0.22804827298745747,
oov_regime,geo_device|p=0.10,delta_mp_minus_nosub_roc_point,-0.0035622800000000288,0.004413070858184757
oov_regime,geo_device|p=0.10,delta_mp_minus_nosub_pr_point,-0.07042848820687371,0.031114358004502112
oov_regime,geo_device|p=0.25|spoof_k1,lik_lam0.5_roc_auc,0.7616201680000001,0.006723567546969036
oov_regime,geo_device|p=0.25|spoof_k1,lik_lam0.5_pr_auc,0.018968644042884304,0.0004780026040126972
oov_regime,geo_device|p=0.25|spoof_k1,lik_lam0.5_top1pct_tp,1.8,1.1661903789690604
oov_regime,geo_device|p=0.25|spoof_k1,lik_lam0.5_top1pct_precision,0.003564356435643565,0.0023092878791466536
oov_regime,geo_device|p=0.25|spoof_k1,lik_lam0.9_roc_auc,0.7743624720000001,0.0026511112551713565
oov_regime,geo_device|p=0.25|spoof_k1,lik_lam0.9_pr_auc,0.019971793090284608,0.00023964715757101912
oov_regime,geo_device|p=0.25|spoof_k1,lik_lam0.9_top1pct_tp,1.8,1.1661903789690604
oov_regime,geo_device|p=0.25|spoof_k1,lik_lam0.9_top1pct_precision,0.003564356435643565,0.0023092878791466536
oov_regime,geo_device|p=0.25|spoof_k1,lik_lam1.0_roc_auc,0.7761711840000001,0.002389495719231145
oov_regime,geo_device|p=0.25|spoof_k1,lik_lam1.0_pr_auc,0.020184969022819257,0.0002153692262373277
oov_regime,geo_device|p=0.25|spoof_k1,lik_lam1.0_top1pct_tp,1.8,1.1661903789690604
oov_regime,geo_device|p=0.25|spoof_k1,lik_lam1.0_top1pct_precision,0.003564356435643565,0.0023092878791466536
oov_regime,geo_device|p=0.25|spoof_k1,mp_nosub_roc_auc,0.926027532,0.007945718955629847
oov_regime,geo_device|p=0.25|spoof_k1,mp_nosub_pr_auc,0.3506702064999603,0.09032934361236782
oov_regime,geo_device|p=0.25|spoof_k1,mp_nosub_top1pct_tp,176.6,40.06295046548618
oov_regime,geo_device|p=0.25|spoof_k1,mp_nosub_top1pct_precision,0.34970297029702974,0.07933257517918058
oov_regime,geo_device|p=0.25|spoof_k1,mp_raw_roc_auc,0.923689212,0.007015896224153839
oov_regime,geo_device|p=0.25|spoof_k1,mp_raw_pr_auc,0.24655141348440218,0.0567733969614878
oov_regime,geo_device|p=0.25|spoof_k1,mp_raw_top1pct_tp,152.0,36.72056644443275
oov_regime,geo_device|p=0.25|spoof_k1,mp_raw_top1pct_precision,0.30099009900990104,0.07271399295927278
oov_regime,geo_device|p=0.25|spoof_k1,trivial_roc_auc,0.8372599999999999,0.0037533984600625694
oov_regime,geo_device|p=0.25|spoof_k1,trivial_pr_auc,0.030430307535858674,0.00040232571745873254
oov_regime,geo_device|p=0.25|spoof_k1,trivial_top1pct_tp,16.4,4.223742416388575
oov_regime,geo_device|p=0.25|spoof_k1,trivial_top1pct_precision,0.032475247524752476,0.008363846369086287
oov_regime,geo_device|p=0.25|spoof_k1,two_stage_roc_auc,0.92176748,0.006713147189245896
oov_regime,geo_device|p=0.25|spoof_k1,two_stage_pr_auc,0.24208305955433812,0.054549807292046296
oov_regime,geo_device|p=0.25|spoof_k1,two_stage_top1pct_tp,150.0,35.89428923937623
oov_regime,geo_device|p=0.25|spoof_k1,two_stage_top1pct_precision,0.29702970297029707,0.07107780047401233
oov_regime,geo_device|p=0.25|spoof_k1,lik_best_roc_auc,0.7761711840000001,0.002389495719231145
oov_regime,geo_device|p=0.25|spoof_k1,lik_best_pr_auc,0.020184969022819257,0.0002153692262373277
oov_regime,geo_device|p=0.25|spoof_k1,lik_best_top1pct_tp,1.8,1.1661903789690604
oov_regime,geo_device|p=0.25|spoof_k1,lik_best_top1pct_precision,0.003564356435643565,0.0023092878791466536
oov_regime,geo_device|p=0.25|spoof_k2,lik_lam0.5_roc_auc,0.7730100639999999,0.003263457692360078
oov_regime,geo_device|p=0.25|spoof_k2,lik_lam0.5_pr_auc,0.020012265612849023,0.0003611148100880072
oov_regime,geo_device|p=0.25|spoof_k2,lik_lam0.5_top1pct_tp,2.6,1.854723699099141
oov_regime,geo_device|p=0.25|spoof_k2,lik_lam0.5_top1pct_precision,0.005148514851485149,0.003672720196235922
oov_regime,geo_device|p=0.25|spoof_k2,lik_lam0.9_roc_auc,0.778782312,0.003246718677498262
oov_regime,geo_device|p=0.25|spoof_k2,lik_lam0.9_pr_auc,0.02055864583964972,0.0002742071993485339
oov_regime,geo_device|p=0.25|spoof_k2,lik_lam0.9_top1pct_tp,2.6,1.854723699099141
oov_regime,geo_device|p=0.25|spoof_k2,lik_lam0.9_top1pct_precision,0.005148514851485149,0.003672720196235922
oov_regime,geo_device|p=0.25|spoof_k2,lik_lam1.0_roc_auc,0.779376088,0.0033181426180946922
oov_regime,geo_device|p=0.25|spoof_k2,lik_lam1.0_pr_auc,0.020612171005288046,0.0002699831484428783
oov_regime,geo_device|p=0.25|spoof_k2,lik_lam1.0_top1pct_tp,2.6,1.854723699099141
oov_regime,geo_device|p=0.25|spoof_k2,lik_lam1.0_top1pct_precision,0.005148514851485149,0.003672720196235922
oov_regime,geo_device|p=0.25|spoof_k2,mp_nosub_roc_auc,0.94769028,0.00561816809848905
oov_regime,geo_device|p=0.25|spoof_k2,mp_nosub_pr_auc,0.5083660999092955,0.08178120848849571
oov_regime,geo_device|p=0.25|spoof_k2,mp_nosub_top1pct_tp,229.8,45.048418396210096
oov_regime,geo_device|p=0.25|spoof_k2,mp_nosub_top1pct_precision,0.455049504950495,0.08920478890338632
oov_regime,geo_device|p=0.25|spoof_k2,mp_raw_roc_auc,0.962038908,0.005510840679788916
oov_regime,geo_device|p=0.25|spoof_k2,mp_raw_pr_auc,0.44098674714531805,0.061900786986484074
oov_regime,geo_device|p=0.25|spoof_k2,mp_raw_top1pct_tp,219.2,26.64132128855474
oov_regime,geo_device|p=0.25|spoof_k2,mp_raw_top1pct_precision,0.4340594059405941,0.05275509166050445
oov_regime,geo_device|p=0.25|spoof_k2,trivial_roc_auc,0.837572,0.0020450075794480613
oov_regime,geo_device|p=0.25|spoof_k2,trivial_pr_auc,0.030558519997447152,0.00019391556770292388
oov_regime,geo_device|p=0.25|spoof_k2,trivial_top1pct_tp,17.2,4.354308211415448
oov_regime,geo_device|p=0.25|spoof_k2,trivial_top1pct_precision,0.03405940594059406,0.008622392497852372
oov_regime,geo_device|p=0.25|spoof_k2,two_stage_roc_auc,0.954314404,0.006365650682648609
oov_regime,geo_device|p=0.25|spoof_k2,two_stage_pr_auc,0.4292272643079954,0.060445333804366896
oov_regime,geo_device|p=0.25|spoof_k2,two_stage_top1pct_tp,214.4,26.956260868302934
oov_regime,geo_device|p=0.25|spoof_k2,two_stage_top1pct_precision,0.4245544554455446,0.05337873439267907
oov_regime,geo_device|p=0.25|spoof_k2,lik_best_roc_auc,0.779376088,0.0033181426180946922
oov_regime,geo_device|p=0.25|spoof_k2,lik_best_pr_auc,0.020612171005288046,0.0002699831484428783
oov_regime,geo_device|p=0.25|spoof_k2,lik_best_top1pct_tp,2.6,1.854723699099141
oov_regime,geo_device|p=0.25|spoof_k2,lik_best_top1pct_precision,0.005148514851485149,0.003672720196235922
oov_regime,geo_device|p=0.25|novel,lik_lam0.5_roc_auc,0.7732697959999999,0.0036776078305202514
oov_regime,geo_device|p=0.25|novel,lik_lam0.5_pr_auc,0.01997470982302634,0.00032628464114386834
oov_regime,geo_device|p=0.25|novel,lik_lam0.5_top1pct_tp,3.8,1.7204650534085253
oov_regime,geo_device|p=0.25|novel,lik_lam0.5_top1pct_precision,0.0075247524752475245,0.00340686149189807
oov_regime,geo_device|p=0.25|novel,lik_lam0.9_roc_auc,0.7799430760000001,0.0023540428608978554
oov_regime,geo_device|p=0.25|novel,lik_lam0.9_pr_auc,0.020632006499158237,0.00021297708479111748
oov_regime,geo_device|p=0.25|novel,lik_lam0.9_top1pct_tp,3.8,1.7204650534085253
oov_regime,geo_device|p=0.25|novel,lik_lam0.9_top1pct_precision,0.0075247524752475245,0.00340686149189807
oov_regime,geo_device|p=0.25|novel,lik_lam1.0_roc_auc,0.780543096,0.0022108094288708284
oov_regime,geo_device|p=0.25|novel,lik_lam1.0_pr_auc,0.020675204434303214,0.0001975474950716343
oov_regime,geo_device|p=0.25|novel,lik_lam1.0_top1pct_tp,3.8,1.7204650534085253
oov_regime,geo_device|p=0.25|novel,lik_lam1.0_top1pct_precision,0.0075247524752475245,0.00340686149189807
oov_regime,geo_device|p=0.25|novel,mp_nosub_roc_auc,0.949667204,0.006586543535997011
oov_regime,geo_device|p=0.25|novel,mp_nosub_pr_auc,0.5199294886336078,0.06802352721395713
oov_regime,geo_device|p=0.25|novel,mp_nosub_top1pct_tp,236.0,36.11094017053558
oov_regime,geo_device|p=0.25|novel,mp_nosub_top1pct_precision,0.4673267326732674,0.07150681221888233
oov_regime,geo_device|p=0.25|novel,mp_raw_roc_auc,0.9641300960000001,0.0035868212878904845
oov_regime,geo_device|p=0.25|novel,mp_raw_pr_auc,0.44195206023426614,0.05000511305454594
oov_regime,geo_device|p=0.25|novel,mp_raw_top1pct_tp,226.6,20.895932618574363
oov_regime,geo_device|p=0.25|novel,mp_raw_top1pct_precision,0.4487128712871288,0.04137808439321656
oov_regime,geo_device|p=0.25|novel,trivial_roc_auc,0.8400299999999999,0.0022781395918599558
oov_regime,geo_device|p=0.25|novel,trivial_pr_auc,0.030834508609424438,0.00029986819450558656
oov_regime,geo_device|p=0.25|novel,trivial_top1pct_tp,17.4,4.841487374764082
oov_regime,geo_device|p=0.25|novel,trivial_top1pct_precision,0.03445544554455445,0.009587103712404121
oov_regime,geo_device|p=0.25|novel,two_stage_roc_auc,0.9585310120000001,0.003890069511041678
oov_regime,geo_device|p=0.25|novel,two_stage_pr_auc,0.4332564360809618,0.04849585514382929
oov_regime,geo_device|p=0.25|novel,two_stage_top1pct_tp,223.2,20.65332902948094
oov_regime,geo_device|p=0.25|novel,two_stage_top1pct_precision,0.44198019801980204,0.04089768124649691
oov_regime,geo_device|p=0.25|novel,lik_best_roc_auc,0.780543096,0.0022108094288708284
oov_regime,geo_device|p=0.25|novel,lik_best_pr_auc,0.020675204434303214,0.0001975474950716343
oov_regime,geo_device|p=0.25|novel,lik_best_top1pct_tp,3.8,1.7204650534085253
oov_regime,geo_device|p=0.25|novel,lik_best_top1pct_precision,0.0075247524752475245,0.00340686149189807
oov_regime,geo_device|p=0.25,delta_mp_minus_likbest_roc_point,0.14751802800000002,0.008833927423913772
oov_regime,geo_device|p=0.25,delta_mp_minus_likbest_roc_ci_lower_min,0.12347034475779095,
oov_regime,geo_device|p=0.25,delta_mp_minus_likbest_pr_point,0.22636644446158294,0.05692724043535722
oov_regime,geo_device|p=0.25,delta_mp_minus_likbest_pr_ci_lower_min,0.10352234325283133,
oov_regime,geo_device|p=0.25,delta_mp_minus_nosub_roc_point,-0.002338320000000027,0.008199321583672632
oov_regime,geo_device|p=0.25,delta_mp_minus_nosub_pr_point,-0.10411879301555811,0.036174036509804365
oov_regime,geo_device|p=0.50|spoof_k1,lik_lam0.5_roc_auc,0.615872916,0.00824358708620857
oov_regime,geo_device|p=0.50|spoof_k1,lik_lam0.5_pr_auc,0.012083819974444217,0.000439696911307301
oov_regime,geo_device|p=0.50|spoof_k1,lik_lam0.5_top1pct_tp,2.2,2.039607805437114
oov_regime,geo_device|p=0.50|spoof_k1,lik_lam0.5_top1pct_precision,0.004356435643564356,0.004038827337499235
oov_regime,geo_device|p=0.50|spoof_k1,lik_lam0.9_roc_auc,0.621615012,0.007779947432733463
oov_regime,geo_device|p=0.50|spoof_k1,lik_lam0.9_pr_auc,0.012211551511230715,0.0004371596527137188
oov_regime,geo_device|p=0.50|spoof_k1,lik_lam0.9_top1pct_tp,2.2,2.039607805437114
oov_regime,geo_device|p=0.50|spoof_k1,lik_lam0.9_top1pct_precision,0.004356435643564356,0.004038827337499235
oov_regime,geo_device|p=0.50|spoof_k1,lik_lam1.0_roc_auc,0.62244974,0.007807525185655174
oov_regime,geo_device|p=0.50|spoof_k1,lik_lam1.0_pr_auc,0.01223329234698496,0.0004488837843194092
oov_regime,geo_device|p=0.50|spoof_k1,lik_lam1.0_top1pct_tp,1.8,1.6
oov_regime,geo_device|p=0.50|spoof_k1,lik_lam1.0_top1pct_precision,0.003564356435643565,0.003168316831683168
oov_regime,geo_device|p=0.50|spoof_k1,mp_nosub_roc_auc,0.822296984,0.01095617280784779
oov_regime,geo_device|p=0.50|spoof_k1,mp_nosub_pr_auc,0.19871892164661467,0.052444154286085794
oov_regime,geo_device|p=0.50|spoof_k1,mp_nosub_top1pct_tp,94.8,30.029319006597532
oov_regime,geo_device|p=0.50|spoof_k1,mp_nosub_top1pct_precision,0.18772277227722772,0.05946399803286641
oov_regime,geo_device|p=0.50|spoof_k1,mp_raw_roc_auc,0.81648766,0.013822790401460925
oov_regime,geo_device|p=0.50|spoof_k1,mp_raw_pr_auc,0.09831352863620896,0.021386642282397294
oov_regime,geo_device|p=0.50|spoof_k1,mp_raw_top1pct_tp,84.0,18.033302526159762
oov_regime,geo_device|p=0.50|spoof_k1,mp_raw_top1pct_precision,0.16633663366336635,0.0357095099527916
oov_regime,geo_device|p=0.50|spoof_k1,trivial_roc_auc,0.726056,0.0035707063726943492
oov_regime,geo_device|p=0.50|spoof_k1,trivial_pr_auc,0.0179839231235396,0.00018735403636041244
oov_regime,geo_device|p=0.50|spoof_k1,trivial_top1pct_tp,9.0,3.286335345030997
oov_regime,geo_device|p=0.50|spoof_k1,trivial_top1pct_precision,0.01782178217821782,0.006507594742635637
oov_regime,geo_device|p=0.50|spoof_k1,two_stage_roc_auc,0.8169652599999999,0.01420172589374688
oov_regime,geo_device|p=0.50|spoof_k1,two_stage_pr_auc,0.09688632574296688,0.020701816540328082
oov_regime,geo_device|p=0.50|spoof_k1,two_stage_top1pct_tp,82.6,17.23484841824842
oov_regime,geo_device|p=0.50|spoof_k1,two_stage_top1pct_precision,0.16356435643564357,0.034128412709402804
oov_regime,geo_device|p=0.50|spoof_k1,lik_best_roc_auc,0.62244974,0.007807525185655174
oov_regime,geo_device|p=0.50|spoof_k1,lik_best_pr_auc,0.01223329234698496,0.0004488837843194092
oov_regime,geo_device|p=0.50|spoof_k1,lik_best_top1pct_tp,1.8,1.6
oov_regime,geo_device|p=0.50|spoof_k1,lik_best_top1pct_precision,0.003564356435643565,0.003168316831683168
oov_regime,geo_device|p=0.50|spoof_k2,lik_lam0.5_roc_auc,0.6142114519999999,0.005145901302319762
oov_regime,geo_device|p=0.50|spoof_k2,lik_lam0.5_pr_auc,0.011937672679900424,0.0002810368859603926
oov_regime,geo_device|p=0.50|spoof_k2,lik_lam0.5_top1pct_tp,2.4,2.0591260281974
oov_regime,geo_device|p=0.50|spoof_k2,lik_lam0.5_top1pct_precision,0.004752475247524752,0.004077477283559208
oov_regime,geo_device|p=0.50|spoof_k2,lik_lam0.9_roc_auc,0.617030548,0.004656414139392681
oov_regime,geo_device|p=0.50|spoof_k2,lik_lam0.9_pr_auc,0.011996284581849157,0.0002512161309069947
oov_regime,geo_device|p=0.50|spoof_k2,lik_lam0.9_top1pct_tp,2.4,2.0591260281974
oov_regime,geo_device|p=0.50|spoof_k2,lik_lam0.9_top1pct_precision,0.004752475247524752,0.004077477283559208
oov_regime,geo_device|p=0.50|spoof_k2,lik_lam1.0_roc_auc,0.61723628,0.004615611913512658
oov_regime,geo_device|p=0.50|spoof_k2,lik_lam1.0_pr_auc,0.01199528433471955,0.000249934995606339
oov_regime,geo_device|p=0.50|spoof_k2,lik_lam1.0_top1pct_tp,2.2,1.9390719429665317
oov_regime,geo_device|p=0.50|spoof_k2,lik_lam1.0_top1pct_precision,0.004356435643564356,0.003839746421715904
oov_regime,geo_device|p=0.50|spoof_k2,mp_nosub_roc_auc,0.8458866200000001,0.008480656780707503
oov_regime,geo_device|p=0.50|spoof_k2,mp_nosub_pr_auc,0.3048018761413661,0.06996096926153272
oov_regime,geo_device|p=0.50|spoof_k2,mp_nosub_top1pct_tp,147.0,33.015148038438355
oov_regime,geo_device|p=0.50|spoof_k2,mp_nosub_top1pct_precision,0.29108910891089107,0.06537653076918487
oov_regime,geo_device|p=0.50|spoof_k2,mp_raw_roc_auc,0.9012946640000001,0.006186621585161328
oov_regime,geo_device|p=0.50|spoof_k2,mp_raw_pr_auc,0.22469616429503053,0.05600688506549188
oov_regime,geo_device|p=0.50|spoof_k2,mp_raw_top1pct_tp,133.0,19.8292712927127
oov_regime,geo_device|p=0.50|spoof_k2,mp_raw_top1pct_precision,0.2633663366336634,0.03926588374794594
oov_regime,geo_device|p=0.50|spoof_k2,trivial_roc_auc,0.7237680000000001,0.0028819257450531308
oov_regime,geo_device|p=0.50|spoof_k2,trivial_pr_auc,0.017867025900104104,0.00015384667620291657
oov_regime,geo_device|p=0.50|spoof_k2,trivial_top1pct_tp,9.0,2.898275349237888
oov_regime,geo_device|p=0.50|spoof_k2,trivial_top1pct_precision,0.01782178217821782,0.005739159107401757
oov_regime,geo_device|p=0.50|spoof_k2,two_stage_roc_auc,0.894012856,0.004183905576533008
oov_regime,geo_device|p=0.50|spoof_k2,two_stage_pr_auc,0.21754903327359437,0.05234865356901205
oov_regime,geo_device|p=0.50|spoof_k2,two_stage_top1pct_tp,129.6,18.83188785013335
oov_regime,geo_device|p=0.50|spoof_k2,two_stage_top1pct_precision,0.25663366336633664,0.03729086702996702
oov_regime,geo_device|p=0.50|spoof_k2,lik_best_roc_auc,0.61723628,0.004615611913512658
oov_regime,geo_device|p=0.50|spoof_k2,lik_best_pr_auc,0.01199528433471955,0.000249934995606339
oov_regime,geo_device|p=0.50|spoof_k2,lik_best_top1pct_tp,2.2,1.9390719429665317
oov_regime,geo_device|p=0.50|spoof_k2,lik_best_top1pct_precision,0.004356435643564356,0.003839746421715904
oov_regime,geo_device|p=0.50|novel,lik_lam0.5_roc_auc,0.622102624,0.004519797227547298
oov_regime,geo_device|p=0.50|novel,lik_lam0.5_pr_auc,0.012231830490083966,0.0002508471563418663
oov_regime,geo_device|p=0.50|novel,lik_lam0.5_top1pct_tp,3.0,2.0976176963403033
oov_regime,geo_device|p=0.50|novel,lik_lam0.5_top1pct_precision,0.005940594059405941,0.00415369840859466
oov_regime,geo_device|p=0.50|novel,lik_lam0.9_roc_auc,0.6247884559999999,0.00435294776730253
oov_regime,geo_device|p=0.50|novel,lik_lam0.9_pr_auc,0.012318885948167218,0.00024213473598271176
oov_regime,geo_device|p=0.50|novel,lik_lam0.9_top1pct_tp,3.0,2.0976176963403033
oov_regime,geo_device|p=0.50|novel,lik_lam0.9_top1pct_precision,0.005940594059405941,0.00415369840859466
oov_regime,geo_device|p=0.50|novel,lik_lam1.0_roc_auc,0.6250492839999999,0.004332256337243213
oov_regime,geo_device|p=0.50|novel,lik_lam1.0_pr_auc,0.01231678511733542,0.0002465321891172369
oov_regime,geo_device|p=0.50|novel,lik_lam1.0_top1pct_tp,3.2,2.1354156504062622
oov_regime,geo_device|p=0.50|novel,lik_lam1.0_top1pct_precision,0.006336633663366337,0.004228545842388638
oov_regime,geo_device|p=0.50|novel,mp_nosub_roc_auc,0.848564204,0.006813717408057383
oov_regime,geo_device|p=0.50|novel,mp_nosub_pr_auc,0.3234958141423581,0.05129062642568379
oov_regime,geo_device|p=0.50|novel,mp_nosub_top1pct_tp,153.6,25.30296425322535
oov_regime,geo_device|p=0.50|novel,mp_nosub_top1pct_precision,0.30415841584158415,0.050104879709357134
oov_regime,geo_device|p=0.50|novel,mp_raw_roc_auc,0.9036594679999999,0.008567414575785129
oov_regime,geo_device|p=0.50|novel,mp_raw_pr_auc,0.23498787390562556,0.041992418817668735
oov_regime,geo_device|p=0.50|novel,mp_raw_top1pct_tp,149.8,13.317657451669191
oov_regime,geo_device|p=0.50|novel,mp_raw_top1pct_precision,0.2966336633663367,0.026371598914196426
oov_regime,geo_device|p=0.50|novel,trivial_roc_auc,0.7249180000000001,0.0024421908197354535
oov_regime,geo_device|p=0.50|novel,trivial_pr_auc,0.01792539009651401,0.00012888958419528425
oov_regime,geo_device|p=0.50|novel,trivial_top1pct_tp,8.8,3.3105890714493698
oov_regime,geo_device|p=0.50|novel,trivial_top1pct_precision,0.017425742574257424,0.006555621923662118
oov_regime,geo_device|p=0.50|novel,two_stage_roc_auc,0.8974913640000001,0.008615822000347023
oov_regime,geo_device|p=0.50|novel,two_stage_pr_auc,0.22815923379664166,0.03842114684438389
oov_regime,geo_device|p=0.50|novel,two_stage_top1pct_tp,146.0,12.946041866145807
oov_regime,geo_device|p=0.50|novel,two_stage_top1pct_precision,0.28910891089108914,0.025635726467615458
oov_regime,geo_device|p=0.50|novel,lik_best_roc_auc,0.6250492839999999,0.004332256337243213
oov_regime,geo_device|p=0.50|novel,lik_best_pr_auc,0.01231678511733542,0.0002465321891172369
oov_regime,geo_device|p=0.50|novel,lik_best_top1pct_tp,3.2,2.1354156504062622
oov_regime,geo_device|p=0.50|novel,lik_best_top1pct_precision,0.006336633663366337,0.004228545842388638
oov_regime,geo_device|p=0.50,delta_mp_minus_likbest_roc_point,0.19403792000000003,0.017491551545172918
oov_regime,geo_device|p=0.50,delta_mp_minus_likbest_roc_ci_lower_min,0.144046991051229,
oov_regime,geo_device|p=0.50,delta_mp_minus_likbest_pr_point,0.08608023628922398,0.021317274697828383
oov_regime,geo_device|p=0.50,delta_mp_minus_likbest_pr_ci_lower_min,0.03437448502496176,
oov_regime,geo_device|p=0.50,delta_mp_minus_nosub_roc_point,-0.00580932399999996,0.011434102486820022
oov_regime,geo_device|p=0.50,delta_mp_minus_nosub_pr_point,-0.10040539301040571,0.03621919791710354
oov_regime,geo_device|p=0.75|spoof_k1,lik_lam0.5_roc_auc,0.526719248,0.00670871124776259
oov_regime,geo_device|p=0.75|spoof_k1,lik_lam0.5_pr_auc,0.01017015088235485,0.0003604906062738968
oov_regime,geo_device|p=0.75|spoof_k1,lik_lam0.5_top1pct_tp,2.6,3.0724582991474434
oov_regime,geo_device|p=0.75|spoof_k1,lik_lam0.5_top1pct_precision,0.005148514851485149,0.006084075839895927
oov_regime,geo_device|p=0.75|spoof_k1,lik_lam0.9_roc_auc,0.5280584079999999,0.0068735378071511045
oov_regime,geo_device|p=0.75|spoof_k1,lik_lam0.9_pr_auc,0.010161297123331112,0.0003444129407762798
oov_regime,geo_device|p=0.75|spoof_k1,lik_lam0.9_top1pct_tp,2.0,3.03315017762062
oov_regime,geo_device|p=0.75|spoof_k1,lik_lam0.9_top1pct_precision,0.003960396039603961,0.006006237975486377
oov_regime,geo_device|p=0.75|spoof_k1,lik_lam1.0_roc_auc,0.5282403280000001,0.0069079815478225
oov_regime,geo_device|p=0.75|spoof_k1,lik_lam1.0_pr_auc,0.010157276038690323,0.00034593491219790104
oov_regime,geo_device|p=0.75|spoof_k1,lik_lam1.0_top1pct_tp,1.4,1.8547236990991407
oov_regime,geo_device|p=0.75|spoof_k1,lik_lam1.0_top1pct_precision,0.002772277227722772,0.0036727201962359225
oov_regime,geo_device|p=0.75|spoof_k1,mp_nosub_roc_auc,0.676670076,0.005402076738801832
oov_regime,geo_device|p=0.75|spoof_k1,mp_nosub_pr_auc,0.08885013316612807,0.030878139414922987
oov_regime,geo_device|p=0.75|spoof_k1,mp_nosub_top1pct_tp,49.0,16.994116628998402
oov_regime,geo_device|p=0.75|spoof_k1,mp_nosub_top1pct_precision,0.09702970297029703,0.03365171609702654
oov_regime,geo_device|p=0.75|spoof_k1,mp_raw_roc_auc,0.6705556199999999,0.015121938095098795
oov_regime,geo_device|p=0.75|spoof_k1,mp_raw_pr_auc,0.03462892741224437,0.007199435865567195
oov_regime,geo_device|p=0.75|spoof_k1,mp_raw_top1pct_tp,36.8,11.160645142642965
oov_regime,geo_device|p=0.75|spoof_k1,mp_raw_top1pct_precision,0.07287128712871288,0.022100287411174188
oov_regime,geo_device|p=0.75|spoof_k1,trivial_roc_auc,0.61399,0.0007078700445703264
oov_regime,geo_device|p=0.75|spoof_k1,trivial_pr_auc,0.012791150411980862,2.221607670135675e-05
oov_regime,geo_device|p=0.75|spoof_k1,trivial_top1pct_tp,6.2,2.925747767665559
oov_regime,geo_device|p=0.75|spoof_k1,trivial_top1pct_precision,0.012269400853128793,0.005783406544399254
oov_regime,geo_device|p=0.75|spoof_k1,two_stage_roc_auc,0.6709629799999999,0.015672324440939866
oov_regime,geo_device|p=0.75|spoof_k1,two_stage_pr_auc,0.03409377540411644,0.007166473691004884
oov_regime,geo_device|p=0.75|spoof_k1,two_stage_top1pct_tp,35.8,10.703270528207721
oov_regime,geo_device|p=0.75|spoof_k1,two_stage_top1pct_precision,0.0708910891089109,0.021194595105361827
oov_regime,geo_device|p=0.75|spoof_k1,lik_best_roc_auc,0.5282403280000001,0.0069079815478225
oov_regime,geo_device|p=0.75|spoof_k1,lik_best_pr_auc,0.010157276038690323,0.00034593491219790104
oov_regime,geo_device|p=0.75|spoof_k1,lik_best_top1pct_tp,1.4,1.8547236990991407
oov_regime,geo_device|p=0.75|spoof_k1,lik_best_top1pct_precision,0.002772277227722772,0.0036727201962359225
oov_regime,geo_device|p=0.75|spoof_k2,lik_lam0.5_roc_auc,0.521094028,0.005019951283199464
oov_regime,geo_device|p=0.75|spoof_k2,lik_lam0.5_pr_auc,0.009991370607676898,0.0002498097140404095
oov_regime,geo_device|p=0.75|spoof_k2,lik_lam0.5_top1pct_tp,1.6,1.4966629547095767
oov_regime,geo_device|p=0.75|spoof_k2,lik_lam0.5_top1pct_precision,0.0031683168316831685,0.0029636890192268842
oov_regime,geo_device|p=0.75|spoof_k2,lik_lam0.9_roc_auc,0.521699876,0.005152711977394396
oov_regime,geo_device|p=0.75|spoof_k2,lik_lam0.9_pr_auc,0.009992447252734146,0.00025055143904900945
oov_regime,geo_device|p=0.75|spoof_k2,lik_lam0.9_top1pct_tp,1.2,1.5999999999999999
oov_regime,geo_device|p=0.75|spoof_k2,lik_lam0.9_top1pct_precision,0.002376237623762376,0.003168316831683168
oov_regime,geo_device|p=0.75|spoof_k2,lik_lam1.0_roc_auc,0.522001316,0.00465672152198778
oov_regime,geo_device|p=0.75|spoof_k2,lik_lam1.0_pr_auc,0.009996346705245084,0.00024082292901220526
oov_regime,geo_device|p=0.75|spoof_k2,lik_lam1.0_top1pct_tp,1.0,1.2649110640673518
oov_regime,geo_device|p=0.75|spoof_k2,lik_lam1.0_top1pct_precision,0.0019801980198019802,0.0025047743842917854
oov_regime,geo_device|p=0.75|spoof_k2,mp_nosub_roc_auc,0.697179272,0.003906448152859059
oov_regime,geo_device|p=0.75|spoof_k2,mp_nosub_pr_auc,0.14894179723768952,0.04101397176646538
oov_regime,geo_device|p=0.75|spoof_k2,mp_nosub_top1pct_tp,78.8,17.209299811439163
oov_regime,geo_device|p=0.75|spoof_k2,mp_nosub_top1pct_precision,0.15603960396039604,0.03407782140879042
oov_regime,geo_device|p=0.75|spoof_k2,mp_raw_roc_auc,0.8197592799999999,0.00989043488429503
oov_regime,geo_device|p=0.75|spoof_k2,mp_raw_pr_auc,0.10666836671935895,0.035178890046896845
oov_regime,geo_device|p=0.75|spoof_k2,mp_raw_top1pct_tp,78.4,15.907231060118539
oov_regime,geo_device|p=0.75|spoof_k2,mp_raw_top1pct_precision,0.15524752475247525,0.031499467445779285
oov_regime,geo_device|p=0.75|spoof_k2,trivial_roc_auc,0.612256,0.001727803229537417
oov_regime,geo_device|p=0.75|spoof_k2,trivial_pr_auc,0.012734667660483114,5.3106077620865426e-05
oov_regime,geo_device|p=0.75|spoof_k2,trivial_top1pct_tp,6.0,2.898275349237888
oov_regime,geo_device|p=0.75|spoof_k2,trivial_top1pct_precision,0.011881188118811883,0.005739159107401758
oov_regime,geo_device|p=0.75|spoof_k2,two_stage_roc_auc,0.817340304,0.009009690000344312
oov_regime,geo_device|p=0.75|spoof_k2,two_stage_pr_auc,0.1040153639754006,0.03418857583832116
oov_regime,geo_device|p=0.75|spoof_k2,two_stage_top1pct_tp,77.2,16.31441080762649
oov_regime,geo_device|p=0.75|spoof_k2,two_stage_top1pct_precision,0.15287128712871287,0.032305763975498
oov_regime,geo_device|p=0.75|spoof_k2,lik_best_roc_auc,0.522001316,0.00465672152198778
oov_regime,geo_device|p=0.75|spoof_k2,lik_best_pr_auc,0.009996346705245084,0.00024082292901220526
oov_regime,geo_device|p=0.75|spoof_k2,lik_best_top1pct_tp,1.0,1.2649110640673518
oov_regime,geo_device|p=0.75|spoof_k2,lik_best_top1pct_precision,0.0019801980198019802,0.0025047743842917854
oov_regime,geo_device|p=0.75|novel,lik_lam0.5_roc_auc,0.5181536720000001,0.010763943434036416
oov_regime,geo_device|p=0.75|novel,lik_lam0.5_pr_auc,0.009955540569191217,0.00021826677415315833
oov_regime,geo_device|p=0.75|novel,lik_lam0.5_top1pct_tp,3.0,2.1908902300206643
oov_regime,geo_device|p=0.75|novel,lik_lam0.5_top1pct_precision,0.005940594059405941,0.004338396495090424
oov_regime,geo_device|p=0.75|novel,lik_lam0.9_roc_auc,0.518934952,0.0107596407680822
oov_regime,geo_device|p=0.75|novel,lik_lam0.9_pr_auc,0.009961018633269283,0.00022711767281078692
oov_regime,geo_device|p=0.75|novel,lik_lam0.9_top1pct_tp,3.0,2.1908902300206643
oov_regime,geo_device|p=0.75|novel,lik_lam0.9_top1pct_precision,0.005940594059405941,0.004338396495090424
oov_regime,geo_device|p=0.75|novel,lik_lam1.0_roc_auc,0.5190231000000001,0.010759218027518539
oov_regime,geo_device|p=0.75|novel,lik_lam1.0_pr_auc,0.009939737682360446,0.00023605042686337396
oov_regime,geo_device|p=0.75|novel,lik_lam1.0_top1pct_tp,2.8,1.8330302779823362
oov_regime,geo_device|p=0.75|novel,lik_lam1.0_top1pct_precision,0.005544554455445545,0.0036297629266976955
oov_regime,geo_device|p=0.75|novel,mp_nosub_roc_auc,0.70481358,0.005244972971186791
oov_regime,geo_device|p=0.75|novel,mp_nosub_pr_auc,0.15413555886283184,0.027821752853854846
oov_regime,geo_device|p=0.75|novel,mp_nosub_top1pct_tp,76.8,12.319090875547595
oov_regime,geo_device|p=0.75|novel,mp_nosub_top1pct_precision,0.15207920792079208,0.024394239357519987
oov_regime,geo_device|p=0.75|novel,mp_raw_roc_auc,0.824254196,0.011373831787624777
oov_regime,geo_device|p=0.75|novel,mp_raw_pr_auc,0.10244139672346071,0.020549003690833664
oov_regime,geo_device|p=0.75|novel,mp_raw_top1pct_tp,78.6,3.1368774282716245
oov_regime,geo_device|p=0.75|novel,mp_raw_top1pct_precision,0.15564356435643564,0.006211638471825004
oov_regime,geo_device|p=0.75|novel,trivial_roc_auc,0.613646,0.0012945980071049047
oov_regime,geo_device|p=0.75|novel,trivial_pr_auc,0.012779311522437909,4.223122599855281e-05
oov_regime,geo_device|p=0.75|novel,trivial_top1pct_tp,6.0,3.286335345030997
oov_regime,geo_device|p=0.75|novel,trivial_top1pct_precision,0.011881188118811881,0.006507594742635637
oov_regime,geo_device|p=0.75|novel,two_stage_roc_auc,0.8228680799999999,0.011719186429093082
oov_regime,geo_device|p=0.75|novel,two_stage_pr_auc,0.10130338421704783,0.019573163504613696
oov_regime,geo_device|p=0.75|novel,two_stage_top1pct_tp,77.8,2.85657137141714
oov_regime,geo_device|p=0.75|novel,two_stage_top1pct_precision,0.15405940594059406,0.0056565769731032525
oov_regime,geo_device|p=0.75|novel,lik_best_roc_auc,0.5190231000000001,0.010759218027518539
oov_regime,geo_device|p=0.75|novel,lik_best_pr_auc,0.009939737682360446,0.00023605042686337396
oov_regime,geo_device|p=0.75|novel,lik_best_top1pct_tp,2.8,1.8330302779823362
oov_regime,geo_device|p=0.75|novel,lik_best_top1pct_precision,0.005544554455445545,0.0036297629266976955
oov_regime,geo_device|p=0.75,delta_mp_minus_likbest_roc_point,0.142315292,0.020836831137405157
oov_regime,geo_device|p=0.75,delta_mp_minus_likbest_roc_ci_lower_min,0.08435439726920115,
oov_regime,geo_device|p=0.75,delta_mp_minus_likbest_pr_point,0.02447165137355405,0.007098802649207298
oov_regime,geo_device|p=0.75,delta_mp_minus_likbest_pr_ci_lower_min,0.01001220901774447,
oov_regime,geo_device|p=0.75,delta_mp_minus_nosub_roc_point,-0.006114456000000046,0.01401341984264745
oov_regime,geo_device|p=0.75,delta_mp_minus_nosub_pr_point,-0.054221205753883686,0.0285168665132654
oov_regime,geo_device|p=1.00|spoof_k1,lik_lam0.5_roc_auc,0.4835341200000001,0.011415164718110684
oov_regime,geo_device|p=1.00|spoof_k1,lik_lam0.5_pr_auc,0.009493569236360846,0.00042561416780252583
oov_regime,geo_device|p=1.00|spoof_k1,lik_lam0.5_top1pct_tp,2.0,2.449489742783178
oov_regime,geo_device|p=1.00|spoof_k1,lik_lam0.5_top1pct_precision,0.0039603960396039604,0.004850474738184511
oov_regime,geo_device|p=1.00|spoof_k1,lik_lam0.9_roc_auc,0.48351236000000003,0.011429020383672377
oov_regime,geo_device|p=1.00|spoof_k1,lik_lam0.9_pr_auc,0.00946588163651671,0.00042748820434176737
oov_regime,geo_device|p=1.00|spoof_k1,lik_lam0.9_top1pct_tp,1.0,2.0
oov_regime,geo_device|p=1.00|spoof_k1,lik_lam0.9_top1pct_precision,0.0019801980198019802,0.0039603960396039604
oov_regime,geo_device|p=1.00|spoof_k1,lik_lam1.0_roc_auc,0.48349191999999996,0.011435003225080419
oov_regime,geo_device|p=1.00|spoof_k1,lik_lam1.0_pr_auc,0.009459791352369308,0.0004368494987342055
oov_regime,geo_device|p=1.00|spoof_k1,lik_lam1.0_top1pct_tp,0.6,1.2
oov_regime,geo_device|p=1.00|spoof_k1,lik_lam1.0_top1pct_precision,0.001188118811881188,0.002376237623762376
oov_regime,geo_device|p=1.00|spoof_k1,mp_nosub_roc_auc,0.4989054599999999,0.0018215530369440152
oov_regime,geo_device|p=1.00|spoof_k1,mp_nosub_pr_auc,0.009887498300337577,6.720949294310921e-05
oov_regime,geo_device|p=1.00|spoof_k1,mp_nosub_top1pct_tp,6.0,2.0
oov_regime,geo_device|p=1.00|spoof_k1,mp_nosub_top1pct_precision,0.011881188118811881,0.0039603960396039604
oov_regime,geo_device|p=1.00|spoof_k1,mp_raw_roc_auc,0.49723649600000003,0.021458661516467033
oov_regime,geo_device|p=1.00|spoof_k1,mp_raw_pr_auc,0.009680506841398023,0.0006911221547018594
oov_regime,geo_device|p=1.00|spoof_k1,mp_raw_top1pct_tp,3.6,3.8781438859330635
oov_regime,geo_device|p=1.00|spoof_k1,mp_raw_top1pct_precision,0.00712871287128713,0.007679492843431808
oov_regime,geo_device|p=1.00|spoof_k1,trivial_roc_auc,0.5,0.0
oov_regime,geo_device|p=1.00|spoof_k1,trivial_pr_auc,0.009900990099009901,0.0
oov_regime,geo_device|p=1.00|spoof_k1,trivial_top1pct_tp,4.8,2.3151673805580453
oov_regime,geo_device|p=1.00|spoof_k1,trivial_top1pct_precision,0.009504950495049505,0.004584489862491178
oov_regime,geo_device|p=1.00|spoof_k1,two_stage_roc_auc,0.49723649600000003,0.021458661516467033
oov_regime,geo_device|p=1.00|spoof_k1,two_stage_pr_auc,0.009680506841398023,0.0006911221547018594
oov_regime,geo_device|p=1.00|spoof_k1,two_stage_top1pct_tp,3.6,3.8781438859330635
oov_regime,geo_device|p=1.00|spoof_k1,two_stage_top1pct_precision,0.00712871287128713,0.007679492843431808
oov_regime,geo_device|p=1.00|spoof_k1,lik_best_roc_auc,0.48349191999999996,0.011435003225080419
oov_regime,geo_device|p=1.00|spoof_k1,lik_best_pr_auc,0.009459791352369308,0.0004368494987342055
oov_regime,geo_device|p=1.00|spoof_k1,lik_best_top1pct_tp,0.6,1.2
oov_regime,geo_device|p=1.00|spoof_k1,lik_best_top1pct_precision,0.001188118811881188,0.002376237623762376
oov_regime,geo_device|p=1.00|spoof_k2,lik_lam0.5_roc_auc,0.4835341200000001,0.011415164718110684
oov_regime,geo_device|p=1.00|spoof_k2,lik_lam0.5_pr_auc,0.009493569236360846,0.00042561416780252583
oov_regime,geo_device|p=1.00|spoof_k2,lik_lam0.5_top1pct_tp,2.0,2.449489742783178
oov_regime,geo_device|p=1.00|spoof_k2,lik_lam0.5_top1pct_precision,0.0039603960396039604,0.004850474738184511
oov_regime,geo_device|p=1.00|spoof_k2,lik_lam0.9_roc_auc,0.48351236000000003,0.011429020383672377
oov_regime,geo_device|p=1.00|spoof_k2,lik_lam0.9_pr_auc,0.00946588163651671,0.00042748820434176737
oov_regime,geo_device|p=1.00|spoof_k2,lik_lam0.9_top1pct_tp,1.0,2.0
oov_regime,geo_device|p=1.00|spoof_k2,lik_lam0.9_top1pct_precision,0.0019801980198019802,0.0039603960396039604
oov_regime,geo_device|p=1.00|spoof_k2,lik_lam1.0_roc_auc,0.48349191999999996,0.011435003225080419
oov_regime,geo_device|p=1.00|spoof_k2,lik_lam1.0_pr_auc,0.009459791352369308,0.0004368494987342055
oov_regime,geo_device|p=1.00|spoof_k2,lik_lam1.0_top1pct_tp,0.6,1.2
oov_regime,geo_device|p=1.00|spoof_k2,lik_lam1.0_top1pct_precision,0.001188118811881188,0.002376237623762376
oov_regime,geo_device|p=1.00|spoof_k2,mp_nosub_roc_auc,0.4989054599999999,0.0018215530369440152
oov_regime,geo_device|p=1.00|spoof_k2,mp_nosub_pr_auc,0.009887498300337577,6.720949294310921e-05
oov_regime,geo_device|p=1.00|spoof_k2,mp_nosub_top1pct_tp,6.0,2.0
oov_regime,geo_device|p=1.00|spoof_k2,mp_nosub_top1pct_precision,0.011881188118811881,0.0039603960396039604
oov_regime,geo_device|p=1.00|spoof_k2,mp_raw_roc_auc,0.7098467759999999,0.017753205259731092
oov_regime,geo_device|p=1.00|spoof_k2,mp_raw_pr_auc,0.024067511466588032,0.0016407317339847303
oov_regime,geo_device|p=1.00|spoof_k2,mp_raw_top1pct_tp,19.4,2.244994432064365
oov_regime,geo_device|p=1.00|spoof_k2,mp_raw_top1pct_precision,0.03841584158415842,0.004445533528840327
oov_regime,geo_device|p=1.00|spoof_k2,trivial_roc_auc,0.5,0.0
oov_regime,geo_device|p=1.00|spoof_k2,trivial_pr_auc,0.009900990099009901,0.0
oov_regime,geo_device|p=1.00|spoof_k2,trivial_top1pct_tp,4.8,2.3151673805580453
oov_regime,geo_device|p=1.00|spoof_k2,trivial_top1pct_precision,0.009504950495049505,0.004584489862491178
oov_regime,geo_device|p=1.00|spoof_k2,two_stage_roc_auc,0.7098467759999999,0.017753205259731092
oov_regime,geo_device|p=1.00|spoof_k2,two_stage_pr_auc,0.024067511466588032,0.0016407317339847303
oov_regime,geo_device|p=1.00|spoof_k2,two_stage_top1pct_tp,19.4,2.244994432064365
oov_regime,geo_device|p=1.00|spoof_k2,two_stage_top1pct_precision,0.03841584158415842,0.004445533528840327
oov_regime,geo_device|p=1.00|spoof_k2,lik_best_roc_auc,0.48349191999999996,0.011435003225080419
oov_regime,geo_device|p=1.00|spoof_k2,lik_best_pr_auc,0.009459791352369308,0.0004368494987342055
oov_regime,geo_device|p=1.00|spoof_k2,lik_best_top1pct_tp,0.6,1.2
oov_regime,geo_device|p=1.00|spoof_k2,lik_best_top1pct_precision,0.001188118811881188,0.002376237623762376
oov_regime,geo_device|p=1.00|novel,lik_lam0.5_roc_auc,0.492991652,0.002770503753229016
oov_regime,geo_device|p=1.00|novel,lik_lam0.5_pr_auc,0.009649045599374007,0.0001548858434253323
oov_regime,geo_device|p=1.00|novel,lik_lam0.5_top1pct_tp,3.4,2.0591260281974
oov_regime,geo_device|p=1.00|novel,lik_lam0.5_top1pct_precision,0.0067326732673267334,0.004077477283559208
oov_regime,geo_device|p=1.00|novel,lik_lam0.9_roc_auc,0.49299039600000005,0.002766211890203655
oov_regime,geo_device|p=1.00|novel,lik_lam0.9_pr_auc,0.009644387011929477,0.0001458818078970161
oov_regime,geo_device|p=1.00|novel,lik_lam0.9_top1pct_tp,3.0,1.4142135623730951
oov_regime,geo_device|p=1.00|novel,lik_lam0.9_top1pct_precision,0.005940594059405941,0.002800422895788307
oov_regime,geo_device|p=1.00|novel,lik_lam1.0_roc_auc,0.492988732,0.002759400759544728
oov_regime,geo_device|p=1.00|novel,lik_lam1.0_pr_auc,0.009629900676576326,0.00013228910515398665
oov_regime,geo_device|p=1.00|novel,lik_lam1.0_top1pct_tp,2.8,1.32664991614216
oov_regime,geo_device|p=1.00|novel,lik_lam1.0_top1pct_precision,0.005544554455445545,0.0026270295369151685
oov_regime,geo_device|p=1.00|novel,mp_nosub_roc_auc,0.49944345200000007,0.0006108350357469616
oov_regime,geo_device|p=1.00|novel,mp_nosub_pr_auc,0.009889964397483544,1.941344848955787e-05
oov_regime,geo_device|p=1.00|novel,mp_nosub_top1pct_tp,5.4,0.4898979485566356
oov_regime,geo_device|p=1.00|novel,mp_nosub_top1pct_precision,0.010693069306930694,0.0009700949476369023
oov_regime,geo_device|p=1.00|novel,mp_raw_roc_auc,0.7175939760000001,0.016613734299969537
oov_regime,geo_device|p=1.00|novel,mp_raw_pr_auc,0.023822677220994147,0.002198726743599605
oov_regime,geo_device|p=1.00|novel,mp_raw_top1pct_tp,16.6,2.9393876913398134
oov_regime,geo_device|p=1.00|novel,mp_raw_top1pct_precision,0.03287128712871287,0.005820569685821414
oov_regime,geo_device|p=1.00|novel,trivial_roc_auc,0.5,0.0
oov_regime,geo_device|p=1.00|novel,trivial_pr_auc,0.009900990099009901,0.0
oov_regime,geo_device|p=1.00|novel,trivial_top1pct_tp,4.8,2.3151673805580453
oov_regime,geo_device|p=1.00|novel,trivial_top1pct_precision,0.009504950495049505,0.004584489862491178
oov_regime,geo_device|p=1.00|novel,two_stage_roc_auc,0.7175939760000001,0.016613734299969537
oov_regime,geo_device|p=1.00|novel,two_stage_pr_auc,0.023822677220994147,0.002198726743599605
oov_regime,geo_device|p=1.00|novel,two_stage_top1pct_tp,16.6,2.9393876913398134
oov_regime,geo_device|p=1.00|novel,two_stage_top1pct_precision,0.03287128712871287,0.005820569685821414
oov_regime,geo_device|p=1.00|novel,lik_best_roc_auc,0.492988732,0.002759400759544728
oov_regime,geo_device|p=1.00|novel,lik_best_pr_auc,0.009629900676576326,0.00013228910515398665
oov_regime,geo_device|p=1.00|novel,lik_best_top1pct_tp,2.8,1.32664991614216
oov_regime,geo_device|p=1.00|novel,lik_best_top1pct_precision,0.005544554455445545,0.0026270295369151685
oov_regime,geo_device|p=1.00,delta_mp_minus_likbest_roc_point,0.013744575999999998,0.030526345839470247
oov_regime,geo_device|p=1.00,delta_mp_minus_likbest_roc_ci_lower_min,-0.051639488379729516,
oov_regime,geo_device|p=1.00,delta_mp_minus_likbest_pr_point,0.00022071548902871524,0.001020310732918883
oov_regime,geo_device|p=1.00,delta_mp_minus_likbest_pr_ci_lower_min,-0.0018666878714079457,
oov_regime,geo_device|p=1.00,delta_mp_minus_nosub_roc_point,-0.001668963999999984,0.022643144652177233
oov_regime,geo_device|p=1.00,delta_mp_minus_nosub_pr_point,-0.00020699145893955488,0.0007294881290962055
oov_regime,attribution|same_feature_region|p=0.00,roc,0.0,0.0
oov_regime,attribution|same_feature_region|p=0.00,pr,0.0,0.0
oov_regime,attribution|same_feature_region|p=0.10,roc,0.000866184000000092,0.0006554476617885456
oov_regime,attribution|same_feature_region|p=0.10,pr,0.04543774613112529,0.021493047761155206
oov_regime,attribution|same_feature_region|p=0.25,roc,0.0031113720000000454,0.0009261539528695469
oov_regime,attribution|same_feature_region|p=0.25,pr,0.10590647718089194,0.0365289853119237
oov_regime,attribution|same_feature_region|p=0.50,roc,0.006852139999999962,0.0023780988056513043
oov_regime,attribution|same_feature_region|p=0.50,pr,0.16795050849463924,0.05904770769506988
oov_regime,attribution|same_feature_region|p=0.75,roc,0.012372656000000083,0.005192868337177831
oov_regime,attribution|same_feature_region|p=0.75,pr,0.235350414373445,0.0770350793839652
oov_regime,attribution|same_feature_region|p=1.00,roc,0.016442231999999966,0.0050483608205373265
oov_regime,attribution|same_feature_region|p=1.00,pr,0.2741197618216459,0.0911706227426564
